{"options":{"awareOfChrome":false,"check_for_updates":true,"comment":null,"compat_arrayleft":false,"compat_foreach":false,"compat_forvarin":false,"compat_metadata":false,"compat_uW_gmonkey":false,"compat_wrappedjsobject":false,"compatopts_for_requires":true,"noframes":null,"override":{"merge_connects":true,"merge_excludes":true,"merge_includes":true,"merge_matches":true,"orig_excludes":[],"orig_includes":[],"orig_matches":["*://*.v2ex.com/*"],"orig_noframes":null,"orig_run_at":"document-idle","use_blockers":[],"use_connects":[],"use_excludes":[],"use_includes":[],"use_matches":[]},"run_at":null},"settings":{"enabled":true,"position":2},"meta":{"name":"V2EX链接移除楼层标签锚","uuid":"6404375b-eca5-4a82-9c6d-55c392c667d7","modified":1574559867046,"file_url":"https://greasyfork.org/scripts/375440-v2ex%E9%93%BE%E6%8E%A5%E7%A7%BB%E9%99%A4%E6%A5%BC%E5%B1%82%E6%A0%87%E7%AD%BE%E9%94%9A/code/V2EX%E9%93%BE%E6%8E%A5%E7%A7%BB%E9%99%A4%E6%A5%BC%E5%B1%82%E6%A0%87%E7%AD%BE%E9%94%9A.user.js"}}