{"options":{"awareOfChrome":false,"check_for_updates":true,"comment":null,"compat_arrayleft":false,"compat_foreach":false,"compat_forvarin":false,"compat_metadata":false,"compat_uW_gmonkey":false,"compat_wrappedjsobject":true,"compatopts_for_requires":true,"noframes":null,"override":{"merge_connects":true,"merge_excludes":true,"merge_includes":true,"merge_matches":true,"orig_excludes":["https://weibo.com/a/bind/*","https://weibo.com/nguide/*","https://weibo.com/"],"orig_includes":["https://www.weibo.com/*","https://weibo.com/*","https://d.weibo.com/*","https://s.weibo.com/*"],"orig_matches":[],"orig_noframes":null,"orig_run_at":"document-start","use_blockers":[],"use_connects":[],"use_excludes":[],"use_includes":[],"use_matches":[]},"run_at":null},"settings":{"enabled":true,"position":5},"meta":{"name":"Yet Another Weibo Filter","uuid":"3df087eb-dd86-4cf0-b20b-d26977e3887f","modified":1562034043283,"file_url":"https://greasyfork.org/scripts/3249-yet-another-weibo-filter/code/Yet%20Another%20Weibo%20Filter.user.js"}}