{"data":{"debug":"bfalse","extent":"bfalse","long_weibo_cache":"s{\"4437862281822883\":{\"html\":\" 迪士尼新流媒体平台Disney+曝光漫威新剧<a target=\\\"_blank\\\" render=\\\"ext\\\" suda-uatrack=\\\"key=topic_click&value=click_topic\\\" class=\\\"a_topic\\\" extra-data=\\\"type=topic\\\" href=\\\"//s.weibo.com/weibo?q=%23%E7%8C%8E%E9%B9%B0%E4%B8%8E%E5%86%AC%E5%85%B5%23&from=default\\\">#猎鹰与冬兵#</a>概念设计图，猎鹰、冬兵、13号特工、泽莫的新造型，不少漫画致敬。该剧新角色“美国特工”也亮相，他由Wyatt Russell饰演。预计是因史蒂夫·罗杰斯衰老，美国政府想推出美国队长代餐，于是有了美国特工，有传言称他是该剧反派。<br><br>《猎鹰与冬兵》已经开拍，共6集，将于明年8月上线Disney+。聚焦《复仇者联盟4》之后，成为了美国队长的Sam和开始了新生活的Bucky，麻烦依然会上门。Kari Skogland(《使女的故事》)执导，Derek Kolstad(《疾速追杀》)等编剧。\",\"count\":234,\"br\":2},\"4437862172733049\":{\"html\":\" 【数据智能驱动数字经济新浪潮，打飞的来听双院士烧脑演讲】<br>11月9日上午，杭州市委组织部（人才办）、杭州发布经济和信息化局主办，36氪策划推出的“数据智能新浪潮”2019国际数字经济人才杭州论坛，吸引了300名企业观众参与。<br><br>出席本次论坛的杭州市人民政府副秘书长詹国平说，“以数据智能新浪潮为主题，探讨智联时代的未来场景，（杭州）将为各界精英人士提供一个政产学研用交流融合的平台，以科技资源带动各种生产要素和创新资源的集聚”。<br><br>详情请阅读： <a  suda-uatrack=\\\"key=tblog_card&value=click_title:4437862172733049:1022-article:1022%3A2309404437862174032011:getlongtext:1750070171:4437862172733049:1750070171\\\" title=\\\"数据智能驱动数字经济新浪潮，打飞的来听双院...\\\" href=\\\"http://t.cn/AirfFW2A\\\" alt=\\\"http://t.cn/AirfFW2A\\\" action-type=\\\"feed_list_url\\\" target=\\\"_blank\\\" rel=\\\"noopener noreferrer\\\"><i class=\\\"W_ficon ficon_cd_longwb\\\">&#xb0;</i>数据智能驱动数字经济新浪潮，打飞的来听双院...</a>\",\"count\":235,\"br\":5},\"4437861971907306\":{\"html\":\" 【<a target=\\\"_blank\\\" render=\\\"ext\\\" suda-uatrack=\\\"key=topic_click&value=click_topic\\\" class=\\\"a_topic\\\" extra-data=\\\"type=topic\\\" href=\\\"//s.weibo.com/weibo?q=%23%E7%8D%90%E5%AD%90%E5%B2%9B%E8%91%A3%E4%BA%8B%E9%95%BF%E7%A7%B0%E6%89%87%E8%B4%9D%E6%98%AF%E5%88%9A%E6%AD%BB%E7%9A%84%23&from=default\\\">#獐子岛董事长称扇贝是刚死的#</a>：鉴定专家还在路上<img class=\\\"W_img_face\\\" render=\\\"ext\\\" src=\\\"//img.t.sinajs.cn/t4/appstyle/expression/ext/normal/a1/2018new_doge02_org.png\\\" title=\\\"[doge]\\\" alt=    \\\"[doge]\\\" type=\\\"face\\\" />】<a target=\\\"_blank\\\" render=\\\"ext\\\" suda-uatrack=\\\"key=topic_click&value=click_topic\\\" class=\\\"a_topic\\\" extra-data=\\\"type=topic\\\" href=\\\"//s.weibo.com/weibo?q=%23%E7%8D%90%E5%AD%90%E5%B2%9B%E7%9A%84%E6%89%87%E8%B4%9D%E5%8F%88%E5%8F%8C%E5%8F%92%E8%B7%91%E4%BA%86%23&from=default\\\">#獐子岛的扇贝又双叒跑了#</a> 吴厚刚对记者称，从此次对扇贝亩产情况的抽查来看，扇贝的死亡率在90%以上，目前还在继续抽查中。问到具体的原因，吴厚刚称专家还在路上，死亡原因要由专家来判断和表达。从过往情况和经验来看，很多种原因会导致死亡。吴厚刚称，从抽查的情况来看，扇贝是刚死的，判断依据是软体组织还附着在扇贝壳上。<a target=\\\"_blank\\\" render=\\\"ext\\\" extra-data=\\\"type=atname\\\" href=\\\"//weibo.com/n/%E7%BB%8F%E6%B5%8E%E8%A7%82%E5%AF%9F%E6%8A%A5?from=feed&loc=at\\\" usercard=\\\"name=经济观察报\\\">@经济观察报</a><a  title=\\\"独家 | 獐子岛董事长回应：扇贝是刚死的\\\" href=\\\"http://t.cn/AirfgdAU\\\" alt=\\\"http://t.cn/AirfgdAU\\\" action-type=\\\"feed_list_url\\\" target=\\\"_blank\\\" rel=\\\"noopener noreferrer\\\"><i class=\\\"W_ficon ficon_cd_link\\\">O</i>独家 | 獐子岛董事长回应：扇贝是刚死的</a>\",\"count\":203,\"br\":0},\"4437861950586770\":{\"html\":\" 【冠军自带惯性，荣耀双十一再次卫冕】在过往双十一中屡获佳绩的荣耀，一次又一次打破记录，自从首次得了冠军之后便如同开挂一样停不下来。2019年双十一落下帷幕，荣耀再次卫冕，并不断刷新去年创造的成绩。官方数据显示，荣耀夺得天猫+京东+苏宁易购手机品类当日及累计销量冠军，实现全平台领跑。 2019年双十一全能冠军成绩再创新高，不知道明年的荣耀是否还会维持惯性连续夺冠？\",\"count\":177,\"br\":0},\"4437861950339427\":{\"html\":\" 【香港警方谴责“三罢”：暴徒不可能用极端行为吓怕香港】连续两日的所谓“三罢(罢工、罢课、罢市)”行动严重扰乱了香港的社会秩序，警察公共关系科高级警司(媒体联络及传讯)江永祥12日下午在警方记者会上批评称，暴徒的行为导致社会接近失控，令市民生活在惶恐之中，“这种试图瘫痪香港的行为完全是损人不利己。”<br>但是，警方指出，这种极端手段是不会得逞的，详情请看（环球时报-环球网报道 赴香港特派记者 成仲 白云怡 赵雨） ↓↓<br><a  suda-uatrack=\\\"key=tblog_card&value=click_title:4437861950339427:3000000001-webpage:3000000001%3A8a6a822a51f16232aecbe33f96b01c2c\\\" title=\\\"香港警方谴责“三罢”：暴徒不可能用极端行为吓...\\\" href=\\\"http://t.cn/AirfmTkD\\\" alt=\\\"http://t.cn/AirfmTkD\\\" action-type=\\\"feed_list_url\\\" target=\\\"_blank\\\" rel=\\\"noopener noreferrer\\\"><i class=\\\"W_ficon ficon_cd_link\\\">O</i>香港警方谴责“三罢”：暴徒不可能用极端行为吓...</a>\",\"count\":226,\"br\":2},\"4437861925629516\":{\"html\":\" 【传WeWork有意聘用T-Mobile CEO出任新任CEO】消息人士透露，共享办公空间创业公司WeWork正在与T-Mobile美国公司CEO约翰·莱杰尔（John Legere）进行谈判，有意让他接任该公司CEO一职。几周以前，日本软银集团斥资逾100亿美元收购WeWork股权。WeWork尚未就此消息置评。<a  suda-uatrack=\\\"key=tblog_card&value=click_title:4437861925629516:2026736001-webpage:2026736001%3Acomos%3Aihnzhfy8584548\\\" title=\\\"传WeWork有意聘用T-Mobile CEO出任新任CEO\\\" href=\\\"http://feed.mix.sina.com.cn/link_card/redirect?url=https%3A%2F%2Fcj.sina.cn%2Farticle%2Fnorm_detail%3Furl%3Dhttps%253A%252F%252Ftech.sina.com.cn%252Fi%252F2019-11-12%252Fdoc-iihnzhfy8584548.shtml\\\" alt=\\\"http://feed.mix.sina.com.cn/link_card/redirect?url=https%3A%2F%2Fcj.sina.cn%2Farticle%2Fnorm_detail%3Furl%3Dhttps%253A%252F%252Ftech.sina.com.cn%252Fi%252F2019-11-12%252Fdoc-iihnzhfy8584548.shtml\\\" action-type=\\\"feed_list_url\\\" target=\\\"_blank\\\" rel=\\\"noopener noreferrer\\\"><i class=\\\"W_ficon ficon_cd_link\\\">O</i>传WeWork有意聘用T-Mobile CEO出任新任CEO</a> ​ via: <a target=\\\"_blank\\\" render=\\\"ext\\\" extra-data=\\\"type=atname\\\" href=\\\"//weibo.com/n/%E6%96%B0%E6%B5%AA%E7%A7%91%E6%8A%80?from=feed&loc=at\\\" usercard=\\\"name=新浪科技\\\">@新浪科技</a>\",\"count\":154,\"br\":0},\"4437861870498329\":{\"html\":\" 【香港暴徒挥西方国旗，美国小哥: 他们根本不懂西方】香港暴乱持续近五个月，不少暴徒在现场肆无忌惮地挥舞美国，英国等西方国家国旗，并高喊 “港独”口号。11月11日，美国小哥<a target=\\\"_blank\\\" render=\\\"ext\\\" extra-data=\\\"type=atname\\\" href=\\\"//weibo.com/n/NathanRich%E7%81%AB%E9%94%85%E5%A4%A7%E7%8E%8B?from=feed&loc=at\\\" usercard=\\\"name=NathanRich火锅大王\\\">@NathanRich火锅大王</a> 批评香港暴徒举着美国国旗，却根本不懂西方。Nathan 指出，香港暴徒拒绝真相，用臆想出的内容诬陷香港警方。同等情况下在美国你将被枪杀或逮捕入狱，香港暴徒应该看看。<a  suda-uatrack=\\\"key=tblog_card&value=click_title:4437861870498329:1034-video:1034%3A4437481244806921:getlongtext:1640601392:4437861870498329:1640601392\\\" title=\\\"NathanRich火锅大王的微博视频\\\" href=\\\"http://t.cn/AirbVRjI\\\" alt=\\\"http://t.cn/AirbVRjI\\\" action-type=\\\"feed_list_url\\\" target=\\\"_blank\\\" rel=\\\"noopener noreferrer\\\"><i class=\\\"W_ficon ficon_cd_video\\\">L</i>NathanRich火锅大王的微博视频</a>\",\"count\":186,\"br\":0},\"4437862202176343\":{\"html\":\" 【真的不用靠抖了！专家：<a target=\\\"_blank\\\" render=\\\"ext\\\" suda-uatrack=\\\"key=topic_click&value=click_topic\\\" class=\\\"a_topic\\\" extra-data=\\\"type=topic\\\" href=\\\"//s.weibo.com/weibo?q=%23%E5%8D%97%E6%96%B9%E9%9B%86%E4%B8%AD%E4%BE%9B%E6%9A%96%E6%8A%80%E6%9C%AF%E4%B8%8A%E5%B7%B2%E6%88%90%E7%86%9F%23&from=default\\\">#南方集中供暖技术上已成熟#</a> 】让南方百姓也能温暖过冬，关键在因地制宜，方法科学合理灵活。中国城市规划设计研究院原副院长谢映霞说，南方城市建筑未考虑保温节能，供热建筑能耗大，大规模实行供热，耗资巨大；而南方室内外温差比北方小，住户之间供暖需求差异大，更适合采用分散式供暖。她说，在城市人口集中区域小区内，可以探索集中统一供暖。但对于一些市政集中供暖管道无法到达的小区，更适合分布式能源集中供暖。<br>多位专家表示，有需要、有条件的城市可通过市场杠杆，“撬动”集中供暖。（新华网）\",\"count\":247,\"br\":1},\"4437861862583967\":{\"html\":\" <a target=\\\"_blank\\\" render=\\\"ext\\\" suda-uatrack=\\\"key=topic_click&value=click_topic\\\" class=\\\"a_topic\\\" extra-data=\\\"type=topic\\\" href=\\\"//s.weibo.com/weibo?q=%23%E5%A4%A9%E7%8C%AB%E5%9B%9E%E5%BA%94%E5%8F%8C11%E6%95%B0%E6%8D%AE%E9%80%A0%E5%81%87%E4%BC%A0%E9%97%BB%23&from=default\\\">#天猫回应双11数据造假传闻#</a>【网友质疑双11数据造假？ 天猫：造谣要负法律责任】针对“网友质疑天猫双11数据造假”一事，天猫相关负责人回应称，“按照网友的逻辑，符合统计趋势的就是假的。那么，世界经济总量也是能被预测的，经济发展也是假的吗？自己YY下满足自嗨就算了，由此得出天猫双11数据造假，就是造谣了哦，要负法律责任的！”今天凌晨，天猫<a target=\\\"_blank\\\" render=\\\"ext\\\" suda-uatrack=\\\"key=topic_click&value=click_topic\\\" class=\\\"a_topic\\\" extra-data=\\\"type=topic\\\" href=\\\"//s.weibo.com/weibo?q=%23%E5%8F%8C%E5%8D%81%E4%B8%80%E6%80%BB%E6%88%90%E4%BA%A4%E9%A2%9D2684%E4%BA%BF%23&from=default\\\">#双十一总成交额2684亿#</a> ，成功刷新了自己创下的商业纪录。<a target=\\\"_blank\\\" render=\\\"ext\\\" suda-uatrack=\\\"key=topic_click&value=click_topic\\\" class=\\\"a_topic\\\" extra-data=\\\"type=topic\\\" href=\\\"//s.weibo.com/weibo?q=%23%E5%A4%A9%E7%8C%AB%E5%90%A6%E8%AE%A4%E5%8F%8C11%E6%95%B0%E6%8D%AE%E9%80%A0%E5%81%87%23&from=default\\\">#天猫否认双11数据造假#</a>&nbsp;&nbsp;<a  suda-uatrack=\\\"key=tblog_card&value=click_title:4437861862583967:2026736001-webpage:2026736001%3Acomos%3Aihnzhfy8749747\\\" title=\\\"网友质疑双11数据造假？ 天猫：造谣要负法律...\\\" href=\\\"http://feed.mix.sina.com.cn/link_card/redirect?url=https%3A%2F%2Fcj.sina.cn%2Farticle%2Fnorm_detail%3Furl%3Dhttps%253A%252F%252Ftech.sina.com.cn%252Fi%252F2019-11-12%252Fdoc-iihnzhfy8749747.shtml\\\" alt=\\\"http://feed.mix.sina.com.cn/link_card/redirect?url=https%3A%2F%2Fcj.sina.cn%2Farticle%2Fnorm_detail%3Furl%3Dhttps%253A%252F%252Ftech.sina.com.cn%252Fi%252F2019-11-12%252Fdoc-iihnzhfy8749747.shtml\\\" action-type=\\\"feed_list_url\\\" target=\\\"_blank\\\" rel=\\\"noopener noreferrer\\\"><i class=\\\"W_ficon ficon_cd_link\\\">O</i>网友质疑双11数据造假？ 天猫：造谣要负法律...</a>\",\"count\":226,\"br\":0},\"4437861841254704\":{\"html\":\" <a target=\\\"_blank\\\" render=\\\"ext\\\" suda-uatrack=\\\"key=topic_click&value=click_topic\\\" class=\\\"a_topic\\\" extra-data=\\\"type=topic\\\" href=\\\"//s.weibo.com/weibo?q=%23%E4%B9%B0%E4%BF%9D%E9%99%A9%E4%B8%8D%E7%94%A8%E6%8F%90%E4%BE%9B%E5%9F%BA%E5%9B%A0%E6%A3%80%E6%B5%8B%E8%B5%84%E6%96%99%23&from=default\\\">#买保险不用提供基因检测资料#</a>【银保监会：保险公司不得非法搜集基因检测资料】近年，保险公司买保险送基因检测产品盛行，由于引发安全性担忧，基因检测“联姻”保险一直存在争议。对这一现象，银保监会12日发布的《健康保险管理办法》进行明确规定，保险公司销售健康保险产品，不得非法搜集、获取被保险人除家族遗传病史之外的遗传信息、基因检测资料；也不得要求投保人、被保险人或者受益人提供上述信息。保险公司不得以被保险人家族遗传病史之外的遗传信息、基因检测资料作为核保条件。（程春雨）\",\"count\":233,\"br\":0},\"4437864794417052\":{\"html\":\" 不得不提的人，曾宪梓。报销国家，落实到位，最好的捐款方式莫过文物、自然、贫困地区和教育，其中又以教育为首。<br>曾老在圆明园的雕像建于今年5月24日，只可惜老人家没机会亲临了。<br>从上世纪70年代末开始，曾老先后捐资逾1400项次，累计金额超过12亿港元，为国家教育、航天、体育、科技、医疗与社会公益事业发展做出了突出贡献。在中国著名高校共计有38座宪梓楼，先后资助超过3万名优秀大学生。1993年曾宪梓先生捐赠800万元，支持修复圆明园17公里围墙，深刻诠释了先生深厚的爱国主义情怀。今年9月21日，曾老仙逝于梅州老家。<br>“爱国主义自古以来就流淌在中华民族血脉之中，去不掉，打不破，灭不了。”<br><br><a target=\\\"_blank\\\" render=\\\"ext\\\" suda-uatrack=\\\"key=topic_click&value=click_topic\\\" class=\\\"a_topic\\\" extra-data=\\\"type=topic\\\" href=\\\"//s.weibo.com/weibo?q=%23%E6%9B%BE%E5%AE%AA%E6%A2%93%23&from=default\\\">#曾宪梓#</a> <a target=\\\"_blank\\\" render=\\\"ext\\\" extra-data=\\\"type=atname\\\" href=\\\"//weibo.com/n/JBO%E7%AB%9E%E5%8D%9A%E4%BD%93%E8%82%B2?from=feed&loc=at\\\" usercard=\\\"name=JBO竞博体育\\\">@JBO竞博体育</a> <a target=\\\"_blank\\\" render=\\\"ext\\\" suda-uatrack=\\\"key=topic_click&value=click_topic\\\" class=\\\"a_topic\\\" extra-data=\\\"type=topic\\\" href=\\\"//s.weibo.com/weibo?q=%23%E9%87%91%E5%88%A9%E6%9D%A5%E5%88%9B%E5%8A%9E%E4%BA%BA%E6%9B%BE%E5%AE%AA%E6%A2%93%E5%8E%BB%E4%B8%96%23&from=default\\\">#金利来创办人曾宪梓去世#</a>\",\"count\":302,\"br\":5},\"4437864475839371\":{\"html\":\" 【<a target=\\\"_blank\\\" render=\\\"ext\\\" suda-uatrack=\\\"key=topic_click&value=click_topic\\\" class=\\\"a_topic\\\" extra-data=\\\"type=topic\\\" href=\\\"//s.weibo.com/weibo?q=%232019%E8%B5%9B%E5%AD%A3%E7%94%B0%E5%BE%84%E7%9B%98%E7%82%B9%23&from=default\\\">#2019赛季田径盘点#</a> 女子200米 巴哈马飞人21秒74创四年来世界最快】2019赛季，女子200米项目，只有巴哈马选手米勒、英国名将阿舍·史密斯两个人打开22秒大关。8月钻石联赛总决赛，米勒逆风跑出21秒74、刷新个人最佳，创造了该项目自2015年之后的世界最好成绩！10月世界田径锦标赛，阿舍·史密斯跑出21秒88夺得冠军、排名世界第二位。牙买加名将汤普森以22秒00的成绩位列年度世界第三位......2019赛季女子200米世界十佳速度还有谁，一起重温—— <a target=\\\"_blank\\\" render=\\\"ext\\\" suda-uatrack=\\\"key=topic_click&value=click_topic\\\" class=\\\"a_topic\\\" extra-data=\\\"type=topic\\\" href=\\\"//s.weibo.com/weibo?q=%23%E5%85%B3%E6%B3%A8%E4%B8%96%E7%95%8C%E7%94%B0%E5%BE%84%23&from=default\\\">#关注世界田径#</a> <a  suda-uatrack=\\\"key=tblog_card&value=click_title:4437864475839371:1034-video:1034%3A4437854084866443:getlongtext:5607299835:4437864475839371:5607299835\\\" title=\\\"中国国家田径队的微博视频\\\" href=\\\"http://t.cn/AirIPWYV\\\" alt=\\\"http://t.cn/AirIPWYV\\\" action-type=\\\"feed_list_url\\\" target=\\\"_blank\\\" rel=\\\"noopener noreferrer\\\"><i class=\\\"W_ficon ficon_cd_video\\\">L</i>中国国家田径队的微博视频</a>\",\"count\":227,\"br\":0},\"4437863460623309\":{\"html\":\" 【《体谈》预告：突如其来的伤病，怎么防？】伤病在运动场上很难避免，而突如其来的伤病，更是令人头疼。体侧、训练，甚至是冰敷，都有可能成为出现突发伤病的原因。今晚22:00的《体谈》，主持人郭强与三位嘉宾，将与您一同聊一聊，面对突如其来的伤病，运动员们应该如何防范的话题。<a  suda-uatrack=\\\"key=tblog_card&value=click_title:4437863460623309:2237621002-video:2237621002%3A01b18dcb8fd940d340b309442a5d23f5:getlongtext:2993049293:4437863460623309:2993049293\\\" title=\\\"11月12日《体谈》预告：突如其来的伤病，怎么...\\\" href=\\\"http://t.cn/AirIvfdw\\\" alt=\\\"http://t.cn/AirIvfdw\\\" action-type=\\\"feed_list_url\\\" target=\\\"_blank\\\" rel=\\\"noopener noreferrer\\\"><i class=\\\"W_ficon ficon_cd_video\\\">L</i>11月12日《体谈》预告：突如其来的伤病，怎么...</a>\",\"count\":155,\"br\":0},\"4437864471042355\":{\"html\":\" <a target=\\\"_blank\\\" render=\\\"ext\\\" extra-data=\\\"type=atname\\\" href=\\\"//weibo.com/n/%E8%81%94%E5%90%88%E5%9B%BD%E7%B2%AE%E5%86%9C%E7%BB%84%E7%BB%87?from=feed&loc=at\\\" usercard=\\\"name=联合国粮农组织\\\">@联合国粮农组织</a> 今天启动新项目，改善有关森林和土地使用情况变化的数据监测和报告，帮助各国尤其是发展中国家，采取适当的<a target=\\\"_blank\\\" render=\\\"ext\\\" suda-uatrack=\\\"key=topic_click&value=click_topic\\\" class=\\\"a_topic\\\" extra-data=\\\"type=topic\\\" href=\\\"//s.weibo.com/weibo?q=%23%E6%B0%94%E5%80%99%E5%8F%98%E5%8C%96%23&from=default\\\">#气候变化#</a> 缓和及适应措施，实现<a target=\\\"_blank\\\" render=\\\"ext\\\" suda-uatrack=\\\"key=topic_click&value=click_topic\\\" class=\\\"a_topic\\\" extra-data=\\\"type=topic\\\" href=\\\"//s.weibo.com/weibo?q=%23%E5%B7%B4%E9%BB%8E%E5%8D%8F%E5%AE%9A%23&from=default\\\">#巴黎协定#</a> 的相关目标。粮农组织表示，该项目价值710万美元，由该组织与全球环境基金共同出资，由粮农组织全球森林资源评估和国家森林监测工作组共同实施，将直接惠及亚洲、非洲和拉丁美洲的26个目标国家，并辐射更加广泛的国家和地区。 这一为期两年的项目将升级粮农组织“全球森林资源评估”汇报平台，为各国林业人员开发在线学习课程，在亚洲、非洲以及拉丁美洲和加勒比地区组织区域和国家研讨会，帮助各国家和地区利用粮农组织与合作伙伴所开发的相关工具，提高森林管理能力。 <a suda-uatrack=\\\"key=minicard&value=pagelink_minicard_click\\\" title=\\\"网页链接\\\" href=\\\"http://t.cn/AirIPWGQ\\\" alt=\\\"http://t.cn/AirIPWGQ\\\" action-type=\\\"feed_list_url\\\" target=\\\"_blank\\\" rel=\\\"noopener noreferrer\\\"><i class=\\\"W_ficon ficon_cd_link\\\">O</i>网页链接</a>\",\"count\":303,\"br\":0},\"4437864488049905\":{\"html\":\" <a target=\\\"_blank\\\" render=\\\"ext\\\" suda-uatrack=\\\"key=topic_click&value=click_topic\\\" class=\\\"a_topic\\\" extra-data=\\\"type=topic\\\" href=\\\"//s.weibo.com/weibo?q=%23%E5%86%9B%E6%8A%A5%E5%BF%AB%E8%AE%AF%23&from=default\\\">#军报快讯#</a>【中央再拨8.3亿元支持地方应对干旱等自然灾害】记者12日从财政部获悉，为支持部分省份应对严重旱情等自然灾害，中央财政日前再次下达农业生产和水利救灾资金，共计8.3亿元。<br>　　财政部发布的公告显示，8.3亿元资金中，安排3亿元用于支持安徽、福建、江西、湖北、湖南、重庆等6省（市）做好抗旱保供水工作；安排3.05亿元用于支持安徽、江西、河南、湖北、湖南等中部5省，做好夏秋连旱地区抗旱相关工作；安排2.25亿元用于支持黑龙江、福建、广西、四川、贵州、云南、甘肃、新疆等8省（区），应对洪涝、风雹、地震、泥石流等自然灾害。<br>　　这是进入11月以来，中央财政第三次拨款支持地方应对干旱等灾害。月初，中央财政拨款一亿元，用于支持安徽、江西、湖北、湖南、重庆等5个省（市）做好抗旱救灾相关工作。7日，中央财政向山西、安徽、江西、湖北、湖南、广西、重庆7省（区、市）下拨中央救灾资金4.18亿元，其中，用于支持帮助受灾地区抗旱减灾工作2.5亿元，用于受灾群众生活救助工作1.68亿元。（新华社）\",\"count\":426,\"br\":2},\"4437864286684369\":{\"html\":\" 以11.11日为分界线，香港暴乱再上一个台阶。<br><br>香港特区暴乱是几乎所有香港年轻人意识形态完全和中国大陆对立的结果，是教育，网络，丧失话语权的结果，香港年轻人根本不把自己当中国人，失去经济优越感后的这一代人心态全崩更加剧了冲突，他们觉得自己耻于当中国人，中国人都是“支那”，是邪恶黑暗的种族，他们是为“自由”而战。\",\"count\":153,\"br\":2},\"4437863460621115\":{\"html\":\" 【赠书福利】今天给大家推荐一套经典好书《耶路撒冷三千年》<img class=\\\"W_img_face\\\" render=\\\"ext\\\" src=\\\"//img.t.sinajs.cn/t4/appstyle/expression/ext/normal/aa/2018new_bingbujiandan_org.png\\\" title=\\\"[并不简单]\\\" alt=    \\\"[并不简单]\\\" type=\\\"face\\\" />新版的耶路撒冷三千年梳理了正在中东上演的、围绕耶路撒冷展开的权利斗争和利益角逐。蒙蒂菲奥里在以色列大选后补充了这一章内容，中立细致地评析了宗教、西方宗教势力的博弈，从奥巴马到特朗普的政策变化，俄罗斯的介入，到叙利亚、以色列、巴勒斯坦、沙特阿拉伯明里暗里的较量……<br><br>另外，不同于旧版大部头， <a target=\\\"_blank\\\" render=\\\"ext\\\" extra-data=\\\"type=atname\\\" href=\\\"//weibo.com/n/%E6%B5%A6%E7%9D%BF%E6%96%87%E5%8C%96?from=feed&loc=at\\\" usercard=\\\"name=浦睿文化\\\">@浦睿文化</a> 新出的这本书被作者按时间线索分为四册，变成现在的便携本，适合通勤旅行随身携带~<br><br>转发+点赞，抽3位幸运小可爱<img class=\\\"W_img_face\\\" render=\\\"ext\\\" src=\\\"//img.t.sinajs.cn/t4/appstyle/expression/ext/normal/a1/2018new_doge02_org.png\\\" title=\\\"[doge]\\\" alt=    \\\"[doge]\\\" type=\\\"face\\\" />每人赠送一整套图书，11月19日结束~\",\"count\":245,\"br\":4},\"4437863208369070\":{\"html\":\" 【致敬！61岁的“飞行老兵”初教-6】初教-6是我国第一种自主设计制造的飞机，被誉为人民空军飞行员的“摇篮”，航天员杨利伟、歼-20飞行员白龙的“人生第一飞”都在初教-6。虽然它今年已经61岁了，但性能很扎实，而且今年有了生产许可证，不少国际飞行俱乐部都瞅准了它。为初教-6点赞！<a target=\\\"_blank\\\" render=\\\"ext\\\" suda-uatrack=\\\"key=topic_click&value=click_topic\\\" class=\\\"a_topic\\\" extra-data=\\\"type=topic\\\" href=\\\"//s.weibo.com/weibo?q=%23%E5%BA%86%E7%A5%9D%E4%BA%BA%E6%B0%91%E7%A9%BA%E5%86%9B70%E5%91%A8%E5%B9%B4%23&from=default\\\">#庆祝人民空军70周年#</a>（央视记者任泽兵 崔晨耘 设计胡雨琨） <a  suda-uatrack=\\\"key=tblog_card&value=click_title:4437863208369070:1034-video:1034%3A4437847592342294:getlongtext:6189120710:4437863208369070:6189120710\\\" title=\\\"央视军事的微博视频\\\" href=\\\"http://t.cn/AirIvv0p\\\" alt=\\\"http://t.cn/AirIvv0p\\\" action-type=\\\"feed_list_url\\\" target=\\\"_blank\\\" rel=\\\"noopener noreferrer\\\"><i class=\\\"W_ficon ficon_cd_video\\\">L</i>央视军事的微博视频</a>\",\"count\":171,\"br\":0},\"4437862575216570\":{\"html\":\" <a target=\\\"_blank\\\" render=\\\"ext\\\" suda-uatrack=\\\"key=topic_click&value=click_topic\\\" class=\\\"a_topic\\\" extra-data=\\\"type=topic\\\" href=\\\"//s.weibo.com/weibo?q=%23%E4%BA%BA%E6%B0%91%E7%A9%BA%E5%86%9B%E6%88%90%E7%AB%8B70%E5%91%A8%E5%B9%B4%23&from=default\\\">#人民空军成立70周年#</a>【赞！筚路蓝缕70年，“最强天团”华丽逆袭】70年前的今天，人民空军成立，蹒跚起步，飞机都是“万国牌”；如今，人民空军正按照“空天一体、攻防兼备”的要求，向战略性军种迈进。“只有祖国强大了，我们才走得出去，只有我们强大了，才能更好的守卫祖国！”<img class=\\\"W_img_face\\\" render=\\\"ext\\\" src=\\\"//img.t.sinajs.cn/t4/appstyle/expression/ext/normal/6d/2018new_zhongguozan_org.png\\\" title=\\\"[中国赞]\\\" alt=    \\\"[中国赞]\\\" type=\\\"face\\\" /><a target=\\\"_blank\\\" render=\\\"ext\\\" suda-uatrack=\\\"key=topic_click&value=click_topic\\\" class=\\\"a_topic\\\" extra-data=\\\"type=topic\\\" href=\\\"//s.weibo.com/weibo?q=%23%E5%88%B6%E8%83%9C%E7%A9%BA%E5%A4%A9%23&from=default\\\">#制胜空天#</a> （正午国防军事） <a  suda-uatrack=\\\"key=tblog_card&value=click_title:4437862575216570:1034-video:1034%3A4437545140843549:getlongtext:2149981442:4437862575216570:2149981442\\\" title=\\\"央视军事的微博视频\\\" href=\\\"http://t.cn/Airq5pUB\\\" alt=\\\"http://t.cn/Airq5pUB\\\" action-type=\\\"feed_list_url\\\" target=\\\"_blank\\\" rel=\\\"noopener noreferrer\\\"><i class=\\\"W_ficon ficon_cd_video\\\">L</i>央视军事的微博视频</a>\",\"count\":154,\"br\":0},\"4437699434060180\":{\"html\":\" 朱元璋当了皇帝之后，他的一个儿时玩伴前来求见，一进大殿就大礼下拜，高呼：“我主万岁，当年微臣随驾扫荡庐州府，打破罐州城。汤元帅在逃，拿住豆将军，红孩子当兵，多亏蔡将军。”朱元璋听完非常高兴，重重地予以封赏。<br> <br>消息一传出，儿时又一玩伴也来求见。金殿上见到朱元璋，他激动万分地说道：“万岁，你不记得吗？那时候咱俩都给人放牛，有一次，我们在芦苇荡里，把偷来的豆子放在瓦罐里煮着吃，还没等煮熟，大家就抢着吃，把罐子都打破了，撒下一地的豆子，汤也泼在泥地里，你只顾从地下抓豆子吃，结果把红草根卡在喉咙里，还是我的主意，叫你用一把青菜吞下，才把那红草根带进肚子里。”朱元璋听完下令拉出去斩了。<br> <br>这就是人的智商和情商。此一时彼一时，见到老同学、老朋友，要注意根据双方身份变化把言行分寸，毕竟人家已经不是和你玩尿泥的人了，不要责备对方不讲感情，如果有错，就是你的“双商”太低了。\",\"count\":381,\"br\":4}}","search_enable":"bfalse","user1645221270config":"s{\"weibo.tool.load_weibo_by_group.group\":{},\"weibo.tool.load_weibo_by_group\":false,\"weibo.tool.load_weibo_by_multi_group.count\":50,\"weibo.tool.load_weibo_by_multi_group.enabled\":false,\"weibo.tool.load_weibo_by_multi_group.clear\":\"clear\",\"weibo.tool.load_weibo_by_multi_group.whisper\":false,\"weibo.tool.load_weibo_by_multi_group\":[],\"weibo.tool.use_fast_creator\":true,\"weibo.tool.refilter\":true,\"weibo.tool.fast_block_button\":false,\"weibo.tool.block_hidden\":false,\"weibo.tool.disable_lazyload\":true,\"weibo.other.group_account\":true,\"weibo.other.group_same_account\":true,\"weibo.other.auto_load_new_weibo\":false,\"weibo.other.auto_expand.etypes\":false,\"weibo.other.auto_expand.background\":true,\"weibo.other.auto_expand\":false,\"weibo.other.desktop_notification.types\":true,\"weibo.other.desktop_notification.autohide\":true,\"weibo.other.desktop_notification.shorten\":false,\"weibo.other.desktop_notification.shortlen\":50,\"weibo.other.desktop_notification.duration\":3000,\"weibo.other.desktop_notification.durationc\":150,\"weibo.other.desktop_notification.ntypes\":false,\"weibo.other.desktop_notification\":false,\"weibo.filters.keyword.whitelist\":[],\"weibo.filters.keyword.blacklist\":[],\"weibo.filters.keyword.foldlist\":[],\"weibo.filters.regexp.whitelist\":[],\"weibo.filters.regexp.blacklist\":[],\"weibo.filters.regexp.foldlist\":[],\"weibo.content.types_mention\":false,\"weibo.content.types_topic\":false,\"weibo.content.types_stock\":false,\"weibo.content.types_linkt\":false,\"weibo.content.types_linku\":false,\"weibo.content.types_emotion\":false,\"weibo.filters.account.whitelist\":[],\"weibo.filters.account.blacklist\":[],\"weibo.filters.account.foldlist\":[],\"weibo.filters.accountf.blacklist\":[],\"weibo.filters.accountf.foldlist\":[],\"weibo.original.blacklist_d\":true,\"weibo.filters.original.whitelist\":[],\"weibo.filters.original.blacklist\":[],\"weibo.filters.original.foldlist\":[],\"weibo.original.by_follower.enabled\":false,\"weibo.original.by_follower.fans\":10,\"weibo.original.by_follower\":[],\"weibo.filters.mention.whitelist\":[],\"weibo.filters.mention.blacklist\":[],\"weibo.filters.mention.foldlist\":[],\"weibo.filters.topic.whitelist\":[],\"weibo.filters.topic.blacklist\":[],\"weibo.filters.topic.foldlist\":[],\"weibo.filters.rtopic.whitelist\":[],\"weibo.filters.rtopic.blacklist\":[],\"weibo.filters.rtopic.foldlist\":[],\"weibo.filters.source.whitelist\":[],\"weibo.filters.source.blacklist\":[],\"weibo.filters.source.foldlist\":[],\"weibo.filters.hyperlink.whitelist\":[],\"weibo.filters.hyperlink.blacklist\":[],\"weibo.filters.hyperlink.foldlist\":[],\"weibo.filters.linktitle.whitelist\":[],\"weibo.filters.linktitle.blacklist\":[],\"weibo.filters.linktitle.foldlist\":[],\"weibo.other.my_weibo\":false,\"weibo.other.my_original\":false,\"weibo.other.mention_me\":false,\"weibo.other.ad_feed\":true,\"weibo.other.fans_top\":true,\"weibo.other.product_card\":true,\"weibo.other.tb_tm_wb\":true,\"weibo.other.weibo_pay_gift\":true,\"weibo.other.user_like\":false,\"weibo.other.fake_weibo\":false,\"weibo.other.deleted_forward\":false,\"weibo.other.comment_and_reply\":false,\"weibo.other.vote_weibo\":false,\"weibo.other.red2014\":false,\"weibo.other.jinli_forward\":false,\"weibo.other.appitem\":false,\"weibo.other.wenda\":false,\"weibo.other.wenwodr\":false,\"weibo.other.yizhibo.type\":\"all\",\"weibo.other.yizhibo\":true,\"weibo.other.stock\":false,\"weibo.other.paid\":false,\"weibo.other.multi_topic.num\":5,\"weibo.other.multi_topic\":false,\"weibo.other.too_long\":false,\"weibo.other.wei_huati\":false,\"weibo.other.wei_qun\":false,\"weibo.other.wei_fangtan\":false,\"weibo.other.wei_gongyi\":false,\"weibo.other.unauth_source\":false,\"weibo.other.same_account.number\":5,\"weibo.other.same_account.action\":\"fold\",\"weibo.other.same_account\":false,\"weibo.other.same_forward.number\":3,\"weibo.other.same_forward.action\":\"fold\",\"weibo.other.same_forward\":false,\"weibo.filters.ckeyword.whitelist\":[],\"weibo.filters.ckeyword.blacklist\":[],\"weibo.filters.cregexp.whitelist\":[],\"weibo.filters.cregexp.blacklist\":[],\"weibo.filters.cuser.whitelist\":[],\"weibo.filters.cuser.blacklist\":[],\"weibo.filters.ctopic.whitelist\":[],\"weibo.filters.ctopic.blacklist\":[],\"weibo.comment.my_comment\":true,\"weibo.comment.emoji_count.number\":8,\"weibo.comment.emoji_count\":false,\"weibo.comment.emoji_types.number\":4,\"weibo.comment.emoji_types\":false,\"weibo.comment.no_content\":true,\"weibo.comment.with_forward\":false,\"weibo.comment.with_picture.act\":\"fold\",\"weibo.comment.with_picture\":true,\"weibo.comment.delete_comment\":false,\"weibo.layoutHideIconLevel\":false,\"weibo.layoutHideIconMember\":false,\"weibo.layoutHideIconApprove\":false,\"weibo.layoutHideIconApproveCo\":false,\"weibo.layoutHideIconApproveDead\":false,\"weibo.layoutHideIconClub\":false,\"weibo.layoutHideIconVGirl\":false,\"weibo.layoutHideIconSupervisor\":false,\"weibo.layoutHideIconTaobao\":false,\"weibo.layoutHideIconCheng\":false,\"weibo.layoutHideIconGongyi\":false,\"weibo.layoutHideIconZongyika\":false,\"weibo.layoutHideIconOther\":false,\"weibo.layoutHideFollowSingle\":false,\"weibo.layoutHideFollowAtMe\":false,\"weibo.layoutHideFollowDiscover\":false,\"weibo.layoutHideFollowWhisper\":false,\"weibo.layoutHideFollowVideo\":false,\"weibo.layoutHideFollowRecommend\":false,\"weibo.layoutHideNavLogoImg\":false,\"weibo.layoutHideNavMain\":false,\"weibo.layoutHideNavTV\":false,\"weibo.layoutHideNavHot\":false,\"weibo.layoutHideNavGame\":false,\"weibo.layoutHideNavHotSearch\":true,\"weibo.layoutHideNavNoticeNew\":false,\"weibo.layoutHideNavNew\":false,\"weibo.layoutHideNavHotTip\":false,\"weibo.layoutHideLeftHome\":false,\"weibo.layoutHideLeftFav\":false,\"weibo.layoutHideLeftLike\":false,\"weibo.layoutHideLeftHot\":false,\"weibo.layoutHideLeftTV\":false,\"weibo.layoutHideLeftFriends\":false,\"weibo.layoutHideLeftGroupToMe\":true,\"weibo.layoutHideLeftSpecial\":false,\"weibo.layoutHideLeftWhisper\":true,\"weibo.layoutHideLeftVPlus\":false,\"weibo.layoutHideLeftNew\":false,\"weibo.layoutHideLeftNews\":false,\"weibo.layoutHideLeftCount\":false,\"weibo.layoutHideMiddleRecommendedTopic\":true,\"weibo.layoutHideMiddleFeedRecommand\":false,\"weibo.layoutHideMiddleMemberTip\":true,\"weibo.layoutHideRightInfo\":true,\"weibo.layoutHideRightRecomMusicRank\":true,\"weibo.layoutHideRightHotTopic\":true,\"weibo.layoutHideRightHotTopicExpand\":true,\"weibo.layoutHideRightInterest\":true,\"weibo.layoutHideRightMember\":true,\"weibo.layoutHideRightGroups\":false,\"weibo.layoutHideRightRecomGroupUser\":true,\"weibo.layoutHideRightHongbaoRank\":true,\"weibo.layoutHideRightMovie\":true,\"weibo.layoutHideRightAttFeed\":true,\"weibo.layoutHideRightTaobaoMovie\":true,\"weibo.layoutHideRightNotice\":true,\"weibo.layoutHideWeiboRecomFeed\":false,\"weibo.layoutHideWeiboFeedOuterTip\":true,\"weibo.layoutHideWeiboFeedTip\":true,\"weibo.layoutHideWeiboGroupTip\":false,\"weibo.layoutHideWeiboVIPBackground\":true,\"weibo.layoutHideWeiboLastPic\":true,\"weibo.layoutHideWeiboPicTag\":false,\"weibo.layoutHideWeiboSonTitle\":false,\"weibo.layoutHideWeiboCard\":false,\"weibo.layoutHideWeiboArticalPay\":false,\"weibo.layoutHideWeiboTag\":false,\"weibo.layoutHideWeiboMovieTag\":false,\"weibo.layoutHideWeiboSource\":false,\"weibo.layoutHideWeiboPop\":false,\"weibo.layoutHideWeiboLike\":false,\"weibo.layoutHideWeiboLikeComment\":false,\"weibo.layoutHideWeiboLikePopup\":true,\"weibo.layoutHideWeiboForward\":false,\"weibo.layoutHideWeiboFavourite\":false,\"weibo.layoutHideWeiboPromoteOther\":false,\"weibo.layoutHideWeiboReport\":false,\"weibo.layoutHideWeiboUseCardBackground\":false,\"weibo.layoutHidePersonMoveThings\":false,\"weibo.layoutHidePersonCover\":false,\"weibo.layoutHidePersonBGImg\":true,\"weibo.layoutHidePersonBadgeIcon\":false,\"weibo.layoutHidePersonVerify\":false,\"weibo.layoutHidePersonEditPersonInfo\":false,\"weibo.layoutHidePersonStats\":false,\"weibo.layoutHidePersonMyData\":false,\"weibo.layoutHidePersonSuggestUser\":false,\"weibo.layoutHidePersonGroup\":false,\"weibo.layoutHidePersonRelation\":false,\"weibo.layoutHidePersonAlbum\":false,\"weibo.layoutHidePersonHotTopic\":false,\"weibo.layoutHidePersonHotWeibo\":false,\"weibo.layoutHidePersonUserList\":false,\"weibo.layoutHidePersonHongbao\":false,\"weibo.layoutHidePersonWenwoDr\":false,\"weibo.layoutHidePersonTimeline\":false,\"weibo.layout.pleft\":[],\"weibo.layoutHideMessagesHelp\":false,\"weibo.layoutHideMessagesFeedback\":false,\"weibo.layoutHideMessagesYoudao\":false,\"weibo.layoutHideOtherAds\":true,\"weibo.layoutHideOtherMusic\":true,\"weibo.layoutHideOtherTemplate\":true,\"weibo.layoutHideOtherHomeTip\":false,\"weibo.layoutHideOtherFooter\":true,\"weibo.layoutHideOtherWbIm\":true,\"weibo.layoutHideOtherIM\":true,\"weibo.layoutHideOtherIMNews\":false,\"weibo.layoutHideOtherTip\":false,\"weibo.layoutHideOtherRelatedWB\":false,\"weibo.layoutHideOtherRelatedVideo\":false,\"weibo.layoutHideOtherRelatedArtical\":false,\"weibo.layoutHideOtherSendWeibo\":false,\"weibo.tool.showAllMsgNav.atme\":true,\"weibo.tool.showAllMsgNav.cmt\":true,\"weibo.tool.showAllMsgNav.like\":false,\"weibo.tool.showAllMsgNav.dm\":false,\"weibo.tool.showAllMsgNav.msgbox\":false,\"weibo.tool.showAllMsgNav.group\":false,\"weibo.tool.showAllMsgNav.dmsub\":false,\"weibo.tool.showAllMsgNav\":false,\"weibo.tool.showAllGroup\":true,\"weibo.tool.mergeColumns.side\":\"right\",\"weibo.tool.mergeColumns\":true,\"weibo.tool.chose_side.side\":\"right\",\"weibo.tool.chose_side\":false,\"weibo.tool.filte_right_topic\":false,\"weibo.tool.filte_right_topic_count.number\":200,\"weibo.tool.filte_right_topic_count\":false,\"weibo.tool.right_user_list\":[],\"weibo.tool.right_user_list_notice._records\":[],\"weibo.tool.right_user_list_notice._last\":{},\"weibo.tool.right_user_list_notice\":false,\"weibo.tool.hide_nav_bar\":true,\"weibo.tool.fixedLeft\":true,\"weibo.tool.fixedRight\":false,\"weibo.tool.fixedNewFeedTip\":false,\"weibo.tool.fixedOthers\":false,\"weibo.tool.auto_unfold_weibo.count\":1020,\"weibo.tool.auto_unfold_weibo.br\":30,\"weibo.tool.auto_unfold_weibo\":true,\"weibo.tool.clear_def_topic\":true,\"weibo.tool.redirectWeibo\":true,\"weibo.tool.cardButton\":false,\"weibo.tool.viewOriginal.open\":\"image\",\"weibo.tool.viewOriginal.direct\":false,\"weibo.tool.viewOriginal.method\":\"default\",\"weibo.tool.viewOriginal.url\":\"default\",\"weibo.tool.viewOriginal\":true,\"weibo.tool.downloadImage.direct\":false,\"weibo.tool.downloadImage\":false,\"weibo.tool.noTagDialog\":true,\"weibo.tool.use_built_in_video_player.volume\":100,\"weibo.tool.use_built_in_video_player.memorize\":false,\"weibo.tool.use_built_in_video_player\":false,\"weibo.tool.pause_animated_image\":true,\"weibo.tool.disable_video_menu\":true,\"weibo.tool.replace_link\":false,\"weibo.tool.replace_image_emoji\":false,\"weibo.other.customize_source\":false,\"weibo.other.fold_child_comment\":true,\"weibo.other.comment_show_all\":false,\"weibo.tool.auto_check_following.frequency\":\"3\",\"weibo.tool.auto_check_following\":false,\"weibo.tool.auto_unfold_ttartical\":true,\"weibo.tool.uncheck_follow_presenter\":true,\"weibo.tool.fast_emoji.top\":[null,null,null,null,null,null,null,null,null,null],\"weibo.tool.fast_emoji.recent\":[null,null,null,null,null,null,null,null,null,null],\"weibo.tool.fast_emoji\":false,\"weibo.tool.disable_desktop_notification\":true,\"weibo.tool.disable_live_photo\":true,\"weibo.tool.disable_video_click_pop\":false,\"weibo.tool.no_pop_but_full_screen\":false,\"weibo.tool.video_no_auto_next\":true,\"weibo.tool.custom_font_family.wf\":\"Times\",\"weibo.tool.custom_font_family.cf\":\"中易宋体\",\"weibo.tool.custom_font_family\":false,\"weibo.tool.weibo_large_font.ratio\":\"120\",\"weibo.tool.weibo_large_font\":true,\"weibo.tool.avatar_shape.shape\":\"square\",\"weibo.tool.avatar_shape\":false,\"weibo.tool.dark_nav_bar\":false,\"weibo.tool.reorder_nav_bar\":false,\"weibo.tool.nav_hide_name.act\":\"hidden\",\"weibo.tool.nav_hide_name\":true,\"weibo.tool.width_weibo.width\":750,\"weibo.tool.width_weibo\":true,\"weibo.tool.weibo_only.width\":600,\"weibo.tool.weibo_only.key\":119,\"weibo.tool.weibo_only.switch\":false,\"weibo.tool.weibo_only._enabled\":false,\"weibo.tool.weibo_only\":false,\"weibo.tool.set_skin.skin\":\"skin054\",\"weibo.tool.set_skin\":true,\"weibo.tool.unwrapText\":false,\"weibo.tool.unwrapContent.text\":\"⏎\",\"weibo.tool.unwrapContent\":false,\"weibo.tool.image_size.repost\":false,\"weibo.tool.image_size\":false,\"weibo.tool.no_weibo_space\":false,\"weibo.tool.from_in_bottom\":false,\"weibo.tool.user_page_no_author.who\":\"all\",\"weibo.tool.user_page_no_author\":false,\"weibo.tool.hover_show_fold\":false,\"weibo.tool.fold_text.text\":\"author-reason\",\"weibo.tool.fold_text\":false,\"weibo.layout.reorder.1\":\"pop\",\"weibo.layout.reorder.2\":\"favorite\",\"weibo.layout.reorder.3\":\"forward\",\"weibo.layout.reorder.4\":\"comment\",\"weibo.layout.reorder.5\":\"like\",\"weibo.layout.reorder\":true,\"weibo.layout.cmtorder.1\":\"report\",\"weibo.layout.cmtorder.2\":\"delete\",\"weibo.layout.cmtorder.3\":\"conversition\",\"weibo.layout.cmtorder.4\":\"reply\",\"weibo.layout.cmtorder.5\":\"like\",\"weibo.layout.cmtorder\":true,\"weibo.tool.whitelist_highlight.color\":\"#dafee4\",\"weibo.tool.whitelist_highlight.transparency\":0,\"weibo.tool.whitelist_highlight\":false,\"weibo.tool.color_override.color1\":\"#f6f6f6\",\"weibo.tool.color_override.transparency1\":30,\"weibo.tool.color_override.color2\":\"#ffffff\",\"weibo.tool.color_override.transparency2\":30,\"weibo.tool.color_override.color3\":\"#ffffff\",\"weibo.tool.color_override.transparency3\":30,\"weibo.tool.color_override\":false,\"weibo.tool.userstyle\":\"\",\"weibo._yawf_version\":504,\"script.other.auto_complete\":true,\"weibo.tool.message_current_page\":false,\"weibo.tool.load_weibo_by_newest\":true,\"weibo.layoutHideLeftNewFeed\":false,\"weibo.layoutHideIconBigFun\":false,\"weibo.tool.highlight_low_reading.count\":100,\"weibo.tool.highlight_low_reading\":false}","whatsnew":"btrue"},"ts":1573553068446}