{"options":{"awareOfChrome":false,"check_for_updates":true,"comment":null,"compat_arrayleft":false,"compat_foreach":false,"compat_forvarin":false,"compat_metadata":false,"compat_uW_gmonkey":false,"compat_wrappedjsobject":false,"compatopts_for_requires":true,"noframes":null,"override":{"merge_connects":true,"merge_excludes":true,"merge_includes":true,"merge_matches":true,"orig_excludes":[],"orig_includes":[],"orig_matches":["https://movie.douban.com/subject/*"],"orig_noframes":null,"orig_run_at":"document-idle","use_blockers":[],"use_connects":[],"use_excludes":[],"use_includes":[],"use_matches":[]},"run_at":null},"settings":{"enabled":false,"position":24},"meta":{"name":"DouPlay豆瓣电影播放","uuid":"866fd333-47a8-4fea-9d78-c3ea7eb865f7","modified":1575684339796,"file_url":"https://greasyfork.org/scripts/377259-douplay%E8%B1%86%E7%93%A3%E7%94%B5%E5%BD%B1%E6%92%AD%E6%94%BE/code/DouPlay%E8%B1%86%E7%93%A3%E7%94%B5%E5%BD%B1%E6%92%AD%E6%94%BE.user.js"}}