{"action_menu_columns":"1","action_menu_scripts_hide_disabled":false,"action_menu_scripts_sort":"enabled","appearance_badge_color":"#144","appearance_badges":"running_unique","autoReload":true,"configMode":100,"editor_autoLint":true,"editor_autoLintMaxLen":"300000","editor_autoSave":false,"editor_easySave":true,"editor_electricChars":true,"editor_enabled":false,"editor_fontSize":"100","editor_highlightTrailingWhitespace":true,"editor_indentUnit":"4","editor_indentWithTabs":"spaces","editor_keyMap":"windows","editor_lineWrapping":false,"editor_linter_config":null,"editor_tabMode":"indent","editor_theme":"default","editor_trimTrailingSpacesFromModifiedLines":true,"favicon_service":"google","i18n":"zh_CN","layout":"default#light","layout_user_css":"","notification_showUpdate":"off","notification_silentScriptUpdate":false,"reset_sync":null,"scriptUpdateCheckPeriod":0,"scriptUpdateHideNotificationAfter":0,"script_blacklist_server":[{"rules":["/https?:\\/\\/userscripts\\.org\\/scripts\\/(source|version)/(102614).*\\.user\\.js/"],"severity":"2"},{"name":"SaveFrom.net helper","reason":"Shows advertisements","rules":["/https?:\\/\\/sf-addon\\.com\\/.*\\/.*\\.user\\.js/","/https?:\\/\\/.*\\.sf-helper\\.com\\/.*\\.user\\.js/"],"severity":"3"}],"statistics_enabled":false,"sync_enabled":false,"sync_type":"2"}