{"options":{"check_for_updates":true,"comment":null,"compatopts_for_requires":true,"compat_wrappedjsobject":false,"compat_metadata":false,"compat_foreach":false,"compat_arrayleft":false,"compat_uW_gmonkey":false,"compat_forvarin":false,"noframes":null,"awareOfChrome":false,"run_at":null,"override":{"use_includes":[],"orig_includes":[],"merge_includes":true,"use_matches":[],"orig_matches":["*://v.qq.com/x/*"],"merge_matches":true,"use_excludes":[],"orig_excludes":[],"merge_excludes":true,"use_connects":[],"merge_connects":true,"use_blockers":[],"orig_run_at":"document-idle","orig_noframes":null,"orig_connects":[]}},"settings":{"enabled":false,"position":32},"meta":{"name":"VIP视频新版_腾讯","uuid":"8bae13f2-d62e-4fbb-a04b-92fcc7ed820d","modified":1577793445058,"file_url":"https://greasyfork.org/scripts/394427-vip%E8%A7%86%E9%A2%91%E6%96%B0%E7%89%88-%E8%85%BE%E8%AE%AF/code/VIP%E8%A7%86%E9%A2%91%E6%96%B0%E7%89%88_%E8%85%BE%E8%AE%AF.user.js"}}