{"options":{"awareOfChrome":true,"check_for_updates":true,"comment":null,"compat_arrayleft":false,"compat_foreach":false,"compat_forvarin":false,"compat_metadata":false,"compat_prototypes":false,"compat_uW_gmonkey":false,"compat_wrappedjsobject":false,"compatopts_for_requires":true,"noframes":null,"override":{"merge_connects":true,"merge_excludes":true,"merge_includes":true,"merge_matches":true,"orig_excludes":["https://weibo.com/a/bind/*","https://account.weibo.com/*","https://kefu.weibo.com/*","https://photo.weibo.com/*","https://security.weibo.com/*","https://verified.weibo.com/*","https://vip.weibo.com/*","https://api.weibo.com/chat*"],"orig_includes":["https://weibo.com/*","https://*.weibo.com/*"],"orig_matches":["https://*.weibo.com/*"],"orig_noframes":true,"orig_run_at":"document-start","use_blockers":[],"use_connects":[],"use_excludes":[],"use_includes":[],"use_matches":[]},"run_at":null},"settings":{"enabled":false,"position":15},"meta":{"name":"Yet Another Weibo Filter","uuid":"c943411d-3a39-4162-ae14-758be68c5a2a","modified":1574560261641,"file_url":"https://greasyfork.org/scripts/3249-yet-another-weibo-filter/code/Yet%20Another%20Weibo%20Filter.user.js"}}