{"data":{"debug":"bfalse","extent":"bfalse","long_weibo_cache":"s{\"4454131911545757\":{\"html\":\" 【第十届<a target=\\\"_blank\\\" render=\\\"ext\\\" suda-uatrack=\\\"key=topic_click&value=click_topic\\\" class=\\\"a_topic\\\" extra-data=\\\"type=topic\\\" href=\\\"//s.weibo.com/weibo?q=%23%E5%A4%AE%E8%A7%86%E8%B4%A2%E7%BB%8F%E9%A6%99%E6%B8%AF%E8%AE%BA%E5%9D%9B%23&from=default\\\">#央视财经香港论坛#</a>召开，聚焦“全球经济中的中国创新】由中央广播电视总台央视财经频道、大公报、大公网共同主办的“第十届央视财经香港论坛”27日在香港举行，本届论坛的主题是“全球经济中的中国创新”。香港特别行政区行政长官林郑月娥，中宣部副部长、中央广播电视总台台长慎海雄向论坛发来视频贺词。央视财经香港论坛是中央广播电视总台央视财经频道与大公报大公网重磅打造的年度品牌盛事，累计有近百名香港全国人大代表、政协委员，超过2000多位香港各界精英人士曾出席该论坛，成为两地高层次经济对话交流的重要平台和向海外解读中国经济金融政策的权威窗口，引起海内外广泛关注。 <a  suda-uatrack=\\\"key=tblog_card&value=click_title:4454131911545757:1022-article:1022%3A2309404454131912802320:getlongtext:2258727970:4454131911545757:2258727970\\\" title=\\\"第十届央视财经香港论坛召开，聚焦“全球经济...\\\" href=\\\"http://t.cn/AiFy9zcK\\\" alt=\\\"http://t.cn/AiFy9zcK\\\" action-type=\\\"feed_list_url\\\" target=\\\"_blank\\\" rel=\\\"noopener noreferrer\\\"><i class=\\\"W_ficon ficon_cd_longwb\\\">&#xb0;</i>第十届央视财经香港论坛召开，聚焦“全球经济...</a>\",\"count\":301,\"br\":0},\"4454131907814981\":{\"html\":\" 【<img class=\\\"W_img_face\\\" render=\\\"ext\\\" src=\\\"//img.t.sinajs.cn/t4/appstyle/expression/ext/normal/48/2018new_huatong_org.png\\\" title=\\\"[话筒]\\\" alt=    \\\"[话筒]\\\" type=\\\"face\\\" />转给家长！<a target=\\\"_blank\\\" render=\\\"ext\\\" suda-uatrack=\\\"key=topic_click&value=click_topic\\\" class=\\\"a_topic\\\" extra-data=\\\"type=topic\\\" href=\\\"//s.weibo.com/weibo?q=%23%E9%80%80%E7%83%AD%E8%B4%B4%E6%97%A0%E6%B3%95%E8%BE%BE%E5%88%B0%E9%80%80%E7%83%A7%E6%95%88%E6%9E%9C%23&from=default\\\">#退热贴无法达到退烧效果#</a>】孩子感冒发烧时，很多家长都会给孩子贴退热贴。医生表示：退热贴和用凉毛巾敷脑门效果差不多，无法真正帮助退热。想要退烧，首选方法是服用退烧药，用药间隙可用温水洗澡缓解不适；如果孩子吃药咽不下去，可考虑使用栓剂，但剂量应遵医嘱用药。<a  title=\\\"央视新闻的微博视频\\\" href=\\\"http://t.cn/AiFLxzWX\\\" alt=\\\"http://t.cn/AiFLxzWX\\\" action-type=\\\"feed_list_url\\\" target=\\\"_blank\\\" rel=\\\"noopener noreferrer\\\"><i class=\\\"W_ficon ficon_cd_link\\\">O</i>央视新闻的微博视频</a>（央视）\",\"count\":146,\"br\":0},\"4454131701445848\":{\"html\":\" 【47分钟英字完整版.三季十七集连发】【S01E02:1930年代】【纪录片.Smithsonian.美国简史.彩色版.America.in.Color.S01-S03.2019】IMDB 8.0。二十世纪的美国经历惨痛与辉煌，咆哮的二零年代，三零年代经济大萧条，四零年代二战，五零年代冷战，六零年代登上世界巅峰。本片上色处理历史真实影像，回顾美国从年轻国家到世界强权的转变。<br>S01-S03全17集，A站英字+720已发<br>S01全5集，①1920②1930③1940④1950⑤1960<br>S02全6集，①狂野西部②工业巨头③有组织犯罪④娱乐时光⑤家族王朝⑥好莱坞黄金时代<br>S03全6集，①来到美国②灾难③阿拉斯加④美国制造⑤美国罪犯⑥小镇生活<br>官网简介：<br>In the first half of the 20th century, America transformed from a young country on the rise into a global superpower. It's a decisive period in our nation's history that has only been revisited in black and white...until now. Using digital colorization technology, we present over 50 vibrant years of good times and great despair, technological triumphs and natural disasters, and global villains and national heroes.&nbsp;&nbsp;<a  suda-uatrack=\\\"key=tblog_card&value=click_title:4454131701445848:1034-video:1034%3A4454126072037386:getlongtext:5643224579:4454131701445848:5643224579\\\" title=\\\"猛犸君侯的微博视频\\\" href=\\\"http://t.cn/AiFyKHNX\\\" alt=\\\"http://t.cn/AiFyKHNX\\\" action-type=\\\"feed_list_url\\\" target=\\\"_blank\\\" rel=\\\"noopener noreferrer\\\"><i class=\\\"W_ficon ficon_cd_video\\\">L</i>猛犸君侯的微博视频</a>\",\"count\":487,\"br\":6},\"4454131688816605\":{\"html\":\" 【2019年十大国内体育新闻候选：第七届军运会在武汉成功举办】第七届世界军人运动会于10月18日在中国武汉开幕，这是我国第一次承办的综合性国际军事体育赛事，也是继北京奥运会后我国举办的规模最大的国际体育盛会。本届军运会，中国人民解放军体育代表团共获得133金64银42铜，在金牌榜和奖牌榜均位列第一。 <a  title=\\\"央视体育的微博视频\\\" href=\\\"http://t.cn/AiFyKTS3\\\" alt=\\\"http://t.cn/AiFyKTS3\\\" action-type=\\\"feed_list_url\\\" target=\\\"_blank\\\" rel=\\\"noopener noreferrer\\\"><i class=\\\"W_ficon ficon_cd_link\\\">O</i>央视体育的微博视频</a>\",\"count\":153,\"br\":0},\"4454131899396101\":{\"html\":\" 【<a target=\\\"_blank\\\" render=\\\"ext\\\" suda-uatrack=\\\"key=topic_click&value=click_topic\\\" class=\\\"a_topic\\\" extra-data=\\\"type=topic\\\" href=\\\"//s.weibo.com/weibo?q=%23%E5%A5%B3%E6%80%A7%E9%9D%A2%E5%AF%B9%E4%BC%A0%E6%9F%93%E7%97%85%E8%83%BD%E4%BA%A7%E7%94%9F%E6%9B%B4%E5%A4%9A%E6%8A%97%E4%BD%93%23&from=default\\\">#女性面对传染病能产生更多抗体#</a><img class=\\\"W_img_face\\\" render=\\\"ext\\\" src=\\\"//img.t.sinajs.cn/t4/appstyle/expression/ext/normal/30/2018new_sikao_org.png\\\" title=\\\"[思考]\\\" alt=    \\\"[思考]\\\" type=\\\"face\\\" />】<a target=\\\"_blank\\\" render=\\\"ext\\\" suda-uatrack=\\\"key=topic_click&value=click_topic\\\" class=\\\"a_topic\\\" extra-data=\\\"type=topic\\\" href=\\\"//s.weibo.com/weibo?q=%23%E4%B8%BA%E6%AF%8D%E5%88%99%E5%88%9A%E6%9C%89%E7%A7%91%E5%AD%A6%E4%BE%9D%E6%8D%AE%23&from=default\\\">#为母则刚有科学依据#</a>据清华大学免疫学研究所祁海课题组最新研究显示，人体在遭受病原侵袭时，女性比男性个体会产生更强的体液免疫应答，特别是能产生更多抗体来实现自我保护；相对于男性，女性面对很多需要抗体来抵抗的传染病都显示发病率更低、病程更弱的特点。祁海称，“对所有哺乳动物而言，母亲直接承担了孕育胎儿、哺育后代的责任。胎儿和新生儿自己的免疫系统尚不健全……母亲能够产生抗体的能力越强，她就更可能传递给孩子足够的抗体来防病。”（科技日报）\",\"count\":234,\"br\":0},\"4454131672355865\":{\"html\":\" 【北京证监局：不得宣传推广有关虚拟货币项目或平台】<br>12月27日，北京证监局发布关于进一步防范“虚拟货币”交易活动的风险提示 。文件显示近期，伴随着区块链技术宣传推广，虚拟货币交易活动在境内有死灰复燃迹象，辖内各金融管理部门、网络电信管理部门、公安部门对虚拟货币交易、ICO及变相ICO持续保持监管高压，综合运用现场约谈、行政调查、封停网站、刑事立案等手段予以打击。<a  suda-uatrack=\\\"key=tblog_card&value=click_title:4454131672355865:3000000029-webpage:3000000029%3A3a81d1ecdc7ee327695daa300848bd6b\\\" title=\\\"北京证监局：不得宣传推广有关虚拟货币项目或...\\\" href=\\\"http://t.cn/AiFLStNM\\\" alt=\\\"http://t.cn/AiFLStNM\\\" action-type=\\\"feed_list_url\\\" target=\\\"_blank\\\" rel=\\\"noopener noreferrer\\\"><i class=\\\"W_ficon ficon_cd_link\\\">O</i>北京证监局：不得宣传推广有关虚拟货币项目或...</a> via: <a target=\\\"_blank\\\" render=\\\"ext\\\" extra-data=\\\"type=atname\\\" href=\\\"//weibo.com/n/%E5%87%A4%E5%87%B0%E7%BD%91%E7%A7%91%E6%8A%80?from=feed&loc=at\\\" usercard=\\\"name=凤凰网科技\\\">@凤凰网科技</a>\",\"count\":209,\"br\":1},\"4454131790083117\":{\"html\":\" 土鸡欧亚政府联盟主席哈桑·森吉斯(Hassan Cengiz):…北约不再有未来.脑死亡已经发生了，北约成员都知道这一点…法国也正在崩溃，美国对此非常关注…北约的生命不超过十岁…因此，世界正在寻找一个新的防御组织…我们知道，一个新的多极世界正在形成…正在开始一个新时代…S-400防空导弹的故事并没有让美国立即达到如此强烈的程度，我们与美国就F-35达成了协议，我们甚至为此付费，他们以我们没有遵守协议为由没有将战机买给土鸡…土鸡必须维护自身安全，为什么西方如此紧张？因为土耳其已成为该地区的一支新力量.S-400防空系统可以使土鸡完全独立…西方对中东有新的计划，这种挑衅对土鸡行成威胁，西方不希望土鸡变得强大，他们只会从海外来到土鸡边界并创造不安全的因素…土鸡不会让这种事情发生，土鸡将保护本地区的安全…\",\"count\":337,\"br\":0},\"4454132028882939\":{\"html\":\" 美国倾一国之力，全面围堵华为，禁止本国企业供应华为零部件，如此大的力度，本以为一击必中，没想到华为不仅没有倒下，反而越战越强，逆势成长。搞得老美很没面子，华为等于给全世界树立了一个标杆，美国的制裁也不过如此。<br>&nbsp;&nbsp;&nbsp;&nbsp;老美思来想去，不能就这么算了，得给自己找个台阶，否则以后还怎么在江湖上混呢？于是再次以“莫须有”的方式宣布，华为背后有政府支持。我们的制裁之所以没有把华为打垮，不是因为我们的手段不行，而是因为华为有“靠山”。<br>&nbsp;&nbsp;&nbsp;&nbsp;&nbsp;任正非在接受《华尔街日报》采访时表示，关于政府支持一事，美国人显然是想多了。华为并不需要政府帮助来撤销实体清单。他说：“就让实体清单永远保留好了，华为没有美国也可以生存得很好。”<br>&nbsp;&nbsp;&nbsp;&nbsp;&nbsp;美国人显然还不太了解中国这样的对手，华为只是中华民族自强不息精神的一个缩影，在不远的将来，美国会十分沮丧地发现，有越来越多的华为站到了它的面前。\",\"count\":377,\"br\":3},\"4454134365670433\":{\"html\":\" 【<a target=\\\"_blank\\\" render=\\\"ext\\\" suda-uatrack=\\\"key=topic_click&value=click_topic\\\" class=\\\"a_topic\\\" extra-data=\\\"type=topic\\\" href=\\\"//s.weibo.com/weibo?q=%23%E5%8C%97%E4%BA%AC%E7%A6%81%E6%AD%A2%E8%99%9A%E6%8B%9F%E8%B4%A7%E5%B8%81%E4%BA%A4%E6%98%93%23&from=default\\\">#北京禁止虚拟货币交易#</a> 禁止宣传虚拟货币项目】27日，北京证监局等四部门发布风险提示称，近期虚拟货币交易活动有死灰复燃迹象，严重警告开展相关活动的在京机构及人员，不得宣传推广有关虚拟货币项目或平台，不得开展虚拟货币业务销售或交易，不得向投资者开展虚拟货币交易或变相交易业务，不得从事或代理从事境内外虚拟货币发行交易活动，辖内各金融机构和非银行支付机构不得为任何虚拟货币交易买卖提供服务。（谢艺观）\",\"count\":198,\"br\":0},\"4454134423818461\":{\"html\":\" 【<a target=\\\"_blank\\\" render=\\\"ext\\\" suda-uatrack=\\\"key=topic_click&value=click_topic\\\" class=\\\"a_topic\\\" extra-data=\\\"type=topic\\\" href=\\\"//s.weibo.com/weibo?q=%23%E8%87%B4%E8%89%AF%E7%9F%A5%E5%9B%9B%E5%90%88%E9%99%A2%E8%A2%AB%E8%B4%A8%E7%96%91%E7%B2%BE%E7%A5%9E%E6%8E%A7%E5%88%B6%E5%AD%A6%E5%91%98%23&from=default\\\">#致良知四合院被质疑精神控制学员#</a> ：有人当众跪下忏悔】致良知四合院是一个以企业家为主体、王阳明心学为核心的“学习型”组织。自2014年成立至今，该组织先后拉近28家知名公司核心成员的董事长参加，每人缴纳300万元入会费（网友提供数据）成为所谓的“28核心团队”。<br>致良知的“反省之夜”环节，学员们必须身穿正装把自己关在一个陌生封闭房间，面对王阳明的照片在几张白纸上写下你从小到大做过的恶事、存过的恶念、说过的恶语，然后将写满罪行的纸撕碎或烧掉。“有一个企业的高管说着说着当众跪下忏悔，这几年，我对公司……，我对家庭……我对孩子……” via.虎嗅APP <a  suda-uatrack=\\\"key=tblog_card&value=click_title:4454134423818461:3000000377-webpage:3000000377%3Aefceb57fb2fa90d0bb6de2e2a81bd3dc\\\" title=\\\"争议“致良知”\\\" href=\\\"http://t.cn/AiF2qjNC\\\" alt=\\\"http://t.cn/AiF2qjNC\\\" action-type=\\\"feed_list_url\\\" target=\\\"_blank\\\" rel=\\\"noopener noreferrer\\\"><i class=\\\"W_ficon ficon_cd_link\\\">O</i>争议“致良知”</a>\",\"count\":275,\"br\":1},\"4454134293569297\":{\"html\":\" 【深圳禁养烈性犬名单下月10日起调整 中华田园犬英国斗牛犬可上“户口”了】25日，深圳发布《关于公布烈性犬名单的通告》（深市监规〔2019〕13 号），更新深圳禁养烈性犬名录，将中华田园犬（土狗）和英国斗牛犬（Bull Dog）从原27种禁养烈性犬名单中移除，深圳养犬管理服务理念全国领先。<br><br>据了解，该通告自2020年1月10日起施行，有效期5年，原深圳市农林渔业局《关于公布烈性犬名单的通告》（深农〔2006〕172 号）同时废止。这也意味着，在深圳，中华田园犬（土狗）和英国斗牛犬（Bull Dog）可办理养犬登记证，持证饲养了。<br><br>中华田园犬为我国传统狗，无论是情感上还是从风俗上来说，市民有饲养中华田园犬的需求。据今年4月深圳市城市管理和综合执法局的调研数据显示，深圳现有8万余只土狗（含串串）和1万余只英国斗牛犬。上述两种犬只品种受宠物饲养者广泛欢迎并接受，且对人的攻击性不像其他禁养烈性犬那么强，这种情况下，将其纳入养犬管理范围更能规范市民养犬行为。<br><br>记者从深圳市城市管理和综合执法局获悉，为进一步提升深圳养犬管理服务水平，切实解决深圳市民实际养犬需求，规范养犬行为，深圳市城市环境品质提升行动总指挥部办公室今年印发了《文明养犬精细化管理提升行动方案》，制定了养犬管理各项措施，明确提出积极推动更新深圳禁养烈性犬名单的目标，并为此做了大量工作。<br><br>值得注意的是，中华田园犬和英国斗牛犬不管是过去禁养还是即将解禁，落实《深圳市养犬管理条例》，为其牵上法律的“缰绳”、戴上严格管理的“口罩”才是最重要的，依法、文明养犬不可松懈。 <a suda-uatrack=\\\"key=minicard&value=pagelink_minicard_click\\\" title=\\\"网页链接\\\" href=\\\"http://t.cn/AiFypg1v\\\" alt=\\\"http://t.cn/AiFypg1v\\\" action-type=\\\"feed_list_url\\\" target=\\\"_blank\\\" rel=\\\"noopener noreferrer\\\"><i class=\\\"W_ficon ficon_cd_link\\\">O</i>网页链接</a>\",\"count\":643,\"br\":8},\"4454134331716827\":{\"html\":\" 【婴儿被困轿车内 消防30秒破拆成功救援】12月25日中午，在上海市奉贤南桥镇解放西路上，一名8个月大的婴儿被困在一辆私家车内，有人立即拨打了救援电话。为了保证孩子的安全，消防人人员决定破拆靠近驾驶员座位的玻璃。短短30秒，消防队员成功打开车门，抱出孩子。原来家长下车时，误将钥匙遗留在了车内，车门被反锁，因没有备用钥匙，这才导致车门无法打开。 <a  suda-uatrack=\\\"key=tblog_card&value=click_title:4454134331716827:1034-video:1034%3A4454127585918981:getlongtext:6524418583:4454134331716827:6524418583\\\" title=\\\"看看新闻魔都眼的微博视频\\\" href=\\\"http://t.cn/AiFypF1B\\\" alt=\\\"http://t.cn/AiFypF1B\\\" action-type=\\\"feed_list_url\\\" target=\\\"_blank\\\" rel=\\\"noopener noreferrer\\\"><i class=\\\"W_ficon ficon_cd_video\\\">L</i>看看新闻魔都眼的微博视频</a>\",\"count\":181,\"br\":0},\"4454134423818524\":{\"html\":null,\"count\":885,\"br\":26},\"4454134276974859\":{\"html\":\" 【<a target=\\\"_blank\\\" render=\\\"ext\\\" suda-uatrack=\\\"key=topic_click&value=click_topic\\\" class=\\\"a_topic\\\" extra-data=\\\"type=topic\\\" href=\\\"//s.weibo.com/weibo?q=%23C919%E5%A4%A7%E5%9E%8B%E5%AE%A2%E6%9C%BA106%E6%9E%B6%E6%9C%BA%E9%A6%96%E9%A3%9E%23&from=default\\\">#C919大型客机106架机首飞#</a> 转起点赞！<img class=\\\"W_img_face\\\" render=\\\"ext\\\" src=\\\"//img.t.sinajs.cn/t4/appstyle/expression/ext/normal/14/2018new_weiwu_org.png\\\" title=\\\"[威武]\\\" alt=    \\\"[威武]\\\" type=\\\"face\\\" />】今天，C919大型客机106架机于10：15从浦东机场第四跑道起飞，完成30个试验点后，于12：20返航并平稳降落浦东机场，顺利完成其首次飞行任务。根据计划，106架机主要承担验证客舱、照明、外部噪声等相关科目试飞任务。至此<a target=\\\"_blank\\\" render=\\\"ext\\\" suda-uatrack=\\\"key=topic_click&value=click_topic\\\" class=\\\"a_topic\\\" extra-data=\\\"type=topic\\\" href=\\\"//s.weibo.com/weibo?q=%236%E6%9E%B6C919%E8%AF%95%E9%A3%9E%E9%A3%9E%E6%9C%BA%E5%85%A8%E9%83%A8%E6%8A%95%E5%85%A5%E8%AF%95%E9%A3%9E%E5%B7%A5%E4%BD%9C%23&from=default\\\">#6架C919试飞飞机全部投入试飞工作#</a>。赞！（央视）\",\"count\":146,\"br\":0},\"4454134516329987\":{\"html\":\" 【哈客机坠毁已致15人遇难 外交部：尚未收到中国公民伤亡通报】哈萨克斯坦Bek Air 航空公司一架载100人的飞机27日上午在阿拉木图机场附近坠毁。据最新消息，已有15人遇难。<br><br>在27日举行的外交部例会上，有外媒记者就此事询问中方是否有进一步的消息？是否有中国公民在飞机上？对此，发言人耿爽表示，我们看到了有关消息，我们对遇难者表示深切哀悼，对遇难者家属和伤者表示诚挚的慰问。<br><br>据耿爽介绍，事故发生后，中国驻哈萨克斯坦使领馆已经联系了哈萨克斯坦有关部门核实情况，目前尚未收到中国公民在此次事故中伤亡的通报。耿爽说，如果有进一步的消息，我们会及时发布。（本报记者 李司坤）\",\"count\":274,\"br\":4},\"4454134177046926\":{\"html\":\" 【黄奇帆：三套房及以上纯属炒作，应100%首付，没有按揭贷款】 据媒体报道，12月26日在由中宏国研（北京）信息技术研究院主办的2020中国经济形势解析高层报告会上，重庆市原市长、第十二届全国人大财经委副主任、中国国际交流中心副秘书长黄奇帆表示未来一定要管制住房产商销售行为。老百姓买房，首套房20%或者30%的首付款，70%-80%的按揭贷款，这是合理的。第二套房50%首付，50%按揭贷款，也可以。<br><br>黄奇帆表示，如果老百姓到了第三套以上的房子，纯属炒作。一套是基本居住，两套是改善，到了第三套实际上进入炒作系统，这时就应该100%首付，没有按揭贷款。就是刚需的第一套应该二八、三七的有首付和按揭，第二套50：50，第三套零按揭，不用限购。\",\"count\":301,\"br\":2},\"4454132515377331\":{\"html\":\" 2019全球最佳国家排名公布，中国第16......<img class=\\\"W_img_face\\\" render=\\\"ext\\\" src=\\\"//img.t.sinajs.cn/t4/appstyle/expression/ext/normal/aa/2018new_bingbujiandan_org.png\\\" title=\\\"[并不简单]\\\" alt=    \\\"[并不简单]\\\" type=\\\"face\\\" /><br>全球最佳国家排名公布（同时附上2018、2017版）。这项有影响力的排名已经多年、从九个维度来考察对象国家的方方面面、不同维度权重也不同以最大程度反映客观、减少bias。后面还附上了方法论与针对方法论讨论的最常见疑问。2019年世界上总体最好的国家：<br>第一名：瑞士。<br>第二名：日本。<br>第三名：加拿大。<br>第八名：美国。<br>中国位于第十六名\",\"count\":175,\"br\":6},\"4454134189091462\":{\"html\":\" 【你知道吗？1月份也有人过圣诞】许多东正教堂沿用儒略历（Julian calendar），这是一种有着近2000年历史的历法，不过儒略历将阳历年的长度多估出了约11分钟，实际使用过程中累积的误差随着时间越来越大。1582年教皇格里高利十三世推行了新的历法，即现在的公历，然而许多的东正教会拒绝使用新历法，于是他们圣诞的欢乐要1月份才来→<a suda-uatrack=\\\"key=minicard&value=pagelink_minicard_click\\\" title=\\\"网页链接\\\" href=\\\"http://t.cn/AiFypREw\\\" alt=\\\"http://t.cn/AiFypREw\\\" action-type=\\\"feed_list_url\\\" target=\\\"_blank\\\" rel=\\\"noopener noreferrer\\\"><i class=\\\"W_ficon ficon_cd_link\\\">O</i>网页链接</a>\",\"count\":160,\"br\":0},\"4454134176206359\":{\"html\":\" 【男子深夜坠崖腰部断裂 <a target=\\\"_blank\\\" render=\\\"ext\\\" suda-uatrack=\\\"key=topic_click&value=click_topic\\\" class=\\\"a_topic\\\" extra-data=\\\"type=topic\\\" href=\\\"//s.weibo.com/weibo?q=%23%E6%B6%88%E9%98%B2%E5%91%98%E7%94%A8%E5%8F%8C%E8%85%BF%E6%94%AF%E6%92%91%E6%8B%85%E6%9E%B6%23&from=default\\\">#消防员用双腿支撑担架#</a>将被困者抬出<img class=\\\"W_img_face\\\" render=\\\"ext\\\" src=\\\"//img.t.sinajs.cn/t4/appstyle/expression/ext/normal/8a/2018new_xin_org.png\\\" title=\\\"[心]\\\" alt=    \\\"[心]\\\" type=\\\"face\\\" />】<a target=\\\"_blank\\\" render=\\\"ext\\\" suda-uatrack=\\\"key=topic_click&value=click_topic\\\" class=\\\"a_topic\\\" extra-data=\\\"type=topic\\\" href=\\\"//s.weibo.com/weibo?q=%23%E6%9A%96%E8%A7%86%E9%A2%91%23&from=default\\\">#暖视频#</a> <a target=\\\"_blank\\\" render=\\\"ext\\\" suda-uatrack=\\\"key=topic_click&value=click_topic\\\" class=\\\"a_topic\\\" extra-data=\\\"type=topic\\\" href=\\\"//s.weibo.com/weibo?q=%23%E6%8E%A2%E7%A7%98%E7%BA%A2%E9%97%A8%23&from=default\\\">#探秘红门#</a>12月26日晚，门头沟永定镇一名男性驴友坠崖摔伤。该男子胸口骨折、腰部断裂、脚踝断裂，但意识比较清楚。消防员对男子进行简易肢体固定，合力将其放置在担架上，双腿支撑着担架，将被困者抬至救助点交由120救治。<a target=\\\"_blank\\\" render=\\\"ext\\\" extra-data=\\\"type=atname\\\" href=\\\"//weibo.com/n/%E5%8C%97%E4%BA%AC%E6%97%B6%E9%97%B4%E7%9B%B4%E6%92%AD?from=feed&loc=at\\\" usercard=\\\"name=北京时间直播\\\">@北京时间直播</a> <a  suda-uatrack=\\\"key=tblog_card&value=click_title:4454134176206359:2017607-video:2017607%3A4454094111440914:getlongtext:6250824982:4454134176206359:6250824982\\\" title=\\\"北京时间直播的秒拍视频\\\" href=\\\"http://t.cn/AiFLX7i8\\\" alt=\\\"http://t.cn/AiFLX7i8\\\" action-type=\\\"feed_list_url\\\" target=\\\"_blank\\\" rel=\\\"noopener noreferrer\\\"><i class=\\\"W_ficon ficon_cd_video\\\">L</i>北京时间直播的秒拍视频</a>\",\"count\":157,\"br\":0},\"4454133891647350\":{\"html\":\" 【<a target=\\\"_blank\\\" render=\\\"ext\\\" suda-uatrack=\\\"key=topic_click&value=click_topic\\\" class=\\\"a_topic\\\" extra-data=\\\"type=topic\\\" href=\\\"//s.weibo.com/weibo?q=%2343%E4%BB%B6%E4%BA%8B%E8%A7%81%E8%AF%812019%23&from=default\\\">#43件事见证2019#</a>：还原一个更好的世界】2019年，我们经历了什么？难忘斯里兰卡连环爆炸的恐惧，巴黎圣母院大火的心痛，无锡高架侧翻的悲伤……可是，我们从未止步眼前。当“白银连环杀人案”凶手被执行死刑，劳荣枝被逮捕归案，中国战队举起冠军奖杯，嫦娥四号成功着陆……背后书写的，是信念与勇敢。终点，也是旅程的一部分。2020，开启新旅程！<a  suda-uatrack=\\\"key=tblog_card&value=click_title:4454133891647350:2017607-video:2017607%3A4454124922535949:getlongtext:1231317854:4454133891647350:1231317854\\\" title=\\\"新京报动新闻的秒拍视频\\\" href=\\\"http://t.cn/AiFyfBQQ\\\" alt=\\\"http://t.cn/AiFyfBQQ\\\" action-type=\\\"feed_list_url\\\" target=\\\"_blank\\\" rel=\\\"noopener noreferrer\\\"><i class=\\\"W_ficon ficon_cd_video\\\">L</i>新京报动新闻的秒拍视频</a> <a target=\\\"_blank\\\" render=\\\"ext\\\" suda-uatrack=\\\"key=topic_click&value=click_topic\\\" class=\\\"a_topic\\\" extra-data=\\\"type=topic\\\" href=\\\"//s.weibo.com/weibo?q=%232019%E5%B9%B4%E7%BB%88%E7%9B%98%E7%82%B9%23&from=default\\\">#2019年终盘点#</a>\",\"count\":182,\"br\":0}}","search_enable":"bfalse","user1645221270config":"s{\"weibo.tool.load_weibo_by_group.group\":{},\"weibo.tool.load_weibo_by_group\":false,\"weibo.tool.load_weibo_by_multi_group.count\":50,\"weibo.tool.load_weibo_by_multi_group.enabled\":false,\"weibo.tool.load_weibo_by_multi_group.clear\":\"clear\",\"weibo.tool.load_weibo_by_multi_group.whisper\":false,\"weibo.tool.load_weibo_by_multi_group\":[],\"weibo.tool.use_fast_creator\":true,\"weibo.tool.refilter\":true,\"weibo.tool.fast_block_button\":false,\"weibo.tool.block_hidden\":false,\"weibo.tool.disable_lazyload\":true,\"weibo.other.group_account\":true,\"weibo.other.group_same_account\":true,\"weibo.other.auto_load_new_weibo\":false,\"weibo.other.auto_expand.etypes\":false,\"weibo.other.auto_expand.background\":true,\"weibo.other.auto_expand\":false,\"weibo.other.desktop_notification.types\":true,\"weibo.other.desktop_notification.autohide\":true,\"weibo.other.desktop_notification.shorten\":false,\"weibo.other.desktop_notification.shortlen\":50,\"weibo.other.desktop_notification.duration\":3000,\"weibo.other.desktop_notification.durationc\":150,\"weibo.other.desktop_notification.ntypes\":false,\"weibo.other.desktop_notification\":false,\"weibo.filters.keyword.whitelist\":[],\"weibo.filters.keyword.blacklist\":[],\"weibo.filters.keyword.foldlist\":[],\"weibo.filters.regexp.whitelist\":[],\"weibo.filters.regexp.blacklist\":[],\"weibo.filters.regexp.foldlist\":[],\"weibo.content.types_mention\":false,\"weibo.content.types_topic\":false,\"weibo.content.types_stock\":false,\"weibo.content.types_linkt\":false,\"weibo.content.types_linku\":false,\"weibo.content.types_emotion\":false,\"weibo.filters.account.whitelist\":[],\"weibo.filters.account.blacklist\":[],\"weibo.filters.account.foldlist\":[],\"weibo.filters.accountf.blacklist\":[],\"weibo.filters.accountf.foldlist\":[],\"weibo.original.blacklist_d\":true,\"weibo.filters.original.whitelist\":[],\"weibo.filters.original.blacklist\":[],\"weibo.filters.original.foldlist\":[],\"weibo.original.by_follower.enabled\":false,\"weibo.original.by_follower.fans\":10,\"weibo.original.by_follower\":[],\"weibo.filters.mention.whitelist\":[],\"weibo.filters.mention.blacklist\":[],\"weibo.filters.mention.foldlist\":[],\"weibo.filters.topic.whitelist\":[],\"weibo.filters.topic.blacklist\":[],\"weibo.filters.topic.foldlist\":[],\"weibo.filters.rtopic.whitelist\":[],\"weibo.filters.rtopic.blacklist\":[],\"weibo.filters.rtopic.foldlist\":[],\"weibo.filters.source.whitelist\":[],\"weibo.filters.source.blacklist\":[],\"weibo.filters.source.foldlist\":[],\"weibo.filters.hyperlink.whitelist\":[],\"weibo.filters.hyperlink.blacklist\":[],\"weibo.filters.hyperlink.foldlist\":[],\"weibo.filters.linktitle.whitelist\":[],\"weibo.filters.linktitle.blacklist\":[],\"weibo.filters.linktitle.foldlist\":[],\"weibo.other.my_weibo\":false,\"weibo.other.my_original\":false,\"weibo.other.mention_me\":false,\"weibo.other.ad_feed\":true,\"weibo.other.fans_top\":true,\"weibo.other.product_card\":true,\"weibo.other.tb_tm_wb\":true,\"weibo.other.weibo_pay_gift\":true,\"weibo.other.user_like\":false,\"weibo.other.fake_weibo\":false,\"weibo.other.deleted_forward\":false,\"weibo.other.comment_and_reply\":false,\"weibo.other.vote_weibo\":false,\"weibo.other.red2014\":false,\"weibo.other.jinli_forward\":false,\"weibo.other.appitem\":false,\"weibo.other.wenda\":false,\"weibo.other.wenwodr\":false,\"weibo.other.yizhibo.type\":\"all\",\"weibo.other.yizhibo\":true,\"weibo.other.stock\":false,\"weibo.other.paid\":false,\"weibo.other.multi_topic.num\":5,\"weibo.other.multi_topic\":false,\"weibo.other.too_long\":false,\"weibo.other.wei_huati\":false,\"weibo.other.wei_qun\":false,\"weibo.other.wei_fangtan\":false,\"weibo.other.wei_gongyi\":false,\"weibo.other.unauth_source\":false,\"weibo.other.same_account.number\":5,\"weibo.other.same_account.action\":\"fold\",\"weibo.other.same_account\":false,\"weibo.other.same_forward.number\":3,\"weibo.other.same_forward.action\":\"fold\",\"weibo.other.same_forward\":false,\"weibo.filters.ckeyword.whitelist\":[],\"weibo.filters.ckeyword.blacklist\":[],\"weibo.filters.cregexp.whitelist\":[],\"weibo.filters.cregexp.blacklist\":[],\"weibo.filters.cuser.whitelist\":[],\"weibo.filters.cuser.blacklist\":[],\"weibo.filters.ctopic.whitelist\":[],\"weibo.filters.ctopic.blacklist\":[],\"weibo.comment.my_comment\":true,\"weibo.comment.emoji_count.number\":8,\"weibo.comment.emoji_count\":false,\"weibo.comment.emoji_types.number\":4,\"weibo.comment.emoji_types\":false,\"weibo.comment.no_content\":true,\"weibo.comment.with_forward\":false,\"weibo.comment.with_picture.act\":\"fold\",\"weibo.comment.with_picture\":true,\"weibo.comment.delete_comment\":false,\"weibo.layoutHideIconLevel\":false,\"weibo.layoutHideIconMember\":false,\"weibo.layoutHideIconApprove\":false,\"weibo.layoutHideIconApproveCo\":false,\"weibo.layoutHideIconApproveDead\":false,\"weibo.layoutHideIconClub\":false,\"weibo.layoutHideIconVGirl\":false,\"weibo.layoutHideIconSupervisor\":false,\"weibo.layoutHideIconTaobao\":false,\"weibo.layoutHideIconCheng\":false,\"weibo.layoutHideIconGongyi\":false,\"weibo.layoutHideIconZongyika\":false,\"weibo.layoutHideIconOther\":false,\"weibo.layoutHideFollowSingle\":false,\"weibo.layoutHideFollowAtMe\":false,\"weibo.layoutHideFollowDiscover\":false,\"weibo.layoutHideFollowWhisper\":false,\"weibo.layoutHideFollowVideo\":false,\"weibo.layoutHideFollowRecommend\":false,\"weibo.layoutHideNavLogoImg\":false,\"weibo.layoutHideNavMain\":false,\"weibo.layoutHideNavTV\":false,\"weibo.layoutHideNavHot\":false,\"weibo.layoutHideNavGame\":false,\"weibo.layoutHideNavHotSearch\":true,\"weibo.layoutHideNavNoticeNew\":false,\"weibo.layoutHideNavNew\":false,\"weibo.layoutHideNavHotTip\":false,\"weibo.layoutHideLeftHome\":false,\"weibo.layoutHideLeftFav\":false,\"weibo.layoutHideLeftLike\":false,\"weibo.layoutHideLeftHot\":false,\"weibo.layoutHideLeftTV\":false,\"weibo.layoutHideLeftFriends\":false,\"weibo.layoutHideLeftGroupToMe\":true,\"weibo.layoutHideLeftSpecial\":false,\"weibo.layoutHideLeftWhisper\":true,\"weibo.layoutHideLeftVPlus\":false,\"weibo.layoutHideLeftNew\":false,\"weibo.layoutHideLeftNews\":false,\"weibo.layoutHideLeftCount\":false,\"weibo.layoutHideMiddleRecommendedTopic\":true,\"weibo.layoutHideMiddleFeedRecommand\":false,\"weibo.layoutHideMiddleMemberTip\":true,\"weibo.layoutHideRightInfo\":true,\"weibo.layoutHideRightRecomMusicRank\":true,\"weibo.layoutHideRightHotTopic\":true,\"weibo.layoutHideRightHotTopicExpand\":true,\"weibo.layoutHideRightInterest\":true,\"weibo.layoutHideRightMember\":true,\"weibo.layoutHideRightGroups\":false,\"weibo.layoutHideRightRecomGroupUser\":true,\"weibo.layoutHideRightHongbaoRank\":true,\"weibo.layoutHideRightMovie\":true,\"weibo.layoutHideRightAttFeed\":true,\"weibo.layoutHideRightTaobaoMovie\":true,\"weibo.layoutHideRightNotice\":true,\"weibo.layoutHideWeiboRecomFeed\":false,\"weibo.layoutHideWeiboFeedOuterTip\":true,\"weibo.layoutHideWeiboFeedTip\":true,\"weibo.layoutHideWeiboGroupTip\":false,\"weibo.layoutHideWeiboVIPBackground\":true,\"weibo.layoutHideWeiboLastPic\":true,\"weibo.layoutHideWeiboPicTag\":false,\"weibo.layoutHideWeiboSonTitle\":false,\"weibo.layoutHideWeiboCard\":false,\"weibo.layoutHideWeiboArticalPay\":false,\"weibo.layoutHideWeiboTag\":false,\"weibo.layoutHideWeiboMovieTag\":false,\"weibo.layoutHideWeiboSource\":false,\"weibo.layoutHideWeiboPop\":false,\"weibo.layoutHideWeiboLike\":false,\"weibo.layoutHideWeiboLikeComment\":false,\"weibo.layoutHideWeiboLikePopup\":true,\"weibo.layoutHideWeiboForward\":false,\"weibo.layoutHideWeiboFavourite\":false,\"weibo.layoutHideWeiboPromoteOther\":false,\"weibo.layoutHideWeiboReport\":false,\"weibo.layoutHideWeiboUseCardBackground\":false,\"weibo.layoutHidePersonMoveThings\":false,\"weibo.layoutHidePersonCover\":false,\"weibo.layoutHidePersonBGImg\":true,\"weibo.layoutHidePersonBadgeIcon\":false,\"weibo.layoutHidePersonVerify\":false,\"weibo.layoutHidePersonEditPersonInfo\":false,\"weibo.layoutHidePersonStats\":false,\"weibo.layoutHidePersonMyData\":false,\"weibo.layoutHidePersonSuggestUser\":false,\"weibo.layoutHidePersonGroup\":false,\"weibo.layoutHidePersonRelation\":false,\"weibo.layoutHidePersonAlbum\":false,\"weibo.layoutHidePersonHotTopic\":false,\"weibo.layoutHidePersonHotWeibo\":false,\"weibo.layoutHidePersonUserList\":false,\"weibo.layoutHidePersonHongbao\":false,\"weibo.layoutHidePersonWenwoDr\":false,\"weibo.layoutHidePersonTimeline\":false,\"weibo.layout.pleft\":[],\"weibo.layoutHideMessagesHelp\":false,\"weibo.layoutHideMessagesFeedback\":false,\"weibo.layoutHideMessagesYoudao\":false,\"weibo.layoutHideOtherAds\":true,\"weibo.layoutHideOtherMusic\":true,\"weibo.layoutHideOtherTemplate\":true,\"weibo.layoutHideOtherHomeTip\":false,\"weibo.layoutHideOtherFooter\":true,\"weibo.layoutHideOtherWbIm\":true,\"weibo.layoutHideOtherIM\":true,\"weibo.layoutHideOtherIMNews\":false,\"weibo.layoutHideOtherTip\":false,\"weibo.layoutHideOtherRelatedWB\":false,\"weibo.layoutHideOtherRelatedVideo\":false,\"weibo.layoutHideOtherRelatedArtical\":false,\"weibo.layoutHideOtherSendWeibo\":false,\"weibo.tool.showAllMsgNav.atme\":true,\"weibo.tool.showAllMsgNav.cmt\":true,\"weibo.tool.showAllMsgNav.like\":false,\"weibo.tool.showAllMsgNav.dm\":false,\"weibo.tool.showAllMsgNav.msgbox\":false,\"weibo.tool.showAllMsgNav.group\":false,\"weibo.tool.showAllMsgNav.dmsub\":false,\"weibo.tool.showAllMsgNav\":false,\"weibo.tool.showAllGroup\":true,\"weibo.tool.mergeColumns.side\":\"right\",\"weibo.tool.mergeColumns\":true,\"weibo.tool.chose_side.side\":\"right\",\"weibo.tool.chose_side\":true,\"weibo.tool.filte_right_topic\":false,\"weibo.tool.filte_right_topic_count.number\":200,\"weibo.tool.filte_right_topic_count\":false,\"weibo.tool.right_user_list\":[],\"weibo.tool.right_user_list_notice._records\":[],\"weibo.tool.right_user_list_notice._last\":{},\"weibo.tool.right_user_list_notice\":false,\"weibo.tool.hide_nav_bar\":true,\"weibo.tool.fixedLeft\":true,\"weibo.tool.fixedRight\":false,\"weibo.tool.fixedNewFeedTip\":false,\"weibo.tool.fixedOthers\":false,\"weibo.tool.auto_unfold_weibo.count\":1020,\"weibo.tool.auto_unfold_weibo.br\":30,\"weibo.tool.auto_unfold_weibo\":true,\"weibo.tool.clear_def_topic\":true,\"weibo.tool.redirectWeibo\":true,\"weibo.tool.cardButton\":false,\"weibo.tool.viewOriginal.open\":\"image\",\"weibo.tool.viewOriginal.direct\":true,\"weibo.tool.viewOriginal.method\":\"default\",\"weibo.tool.viewOriginal.url\":\"default\",\"weibo.tool.viewOriginal\":true,\"weibo.tool.downloadImage.direct\":false,\"weibo.tool.downloadImage\":false,\"weibo.tool.noTagDialog\":true,\"weibo.tool.use_built_in_video_player.volume\":100,\"weibo.tool.use_built_in_video_player.memorize\":false,\"weibo.tool.use_built_in_video_player\":false,\"weibo.tool.pause_animated_image\":true,\"weibo.tool.disable_video_menu\":true,\"weibo.tool.replace_link\":false,\"weibo.tool.replace_image_emoji\":false,\"weibo.other.customize_source\":false,\"weibo.other.fold_child_comment\":true,\"weibo.other.comment_show_all\":false,\"weibo.tool.auto_check_following.frequency\":\"3\",\"weibo.tool.auto_check_following\":false,\"weibo.tool.auto_unfold_ttartical\":true,\"weibo.tool.uncheck_follow_presenter\":true,\"weibo.tool.fast_emoji.top\":[null,null,null,null,null,null,null,null,null,null],\"weibo.tool.fast_emoji.recent\":[null,null,null,null,null,null,null,null,null,null],\"weibo.tool.fast_emoji\":false,\"weibo.tool.disable_desktop_notification\":true,\"weibo.tool.disable_live_photo\":true,\"weibo.tool.disable_video_click_pop\":false,\"weibo.tool.no_pop_but_full_screen\":false,\"weibo.tool.video_no_auto_next\":true,\"weibo.tool.custom_font_family.wf\":\"Times\",\"weibo.tool.custom_font_family.cf\":\"中易宋体\",\"weibo.tool.custom_font_family\":false,\"weibo.tool.weibo_large_font.ratio\":\"120\",\"weibo.tool.weibo_large_font\":true,\"weibo.tool.avatar_shape.shape\":\"square\",\"weibo.tool.avatar_shape\":false,\"weibo.tool.dark_nav_bar\":false,\"weibo.tool.reorder_nav_bar\":false,\"weibo.tool.nav_hide_name.act\":\"hidden\",\"weibo.tool.nav_hide_name\":true,\"weibo.tool.width_weibo.width\":750,\"weibo.tool.width_weibo\":true,\"weibo.tool.weibo_only.width\":600,\"weibo.tool.weibo_only.key\":119,\"weibo.tool.weibo_only.switch\":false,\"weibo.tool.weibo_only._enabled\":false,\"weibo.tool.weibo_only\":false,\"weibo.tool.set_skin.skin\":\"skin054\",\"weibo.tool.set_skin\":true,\"weibo.tool.unwrapText\":false,\"weibo.tool.unwrapContent.text\":\"⏎\",\"weibo.tool.unwrapContent\":false,\"weibo.tool.image_size.repost\":false,\"weibo.tool.image_size\":false,\"weibo.tool.no_weibo_space\":false,\"weibo.tool.from_in_bottom\":false,\"weibo.tool.user_page_no_author.who\":\"all\",\"weibo.tool.user_page_no_author\":false,\"weibo.tool.hover_show_fold\":false,\"weibo.tool.fold_text.text\":\"author-reason\",\"weibo.tool.fold_text\":false,\"weibo.layout.reorder.1\":\"pop\",\"weibo.layout.reorder.2\":\"favorite\",\"weibo.layout.reorder.3\":\"forward\",\"weibo.layout.reorder.4\":\"comment\",\"weibo.layout.reorder.5\":\"like\",\"weibo.layout.reorder\":true,\"weibo.layout.cmtorder.1\":\"report\",\"weibo.layout.cmtorder.2\":\"delete\",\"weibo.layout.cmtorder.3\":\"conversition\",\"weibo.layout.cmtorder.4\":\"reply\",\"weibo.layout.cmtorder.5\":\"like\",\"weibo.layout.cmtorder\":true,\"weibo.tool.whitelist_highlight.color\":\"#dafee4\",\"weibo.tool.whitelist_highlight.transparency\":0,\"weibo.tool.whitelist_highlight\":false,\"weibo.tool.color_override.color1\":\"#f6f6f6\",\"weibo.tool.color_override.transparency1\":30,\"weibo.tool.color_override.color2\":\"#ffffff\",\"weibo.tool.color_override.transparency2\":30,\"weibo.tool.color_override.color3\":\"#ffffff\",\"weibo.tool.color_override.transparency3\":30,\"weibo.tool.color_override\":false,\"weibo.tool.userstyle\":\"\",\"weibo._yawf_version\":504,\"script.other.auto_complete\":true,\"weibo.tool.message_current_page\":false,\"weibo.tool.load_weibo_by_newest\":false,\"weibo.layoutHideLeftNewFeed\":false,\"weibo.layoutHideIconBigFun\":false,\"weibo.tool.highlight_low_reading.count\":100,\"weibo.tool.highlight_low_reading\":false}","whatsnew":"btrue"},"ts":1577793432179}