{"options":{"awareOfChrome":false,"check_for_updates":true,"comment":null,"compat_arrayleft":false,"compat_foreach":false,"compat_forvarin":false,"compat_metadata":false,"compat_uW_gmonkey":false,"compat_wrappedjsobject":false,"compatopts_for_requires":true,"noframes":null,"override":{"merge_connects":true,"merge_excludes":true,"merge_includes":true,"merge_matches":true,"orig_excludes":[],"orig_includes":[],"orig_matches":["https://*.youtube.com/*","https://*.youtube.com/watch?v=*","https://www.youtube.com/embed/*"],"orig_noframes":null,"orig_run_at":"document-idle","use_blockers":[],"use_connects":[],"use_excludes":[],"use_includes":[],"use_matches":[]},"run_at":null},"settings":{"enabled":false,"position":10},"meta":{"name":"YouTube Rotate 90°","uuid":"c7f1fd86-4061-4bf8-b091-be93a7ac2ef0","modified":1577420767086,"file_url":"https://greasyfork.org/scripts/392458-youtube-rotate-90/code/YouTube%20Rotate%2090%C2%B0.user.js"}}