{"options":{"check_for_updates":true,"comment":null,"compatopts_for_requires":true,"compat_wrappedjsobject":false,"compat_metadata":false,"compat_foreach":false,"compat_arrayleft":false,"compat_uW_gmonkey":false,"compat_forvarin":false,"noframes":null,"awareOfChrome":false,"run_at":null,"override":{"use_includes":[],"orig_includes":[],"merge_includes":true,"use_matches":[],"orig_matches":["*://v.qq.com/x/*"],"merge_matches":true,"use_excludes":[],"orig_excludes":[],"merge_excludes":true,"use_connects":[],"merge_connects":true,"use_blockers":[],"orig_run_at":"document-idle","orig_noframes":null,"orig_connects":[]}},"settings":{"enabled":true,"position":31},"meta":{"name":"腾讯视频去掉logo","uuid":"0501ef65-c063-4ca2-8188-b16516d4e901","modified":1577793467718,"file_url":"https://greasyfork.org/scripts/394036-%E8%85%BE%E8%AE%AF%E8%A7%86%E9%A2%91%E5%8E%BB%E6%8E%89logo/code/%E8%85%BE%E8%AE%AF%E8%A7%86%E9%A2%91%E5%8E%BB%E6%8E%89logo.user.js"}}