{"data":{"sync::user1645221270Config":"s{\"filter_homepage_single_group.group\":\"whisper\",\"filter_homepage_single_group\":false,\"filter_homepage_multi_group\":false,\"filter_manually_hide\":false,\"filter_homepage_auto_load\":true,\"filter_homepage_desktop_notify.whitelist\":false,\"filter_homepage_desktop_notify\":false,\"filter_content_text_show.items\":[],\"filter_content_text_hide.items\":[],\"filter_content_text_fold.items\":[],\"filter_content_regex_show.items\":[],\"filter_content_regex_hide.items\":[],\"filter_content_regex_fold.items\":[],\"filter_author_id_show.items\":[],\"filter_author_id_hide.items\":[],\"filter_author_id_fold.items\":[],\"filter_author_forward_id_hide.items\":[],\"filter_author_forward_id_fold.items\":[],\"filter_original_discover\":true,\"filter_original_id_show.items\":[],\"filter_original_id_hide.items\":[],\"filter_original_id_fold.items\":[],\"filter_original_follower\":false,\"filter_original_follower.count\":10,\"filter_original_follower.account\":[],\"filter_mention_name_show.items\":[],\"filter_mention_name_hide.items\":[],\"filter_mention_name_fold.items\":[],\"filter_topic_text_show.items\":[],\"filter_topic_text_hide.items\":[],\"filter_topic_text_fold.items\":[],\"filter_source_text_show.items\":[],\"filter_source_text_hide.items\":[],\"filter_source_text_fold.items\":[],\"filter_my_feed\":false,\"filter_my_original\":false,\"filter_mention_me\":false,\"filter_ad_feed\":true,\"filter_fans_top\":true,\"filter_weibo_product\":true,\"filter_tb_tm_feed\":true,\"filter_weibo_pay\":true,\"filter_user_like\":false,\"filter_fake_weibo\":false,\"filter_deleted_forward\":false,\"filter_comment_and_forward\":false,\"filter_vote\":false,\"filter_red_pack\":false,\"filter_koi_forward\":false,\"filter_app_item\":false,\"filter_wenda\":false,\"filter_wenwo_dr\":false,\"filter_yizhibo\":true,\"filter_stock\":false,\"filter_paid\":false,\"filter_multiple_topics_feed.num\":5,\"filter_multiple_topics_feed\":false,\"flooding_author.number\":5,\"flooding_author.number.action\":\"fold\",\"flooding_author\":false,\"flooding_forward.number\":3,\"flooding_forward.number.action\":\"fold\",\"flooding_forward\":false,\"filter_comment_text_show.items\":[],\"filter_comment_text_hide.items\":[],\"filter_comment_regex_show.items\":[],\"filter_comment_regex_hide.items\":[],\"filter_comment_name_show.items\":[],\"filter_comment_name_hide.items\":[],\"filter_comment_show_my\":true,\"filter_comment_face_count.count\":8,\"filter_comment_face_count\":false,\"filter_comment_face_type.count\":4,\"filter_comment_face_type\":false,\"filter_comment_wo_content\":true,\"filter_comment_with_forward\":false,\"clean_icons_level\":false,\"clean_icons_member\":false,\"clean_icons_approve\":false,\"clean_icons_approve_co\":false,\"clean_icons_approve_dead\":false,\"clean_icons_club\":false,\"clean_icons_v_girl\":false,\"clean_icons_supervisor\":false,\"clean_icons_taobao\":false,\"clean_icons_cheng\":false,\"clean_icons_gongyi\":false,\"clean_icons_zongyika\":false,\"clean_icons_others\":false,\"clean_follow_single\":false,\"clean_follow_at_me\":false,\"clean_follow_discover\":false,\"clean_follow_whisper\":false,\"clean_follow_video\":false,\"clean_follow_recommend\":false,\"clean_nav_logo_img\":false,\"clean_nav_main\":false,\"clean_nav_tv\":false,\"clean_nav_hot\":false,\"clean_nav_game\":false,\"clean_nav_hot_search\":true,\"clean_nav_notice_new\":false,\"clean_nav_new\":false,\"clean_left_home\":false,\"clean_left_fav\":false,\"clean_left_like\":false,\"clean_left_hot\":false,\"clean_left_tv\":false,\"clean_left_friends\":false,\"clean_left_group_to_me\":true,\"clean_left_special\":false,\"clean_left_whisper\":true,\"clean_left_v_plus\":false,\"clean_left_new\":false,\"clean_left_news\":false,\"clean_left_count\":false,\"clean_middle_recommended_topic\":true,\"clean_middle_feed_recommend\":false,\"clean_middle_member_tip\":true,\"clean_right_info\":true,\"clean_right_ranks\":true,\"clean_right_hot_topic\":true,\"clean_right_interest\":true,\"clean_right_member\":true,\"clean_right_groups\":true,\"clean_right_recom_group_user\":true,\"clean_right_hongbao_rank\":true,\"clean_right_att_feed\":false,\"clean_right_notice\":true,\"clean_feed_recommend\":false,\"clean_feed_feed_outer_tip\":true,\"clean_feed_feed_tip\":true,\"clean_feed_group_tip\":false,\"clean_feed_vip_background\":true,\"clean_feed_last_pic\":true,\"clean_feed_pic_tag\":false,\"clean_feed_son_title\":false,\"clean_feed_card\":false,\"clean_feed_article_pay\":false,\"clean_feed_tag\":false,\"clean_feed_related_link\":false,\"clean_feed_source\":false,\"clean_feed_pop\":false,\"clean_feed_like\":false,\"clean_feed_like_comment\":false,\"clean_feed_like_attitude\":true,\"clean_feed_forward\":false,\"clean_feed_favorite\":false,\"clean_feed_promote_other\":false,\"clean_feed_report\":false,\"clean_feed_use_card_background\":false,\"clean_profile_move_things\":false,\"clean_profile_cover\":false,\"clean_profile_bg_img\":true,\"clean_profile_badge_icon\":false,\"clean_profile_verify\":false,\"clean_profile_edit_person_info\":false,\"clean_profile_stats\":false,\"clean_profile_my_data\":false,\"clean_profile_suggest_user\":false,\"clean_profile_group\":false,\"clean_profile_relation\":false,\"clean_profile_album\":false,\"clean_profile_hot_topic\":false,\"clean_profile_hot_weibo\":false,\"clean_profile_recommend_feed\":false,\"clean_profile_user_list\":false,\"clean_profile_hongbao\":false,\"clean_profile_wenwo_dr\":false,\"clean_profile_timeline\":false,\"clean_message_help\":false,\"clean_message_feedback\":false,\"clean_other_ads\":true,\"clean_other_music\":true,\"clean_other_template\":true,\"clean_other_home_tip\":false,\"clean_other_footer\":true,\"clean_other_im\":true,\"clean_other_im_news\":false,\"clean_other_tip\":false,\"clean_other_related_feeds\":false,\"clean_other_related_video\":false,\"clean_other_related_artical\":false,\"clean_other_send_weibo\":false,\"layout_left_messages.atme\":true,\"layout_left_messages.cmt\":true,\"layout_left_messages.like\":false,\"layout_left_messages.dm\":false,\"layout_left_messages.msgbox\":false,\"layout_left_messages.group\":false,\"layout_left_messages.dmsub\":false,\"layout_left_messages\":false,\"layout_side_show_all_groups\":true,\"layout_side_merge.side\":\"right\",\"layout_side_merge\":true,\"layout_side_position.side\":\"right\",\"layout_side_position\":false,\"layout_nav_auto_hide\":true,\"layout_left_move\":true,\"layout_right_move\":false,\"layout_other_move\":false,\"feed_long_expand.count\":1020,\"feed_long_expand.br\":30,\"feed_long_expand\":true,\"filter_profile_show_all\":true,\"feed_view_original.open\":\"image\",\"feed_view_original.direct\":false,\"feed_view_original\":true,\"feed_download_image.direct\":false,\"feed_download_image\":false,\"feed_disable_tag_dialog\":true,\"feed_built_in_video_player.volume\":100,\"feed_built_in_video_player.memorize\":true,\"feed_built_in_video_player\":false,\"feed_no_animated_image\":true,\"feed_link_use_url\":false,\"feed_unicode_emoji\":false,\"feed_no_custom_source\":false,\"comment_layout_hide_sub\":true,\"comment_layout_by_time\":true,\"filter_follow_check.frequency\":259200000,\"filter_follow_check\":false,\"show_artical_without_follow\":true,\"uncheck_follow_presenter\":true,\"layout_fast_face\":false,\"font_family.west\":\"Times\",\"font_family.chinese\":\"中易宋体\",\"font_family\":false,\"feed_font_size.ratio\":\"120\",\"feed_font_size\":true,\"layout_avatar_shape.shape\":\"square\",\"layout_avatar_shape\":false,\"layout_nav_dark\":false,\"layout_nav_classical\":false,\"layout_nav_hide_name.act\":\"hidden\",\"layout_nav_hide_name\":true,\"feed_increase_width.width\":750,\"feed_increase_width\":true,\"layout_theme_apply.skin\":\"skin054\",\"layout_theme_apply\":true,\"feed_author_content_nowrap\":false,\"feed_content_line_break.text\":\"⏎\",\"feed_content_line_break\":false,\"feed_small_image.repost\":false,\"feed_small_image\":false,\"feed_no_space\":false,\"feed_source_at_bottom\":false,\"feed_button_order.0\":\"pop\",\"feed_button_order.1\":\"favorite\",\"feed_button_order.2\":\"forward\",\"feed_button_order.3\":\"comment\",\"feed_button_order.4\":\"like\",\"feed_button_order\":true,\"feed_button_order_comment.0\":\"report\",\"feed_button_order_comment.1\":\"delete\",\"feed_button_order_comment.2\":\"conversition\",\"feed_button_order_comment.3\":\"reply\",\"feed_button_order_comment.4\":\"like\",\"feed_button_order_comment\":true,\"layout_theme_color.color1\":\"#f6f6f6\",\"layout_theme_color.transparency1\":30,\"layout_theme_color.color2\":\"#ffffff\",\"layout_theme_color.transparency2\":30,\"layout_theme_color.color3\":\"#ffffff\",\"layout_theme_color.transparency3\":30,\"layout_theme_color\":false,\"custom_css.css\":\"\",\"filter_homepage_newest_feeds\":true,\"clean_left_new_feed\":false,\"clean_icons_bigfun\":false,\"feed_low_reading_warn\":false,\"script_update_whatsnew.last\":53,\"show_vote_result\":true,\"view_edit_info\":true,\"feed_only_mode.button\":false,\"script_update_whatsnew\":false}","sync::globalConfig":"s{}","sync::user1645221270Follow":"s{}","sync::user1645221270Hide":"s{}"},"ts":1573277037514}