{"options":{"check_for_updates":true,"comment":null,"compatopts_for_requires":true,"compat_wrappedjsobject":false,"compat_metadata":false,"compat_foreach":false,"compat_arrayleft":false,"compat_prototypes":false,"compat_uW_gmonkey":false,"compat_forvarin":false,"noframes":null,"awareOfChrome":true,"run_at":null,"override":{"merge_connects":true,"merge_excludes":true,"merge_includes":true,"merge_matches":true,"orig_excludes":["https://weibo.com/a/bind/*","https://account.weibo.com/*","https://kefu.weibo.com/*","https://photo.weibo.com/*","https://security.weibo.com/*","https://verified.weibo.com/*","https://vip.weibo.com/*","https://api.weibo.com/chat*"],"orig_includes":["https://weibo.com/*","https://*.weibo.com/*"],"orig_matches":["https://*.weibo.com/*"],"orig_noframes":true,"orig_run_at":"document-start","use_blockers":[],"use_connects":[],"use_excludes":[],"use_includes":[],"use_matches":[],"orig_connects":["miaopai.com","sina.cn","sina.com.cn","sinaimg.cn","sinajs.cn","t.cn","weibo.com"]}},"settings":{"enabled":true,"position":7},"meta":{"name":"Yet Another Weibo Filter","uuid":"3df087eb-dd86-4cf0-b20b-d26977e3887f","modified":1573275835832,"file_url":"https://greasyfork.org/scripts/3249-yet-another-weibo-filter/code/Yet%20Another%20Weibo%20Filter.user.js"}}