{"options":{"awareOfChrome":false,"check_for_updates":true,"comment":null,"compat_arrayleft":false,"compat_foreach":false,"compat_forvarin":false,"compat_metadata":false,"compat_uW_gmonkey":false,"compat_wrappedjsobject":false,"compatopts_for_requires":true,"noframes":null,"override":{"merge_connects":true,"merge_excludes":true,"merge_includes":true,"merge_matches":true,"orig_excludes":[],"orig_includes":[],"orig_matches":["*://www.bilibili.com/bangumi/play/ep*","*://www.bilibili.com/bangumi/play/ss*","*://www.bilibili.com/video/av*","*://www.bilibili.com/watchlater/*"],"orig_noframes":null,"orig_run_at":"document-idle","use_blockers":[],"use_connects":[],"use_excludes":[],"use_includes":[],"use_matches":[]},"run_at":null},"settings":{"enabled":true,"position":11},"meta":{"name":"bilibili H5播放器快捷操作","uuid":"bf8a89f0-907a-4297-bd5f-01b31fc247ed","modified":1561271554387,"file_url":"https://greasyfork.org/scripts/26939-bilibili-h5%E6%92%AD%E6%94%BE%E5%99%A8%E5%BF%AB%E6%8D%B7%E6%93%8D%E4%BD%9C/code/bilibili%20%20H5%E6%92%AD%E6%94%BE%E5%99%A8%E5%BF%AB%E6%8D%B7%E6%93%8D%E4%BD%9C.user.js"}}