{"data":{"debug":"bfalse","extent":"bfalse","long_weibo_cache":"s{\"4431317577696121\":{\"html\":\" 【<a target=\\\"_blank\\\" render=\\\"ext\\\" suda-uatrack=\\\"key=topic_click&value=click_topic\\\" class=\\\"a_topic\\\" extra-data=\\\"type=topic\\\" href=\\\"//s.weibo.com/weibo?q=%23%E5%85%A8%E5%9B%BD%E5%A4%9C%E7%8C%AB%E5%AD%90%E5%9C%B0%E5%9B%BE%23&from=default\\\">#全国夜猫子地图#</a>来了！北方人：我要睡觉。南方人：睡什么，起来嗨！】今日，多个权威单位联合发布《2019年Q3中国主要城市交通分析报告》。报告显示，北方城市一到夜间就显得格外“乖巧”，其中东北三省最明显；南方城市一到夜间就格外活跃，十大“夜猫子”城市全部分布在南方，其中广东省最明显。详情戳图↓\",\"count\":145,\"br\":0},\"4431317502267701\":{\"html\":\" 【两高：<a target=\\\"_blank\\\" render=\\\"ext\\\" suda-uatrack=\\\"key=topic_click&value=click_topic\\\" class=\\\"a_topic\\\" extra-data=\\\"type=topic\\\" href=\\\"//s.weibo.com/weibo?q=%23%E7%BD%91%E7%BB%9C%E6%94%AF%E4%BB%98%E7%AD%89%E8%87%B4%E7%94%A8%E6%88%B7%E4%BF%A1%E6%81%AF%E6%B3%84%E9%9C%B2%E6%88%96%E6%8B%85%E5%88%91%E8%B4%A3%23&from=default\\\">#网络支付等致用户信息泄露或担刑责#</a>】25日，最高人民法院举行新闻发布会，发布《最高人民法院、最高人民检察院关于办理非法利用信息网络帮助信息网络犯罪活动等刑事案件适用法律若干问题的解释》，明确搜索引擎、即时通讯、网络支付、网络预约、网络购物、网络游戏、网络直播等所造成的违法信息大量传播、用户信息泄露的，可被纳入拒不履行信息网络安全管理义务罪的入罪标准，网络服务提供者或承担刑事责任。<a target=\\\"_blank\\\" render=\\\"ext\\\" extra-data=\\\"type=atname\\\" href=\\\"//weibo.com/n/%E4%B8%AD%E5%9B%BD%E6%96%B0%E9%97%BB%E7%BD%91?from=feed&loc=at\\\" usercard=\\\"name=中国新闻网\\\">@中国新闻网</a>\",\"count\":200,\"br\":0},\"4431317556668950\":{\"html\":\" 【<a target=\\\"_blank\\\" render=\\\"ext\\\" suda-uatrack=\\\"key=topic_click&value=click_topic\\\" class=\\\"a_topic\\\" extra-data=\\\"type=topic\\\" href=\\\"//s.weibo.com/weibo?q=%23%E4%B8%89%E5%8F%AA%E6%BB%9A%E6%BB%9A%E5%85%A8%E5%9B%BD%E5%BE%81%E5%90%8D%E5%BE%85%E8%AE%A4%E5%85%BB%23&from=default\\\">#三只滚滚全国征名待认养#</a>】秦岭大熊猫繁育研究中心，三只大熊猫宝宝即将迎来百天生日庆，其中有一对还是龙凤胎。目前，它们面向全国征名，同时也在等待认养。认养分为年度认养、终身认养和冠名认养三种，认养人享有大熊猫的知情权和探视权。看视频↓三只萌宝的名字就靠你啦，快来留言！ <a  suda-uatrack=\\\"key=tblog_card&value=click_title:4431317556668950:1034-video:1034%3A4431317438249615:getlongtext:2656274875:4431317556668950:2656274875\\\" title=\\\"央视新闻的微博视频\\\" href=\\\"http://t.cn/Ai1LQQzi\\\" alt=\\\"http://t.cn/Ai1LQQzi\\\" action-type=\\\"feed_list_url\\\" target=\\\"_blank\\\" rel=\\\"noopener noreferrer\\\"><i class=\\\"W_ficon ficon_cd_video\\\">L</i>央视新闻的微博视频</a>\",\"count\":145,\"br\":0},\"4431317552465191\":{\"html\":\" <a target=\\\"_blank\\\" render=\\\"ext\\\" suda-uatrack=\\\"key=topic_click&value=click_topic\\\" class=\\\"a_topic\\\" extra-data=\\\"type=topic\\\" href=\\\"//s.weibo.com/weibo?q=%23%E8%8B%B1%E5%9B%BD%E9%A6%96%E7%9B%B8%E5%AF%BB%E6%B1%82%E6%8F%90%E5%89%8D%E5%A4%A7%E9%80%89%23&from=default\\\">#英国首相寻求提前大选#</a>【英国“脱欧”进展：议员们考虑首相提前大选建议 ，欧盟讨论延迟期限】英国议会下院日前通过一项修正案，不仅推迟表决首相鲍里斯·约翰逊与欧盟此前达成的新“脱欧”协议，还迫使他致信欧盟申请“脱欧”最终期限再延长3个月，即推后至明年1月31日。约翰逊随后呼吁提前举行大选。他表示，如果议员们支持在12月12日举行大选，他将给予他们更多时间就新“脱欧”协议进行讨论。英国议员们正在考虑约翰逊的这一提议。与此同时，欧盟将举行会晤讨论延长英国“脱欧”的期限。就目前的情况来看，大多数欧盟国家都支持将“脱欧”延期3个月。英国政府表示，如果欧盟如预期的那样同意将“脱欧”延迟到明年1月，英方计划在下周一将提前大选的动议提交给议会下院投票表决。 <a  suda-uatrack=\\\"key=tblog_card&value=click_title:4431317552465191:3000000067-webpage:3000000067%3A201835aa13f9b05955c6340d12c16c54\\\" title=\\\"英国“脱欧”进展：议员们考虑首相提前大选建议...\\\" href=\\\"http://t.cn/Ai1Lo8Ll\\\" alt=\\\"http://t.cn/Ai1Lo8Ll\\\" action-type=\\\"feed_list_url\\\" target=\\\"_blank\\\" rel=\\\"noopener noreferrer\\\"><i class=\\\"W_ficon ficon_cd_link\\\">O</i>英国“脱欧”进展：议员们考虑首相提前大选建议...</a><br>提前大选一个月内基本不可能通过\",\"count\":357,\"br\":1},\"4431317724631297\":{\"html\":\" <a target=\\\"_blank\\\" render=\\\"ext\\\" suda-uatrack=\\\"key=topic_click&value=click_topic\\\" class=\\\"a_topic\\\" extra-data=\\\"type=topic\\\" href=\\\"//s.weibo.com/weibo?q=%23%E5%A3%B0%E9%9F%B3%C2%B7%E8%A7%82%E7%82%B9%23&from=default\\\">#声音·观点#</a> 【“脱欧”僵局难破 <a target=\\\"_blank\\\" render=\\\"ext\\\" suda-uatrack=\\\"key=topic_click&value=click_topic\\\" class=\\\"a_topic\\\" extra-data=\\\"type=topic\\\" href=\\\"//s.weibo.com/weibo?q=%23%E8%8B%B1%E5%9B%BD%E9%A6%96%E7%9B%B8%E5%AF%BB%E6%B1%82%E6%8F%90%E5%89%8D%E5%A4%A7%E9%80%89%23&from=default\\\">#英国首相寻求提前大选#</a>】10月24日，英国 “脱欧”协议迟迟无法通过，首相约翰逊寻求在12月12日提前大选。英国下一次大选原应在2022年举行，约翰逊如果要提前选举，需要获得三分之二议员支持。反对党领导人科尔宾表示，只有排除“无协议脱欧”，工党才会支持大选。 <a  suda-uatrack=\\\"key=tblog_card&value=click_title:4431317724631297:2017607-video:2017607%3A4431257174527439:getlongtext:1653460650:4431317724631297:1653460650\\\" title=\\\"世面的秒拍视频\\\" href=\\\"http://t.cn/Ai12J3Yq\\\" alt=\\\"http://t.cn/Ai12J3Yq\\\" action-type=\\\"feed_list_url\\\" target=\\\"_blank\\\" rel=\\\"noopener noreferrer\\\"><i class=\\\"W_ficon ficon_cd_video\\\">L</i>世面的秒拍视频</a>\",\"count\":147,\"br\":0},\"4431320056634893\":{\"html\":\" <a target=\\\"_blank\\\" render=\\\"ext\\\" suda-uatrack=\\\"key=topic_click&value=click_topic\\\" class=\\\"a_topic\\\" extra-data=\\\"type=topic\\\" href=\\\"//s.weibo.com/weibo?q=%23%E7%BD%91%E7%BA%A6%E8%BD%A6%E6%95%B4%E6%94%B9%E6%80%BB%E7%BB%93%23&from=default\\\">#网约车整改总结#</a> 【滴滴：客服团队扩大至9000人 144城市获网约车牌照】滴滴完成限时整改并发总结报告，从七方面27项工作进行整改落实。对比整改前，平台证数量“翻一番”，安全响应130分钟内处理完毕，在144城取得《网络预约出租汽车经营许可证》，<a target=\\\"_blank\\\" render=\\\"ext\\\" suda-uatrack=\\\"key=topic_click&value=click_topic\\\" class=\\\"a_topic\\\" extra-data=\\\"type=topic\\\" href=\\\"//s.weibo.com/weibo?q=%23%E6%BB%B4%E6%BB%B4%E5%AE%A2%E6%9C%8D%E5%9B%A2%E9%98%9F%E6%89%A9%E5%A4%A7%E8%87%B39000%E4%BA%BA%23&from=default\\\">#滴滴客服团队扩大至9000人#</a> 。<a  suda-uatrack=\\\"key=tblog_card&value=click_title:4431320056634893:2026736001-webpage:2026736001%3Acomos%3Aicezzrr4808724\\\" title=\\\"滴滴：客服团队扩大至9000人 144城市获网约车...\\\" href=\\\"http://feed.mix.sina.com.cn/link_card/redirect?url=https%3A%2F%2Fcj.sina.cn%2Farticle%2Fnorm_detail%3Furl%3Dhttps%253A%252F%252Ftech.sina.com.cn%252Fi%252F2019-10-25%252Fdoc-iicezzrr4808724.shtml\\\" alt=\\\"http://feed.mix.sina.com.cn/link_card/redirect?url=https%3A%2F%2Fcj.sina.cn%2Farticle%2Fnorm_detail%3Furl%3Dhttps%253A%252F%252Ftech.sina.com.cn%252Fi%252F2019-10-25%252Fdoc-iicezzrr4808724.shtml\\\" action-type=\\\"feed_list_url\\\" target=\\\"_blank\\\" rel=\\\"noopener noreferrer\\\"><i class=\\\"W_ficon ficon_cd_link\\\">O</i>滴滴：客服团队扩大至9000人 144城市获网约车...</a> ​ via: <a target=\\\"_blank\\\" render=\\\"ext\\\" extra-data=\\\"type=atname\\\" href=\\\"//weibo.com/n/%E6%96%B0%E6%B5%AA%E7%A7%91%E6%8A%80?from=feed&loc=at\\\" usercard=\\\"name=新浪科技\\\">@新浪科技</a>\",\"count\":163,\"br\":0},\"4431319973276438\":{\"html\":\" 【华为畅享10S发布】10月25日，华为畅享10S正式亮相，该机10S采用6.3英寸OLED全面屏，屏占比达到了90.17%，分辨率为2400×1080，支持屏幕指纹识别。<br>核心配置上，畅享10S搭载麒麟710F处理器，配备6GB内存+64GB存储，前置1600万像素，后置4800万+800万+200万AI三摄，电池容量为4000mAh，预装EMUI 9.1。支付订金100元可抵200元，到手价为1499元，11月11日正式发售。\",\"count\":168,\"br\":1},\"4431319930702714\":{\"html\":\" <a target=\\\"_blank\\\" render=\\\"ext\\\" suda-uatrack=\\\"key=topic_click&value=click_topic\\\" class=\\\"a_topic\\\" extra-data=\\\"type=topic\\\" href=\\\"//s.weibo.com/weibo?q=%23%E5%85%AC%E4%BA%A4%E8%BD%A6%E5%8F%B8%E6%9C%BA%E8%BF%87%E7%AB%99%E8%AF%A5%E4%B8%8D%E8%AF%A5%E5%81%9C%E8%BD%A6%23&from=default\\\">#公交车司机过站该不该停车#</a> ？10月20日，河北保定，一女子因坐过站，要求公交车司机站外停车，司机便将车停在了超车道上，女子一下车就被后方驶来的渣土车撞上，瞬间被卷入车底。女子因抢救无效死亡。经交警判定，公交车司机负主要责任，已被依法逮捕，货车司机负次要责任，乘车女子无责任。&nbsp;&nbsp;<a  suda-uatrack=\\\"key=tblog_card&value=click_title:4431319930702714:1034-video:1034%3A4431318541621870:getlongtext:5662793920:4431319930702714:5662793920\\\" title=\\\"5X老司机运营小妹的微博视频\\\" href=\\\"http://t.cn/Ai1LnAF1\\\" alt=\\\"http://t.cn/Ai1LnAF1\\\" action-type=\\\"feed_list_url\\\" target=\\\"_blank\\\" rel=\\\"noopener noreferrer\\\"><i class=\\\"W_ficon ficon_cd_video\\\">L</i>5X老司机运营小妹的微博视频</a>\",\"count\":151,\"br\":0},\"4431319876034323\":{\"html\":\" 想起西班牙内战一个事情。共和派为了取得苏联武器用于内战，也是怕佛朗哥占领马德里，在1936年往苏联先后运送了1万箱、总计600多吨黄金，几乎把西班牙几百年来在新大陆搜刮掠夺的黄金储备掏空了。<br><br>当时这些黄金单是金属本身就价值7亿多美元，而且有很多是稀有的古币。因为苏联人的军事援助不是免费的，要求西班牙共和派政府拿黄金来抵。<br><br>结果苏联人收到黄金之后就开始耍赖，实际上只折抵了西班牙共和派5000万美元的援助账单，在内战最后阶段更是坐视共和派垮台，彻底私吞了西班牙黄金。在西班牙内战中，苏联可能是最无耻的一方。<br><br>佛朗哥上台之后，更不可能从苏联人那里要回黄金了。这也是佛朗哥和西班牙政府后来仇视苏联的重要原因。\",\"count\":293,\"br\":6},\"4431319842890465\":{\"html\":\" 【<a target=\\\"_blank\\\" render=\\\"ext\\\" suda-uatrack=\\\"key=topic_click&value=click_topic\\\" class=\\\"a_topic\\\" extra-data=\\\"type=topic\\\" href=\\\"//s.weibo.com/weibo?q=%23%E5%A4%96%E4%BA%A4%E9%83%A8%E5%A5%89%E5%8A%9D%E7%BE%8E%E5%9B%BD%E4%B8%80%E4%BA%9B%E4%BA%BA%E5%A5%BD%E5%A5%BD%E7%85%A7%E7%85%A7%E9%95%9C%E5%AD%90%23&from=default\\\">#外交部奉劝美国一些人好好照照镜子#</a>】昨天，美国副总统彭斯对中国社会制度和人权宗教状况进行蓄意歪曲，对中国内外政策进行无端指责。对此，外交部发言人华春莹表示，中方表示强烈的愤慨和坚决反对。中国的朋友遍天下，任何想给中国扣上这样那样的“帽子”、离间中国与世界其他国家关系的图谋都不会得逞，都只会自取其辱。奉劝美国一些人好好照照镜子，认清自己的问题，管好自己的事情，不要再满世界大放厥词，早点收起那套损人不利己的把戏。<a target=\\\"_blank\\\" render=\\\"ext\\\" extra-data=\\\"type=atname\\\" href=\\\"//weibo.com/n/%E5%A4%AE%E8%A7%86%E6%96%B0%E9%97%BB?from=feed&loc=at\\\" usercard=\\\"name=央视新闻\\\">@央视新闻</a>\",\"count\":212,\"br\":0},\"4431319842657693\":{\"html\":\" 拜仁传奇埃尔伯谈莱万：“太疯狂了！真的！我不知道怎样做到像他那样，很难找到语言来形容他。没有他，拜仁会非常艰难。我之前总是想，没人能打破盖德-穆勒（德甲单赛季40球）的纪录。但如今我想，莱万可以做到！你得希望他自己不要受伤。”<br><br>《图片报》表示，如果把莱万的进球拿掉，拜仁本赛季德甲前8轮比赛只能拿8分。\",\"count\":148,\"br\":2},\"4431319687354112\":{\"html\":\" 【<a target=\\\"_blank\\\" render=\\\"ext\\\" suda-uatrack=\\\"key=topic_click&value=click_topic\\\" class=\\\"a_topic\\\" extra-data=\\\"type=topic\\\" href=\\\"//s.weibo.com/weibo?q=%23%E8%8B%B1%E5%9B%BD%E9%A6%96%E7%9B%B8%E5%AF%BB%E6%B1%82%E6%8F%90%E5%89%8D%E5%A4%A7%E9%80%89%23&from=default\\\">#英国首相寻求提前大选#</a>，一图看懂英欧60年“爱恨情仇”】24日，<a target=\\\"_blank\\\" render=\\\"ext\\\" suda-uatrack=\\\"key=topic_click&value=click_topic\\\" class=\\\"a_topic\\\" extra-data=\\\"type=topic\\\" href=\\\"//s.weibo.com/weibo?q=%23%E8%84%B1%E6%AC%A7%23&from=default\\\">#脱欧#</a>大戏又有新剧情，英首相约翰逊寻求“闪电大选”，其脱欧协议虽在议会二读通过，加速脱欧的立法时间表却被否决，脱欧又双叒要延期了……实际上，英国20世纪60年代申请“入欧”以来，到如今想“脱欧”，英欧关系一路磕磕绊绊。症结究竟何在？漫漫脱欧路，带你一图看懂。戳&gt;&gt;<a  suda-uatrack=\\\"key=tblog_card&value=click_title:4431319687354112:1022-article:1022%3A2309351000024431302240632969:getlongtext:1784473157:4431319687354112:1784473157\\\" title=\\\"一图解读英欧关系60年 带你看懂漫漫“脱欧”路\\\" href=\\\"//weibo.com/ttarticle/p/show?id=2309351000024431302240632969\\\" alt=\\\"http://weibo.com/ttarticle/p/show?id=2309351000024431302240632969\\\" action-type=\\\"feed_list_url\\\" target=\\\"_blank\\\" rel=\\\"noopener noreferrer\\\"><i class=\\\"W_ficon ficon_cd_longwb\\\">&#xb0;</i>一图解读英欧关系60年 带你看懂漫漫“脱欧”路</a><a href=\\\"javascript:void(0);\\\" action-type=\\\"widget_photoview\\\" action-data=\\\"uid=1784473157&mid=4431319687354112&pid=6a5ce645ly1g8aiz2qm8lj20jg7nb7wd\\\" suda-uatrack=\\\"key=tblog_fstt&value=pop_butt_home\\\"  imagecard=\\\"pid=6a5ce645ly1g8aiz2qm8lj20jg7nb7wd\\\"><i class=\\\"W_ficon ficon_cd_img\\\">¡</i>查看图片</a>\",\"count\":187,\"br\":0},\"4431318987243698\":{\"html\":\" 【不能忘记！郭川船长失联三周年】2016年10月25日，郭川船长在进行单人不间断跨太平洋创纪录航行时，在夏威夷海域失联。如今，时间已经过去三年，我们应该记得，曾经有这样一位航海英雄，用理想的崇高，映射出现实的渺小。<br>作为中国航海第一人，郭川曾在2013年，用近138天，创下单人孤帆无补给不间断环球航行的最快纪录，创造了属于中国航海家的世界航海奇迹。<br>2015年，郭川和他的团队克服北冰洋零下40度的酷寒绝境，以291小时，驶过3240海里，征服了被誉为死亡航路的北冰洋东北航道，将不可能变为奇迹，将死亡航路变为传奇注脚。<br>关于郭川的传奇事迹还有很多，我们宁愿相信，这样一位伟大的航海英雄只是消失在茫茫大海中，尚未归来。<a  suda-uatrack=\\\"key=tblog_card&value=click_title:4431318987243698:1034-video:1034%3A3bb77eedc23b8bb1dbe712879464fe3e:getlongtext:1887790981:4431318987243698:1887790981\\\" title=\\\"微博视频\\\" href=\\\"http://t.cn/RVRdjQ5\\\" alt=\\\"http://t.cn/RVRdjQ5\\\" action-type=\\\"feed_list_url\\\" target=\\\"_blank\\\" rel=\\\"noopener noreferrer\\\"><i class=\\\"W_ficon ficon_cd_video\\\">L</i>微博视频</a> <a target=\\\"_blank\\\" render=\\\"ext\\\" extra-data=\\\"type=atname\\\" href=\\\"//weibo.com/n/%E5%A4%AE%E8%A7%86%E4%BD%93%E8%82%B2?from=feed&loc=at\\\" usercard=\\\"name=央视体育\\\">@央视体育</a>\",\"count\":303,\"br\":3},\"4431319658363639\":{\"html\":\" 【证监会：<a target=\\\"_blank\\\" render=\\\"ext\\\" suda-uatrack=\\\"key=topic_click&value=click_topic\\\" class=\\\"a_topic\\\" extra-data=\\\"type=topic\\\" href=\\\"//s.weibo.com/weibo?q=%23%E6%96%B0%E4%B8%89%E6%9D%BF%E6%94%B9%E9%9D%A9%23&from=default\\\">#新三板改革#</a>有五项举措】证监会新闻发言人常德鹏25日表示，按照新三板改革思路，证监会将重点推进五项改革措施，一是优化发行融资制度，构建多元化的发行机制，运行符合条件的创新层企业向不特定的投资者发行股票，提高融资效率，支持不同类型的挂牌企业融资发展；二是完善市场分层，设立精选层；三是建立挂牌公司的转板上市机制；四是加强监督管理，分类监管，切实提升挂牌公司质量；五是健全市场退出机制，完善摘牌制度，保护投资者合法权益。<a  suda-uatrack=\\\"key=tblog_card&value=click_title:4431319658363639:3000000171-webpage:3000000171%3A8fccbe014659e6879b04a0f254e5291b\\\" title=\\\"证监会：新三板改革有五项举措\\\" href=\\\"http://t.cn/Ai1LERGA\\\" alt=\\\"http://t.cn/Ai1LERGA\\\" action-type=\\\"feed_list_url\\\" target=\\\"_blank\\\" rel=\\\"noopener noreferrer\\\"><i class=\\\"W_ficon ficon_cd_link\\\">O</i>证监会：新三板改革有五项举措</a>\",\"count\":227,\"br\":0},\"4431318932572063\":{\"html\":\" 《世界周报》：自公元800年以来，中国的边界几乎一直保持不变。我看不出中国人有什么扩张的打算。<br>戈德曼：这一点我同意。<br>《世界周报》：那么，他们的战略是什么？他们究竟想要什么？<br>戈德曼：他们想让所有人向中华帝国交租。他们想控制关键技术、金融和物流，让大家都依赖他们。基本上，就等于把其他人变成佃农。<br>《世界周报》：那他们现在进展如何？&nbsp;&nbsp;<a  suda-uatrack=\\\"key=tblog_card&value=click_title:4431318932572063:1022-article:1022%3A2309404431318929768763:getlongtext:6485617783:4431318932572063:6485617783\\\" title=\\\"中国的战略是什么？他们想把其他人都变成“佃...\\\" href=\\\"http://t.cn/Ai1LRHJ6\\\" alt=\\\"http://t.cn/Ai1LRHJ6\\\" action-type=\\\"feed_list_url\\\" target=\\\"_blank\\\" rel=\\\"noopener noreferrer\\\"><i class=\\\"W_ficon ficon_cd_longwb\\\">&#xb0;</i>中国的战略是什么？他们想把其他人都变成“佃...</a>\",\"count\":186,\"br\":4},\"4431319523906587\":{\"html\":\" 【蔡某某被抓获前疑似“自导自演”洗脱嫌疑，<a target=\\\"_blank\\\" render=\\\"ext\\\" suda-uatrack=\\\"key=topic_click&value=click_topic\\\" class=\\\"a_topic\\\" extra-data=\\\"type=topic\\\" href=\\\"//s.weibo.com/weibo?q=%23%E8%A1%8C%E5%87%B6%E7%94%B7%E5%AD%A9%E6%9B%BE%E7%A7%B0%E8%87%AA%E5%B7%B1%E6%9C%AA%E6%BB%A114%E5%B2%81%23&from=default\\\">#行凶男孩曾称自己未满14岁#</a>】大连10岁被害女孩王某的母亲贺薇向记者展示了一份群聊记录，上面记录着蔡某某20日晚上在行凶后到被警方控制这段时间的部分言论。蔡某某在班级群发了一案发现场搜查现场视频，并对同学说：“小孩死了，让人扒光给杀了，就在我家门口对面。”他在和同学聊天时辩解，自己的血是不小心蹭到王某身上的，还说：“我害怕啊，怀疑我了，我的指纹咋整，我一小孩他们怀疑我？我虚岁14。”<br>王父的大嫂曾见到蔡某某在女孩的尸体被发现后返回现场围观：“当时蔡某某围观时对前面的人说了一句'真死了啊？'”<br><a  suda-uatrack=\\\"key=tblog_card&value=click_title:4431319523906587:2017607-video:2017607%3A4431299679612645:getlongtext:6526315086:4431319523906587:6526315086\\\" title=\\\"封面新闻视频的秒拍视频\\\" href=\\\"http://t.cn/Ai1LVEFO\\\" alt=\\\"http://t.cn/Ai1LVEFO\\\" action-type=\\\"feed_list_url\\\" target=\\\"_blank\\\" rel=\\\"noopener noreferrer\\\"><i class=\\\"W_ficon ficon_cd_video\\\">L</i>封面新闻视频的秒拍视频</a>\",\"count\":275,\"br\":2},\"4431318845160180\":{\"html\":\" 【跑出“上海速度”特斯拉上海工厂早于预期试生产：内部照片首次曝光】10月24日，特斯拉在第三季度财报中表示，特斯拉上海超级工厂已做好投入生产的准备，其建造成本比美国的Model 3生产线降低了约65%。特斯拉位于美国加州弗里蒙特工厂的Model Y设备的安装工作正以比原计划更快的速度推进，Model Y将提前生产并于2020年夏季推出。 <a  suda-uatrack=\\\"key=tblog_card&value=click_title:4431318845160180:1034-video:1034%3A4431318659063008:getlongtext:6524418583:4431318845160180:6524418583\\\" title=\\\"看看新闻魔都眼的微博视频\\\" href=\\\"http://t.cn/Ai1LRpd4\\\" alt=\\\"http://t.cn/Ai1LRpd4\\\" action-type=\\\"feed_list_url\\\" target=\\\"_blank\\\" rel=\\\"noopener noreferrer\\\"><i class=\\\"W_ficon ficon_cd_video\\\">L</i>看看新闻魔都眼的微博视频</a>\",\"count\":167,\"br\":0},\"4431318865544148\":{\"html\":\" 现在我驾驶的是一辆<a target=\\\"_blank\\\" render=\\\"ext\\\" extra-data=\\\"type=atname\\\" href=\\\"//weibo.com/n/%E7%A6%8F%E7%89%B9%E4%B8%AD%E5%9B%BD?from=feed&loc=at\\\" usercard=\\\"name=福特中国\\\">@福特中国</a> 全新金牛座，而且还是顶配的Vignale车型。应该说，我对于这辆轴距达到2949mm，有5018mm长的车子感觉还不错。当然了，2.0T的EcoBoost245发动机动力十足，8速手自一体的变速箱加减速也极为平顺，不过这一切都不是今天我想要说的重点。我想给大家介绍的，其实是...&nbsp;&nbsp;<a  suda-uatrack=\\\"key=tblog_card&value=click_title:4431318865544148:1034-video:1034%3A4431313344654577:getlongtext:1649145663:4431318865544148:1649145663\\\" title=\\\"春卷的微博视频\\\" href=\\\"http://t.cn/Ai1LROQG\\\" alt=\\\"http://t.cn/Ai1LROQG\\\" action-type=\\\"feed_list_url\\\" target=\\\"_blank\\\" rel=\\\"noopener noreferrer\\\"><i class=\\\"W_ficon ficon_cd_video\\\">L</i>春卷的微博视频</a>\",\"count\":144,\"br\":0},\"4431318840759235\":{\"html\":\" 【中超第27轮海报一览（一）】<a target=\\\"_blank\\\" render=\\\"ext\\\" suda-uatrack=\\\"key=topic_click&value=click_topic\\\" class=\\\"a_topic\\\" extra-data=\\\"type=topic\\\" href=\\\"//s.weibo.com/weibo?q=%23%E4%B8%AD%E8%B6%85%E8%81%94%E8%B5%9B%23&from=default\\\">#中超联赛#</a>第27轮今晚拉开战幕<img class=\\\"W_img_face\\\" render=\\\"ext\\\" src=\\\"//img.t.sinajs.cn/t4/appstyle/expression/ext/normal/1e/2018new_taikaixin_org.png\\\" title=\\\"[太开心]\\\" alt=    \\\"[太开心]\\\" type=\\\"face\\\" />各支球队陆续发布本轮赛前海报，你最喜欢哪一款呢？<img class=\\\"W_img_face\\\" render=\\\"ext\\\" src=\\\"//img.t.sinajs.cn/t4/appstyle/expression/ext/normal/6c/2018new_weiguan_org.png\\\" title=\\\"[围观]\\\" alt=    \\\"[围观]\\\" type=\\\"face\\\" /><img class=\\\"W_img_face\\\" render=\\\"ext\\\" src=\\\"//img.t.sinajs.cn/t4/appstyle/expression/ext/normal/6c/2018new_weiguan_org.png\\\" title=\\\"[围观]\\\" alt=    \\\"[围观]\\\" type=\\\"face\\\" /><br>重庆斯威：有？没有？有！<br>上海绿地申花：逆江而上<br>河北华夏幸福：共同的目标，共同的战场 <br>广州富力：一步之遥<br>北京中赫国安：迎战<br>天津泰达：会狮<br>深圳佳兆业：我命由我不由天<br>武汉卓尔：鹏虽千里，有凤来栖\",\"count\":146,\"br\":8},\"4431311291136143\":{\"html\":\" <a target=\\\"_blank\\\" render=\\\"ext\\\" suda-uatrack=\\\"key=topic_click&value=click_topic\\\" class=\\\"a_topic\\\" extra-data=\\\"type=topic\\\" href=\\\"//s.weibo.com/weibo?q=%23%E5%9B%BD%E9%99%85%E6%B5%B7%E4%BA%8B%E7%BB%84%E7%BB%87%23&from=default\\\">#国际海事组织#</a> 和<a target=\\\"_blank\\\" render=\\\"ext\\\" suda-uatrack=\\\"key=topic_click&value=click_topic\\\" class=\\\"a_topic\\\" extra-data=\\\"type=topic\\\" href=\\\"//s.weibo.com/weibo?q=%23%E4%B8%96%E7%95%8C%E6%B0%94%E8%B1%A1%E7%BB%84%E7%BB%87%23&from=default\\\">#世界气象组织#</a> 主办的首届“海洋极端天气专题国际研讨会”近日在国际海事组织伦敦总部举行，以致力于加强海上生命安全、减少环境破坏以及极端海洋天气对经济造成的破坏。此次研讨会预计将取得多项成果，包括：讨论海洋、航运和其他相关海洋社区如何合作以优化和改善价值链；更好地了解海洋信息提供者和使用者之间存在的机遇与挑战；通过<a target=\\\"_blank\\\" render=\\\"ext\\\" suda-uatrack=\\\"key=topic_click&value=click_topic\\\" class=\\\"a_topic\\\" extra-data=\\\"type=topic\\\" href=\\\"//s.weibo.com/weibo?q=%23%E5%8F%AF%E6%8C%81%E7%BB%AD%E5%8F%91%E5%B1%95%E7%9B%AE%E6%A0%87%23&from=default\\\">#可持续发展目标#</a> 和《仙台减少灾害风险框架》向各国提供援助，以响应国际目标等等。<br><br><a target=\\\"_blank\\\" render=\\\"ext\\\" suda-uatrack=\\\"key=topic_click&value=click_topic\\\" class=\\\"a_topic\\\" extra-data=\\\"type=topic\\\" href=\\\"//s.weibo.com/weibo?q=%23%E6%B5%B7%E6%B4%8B%23&from=default\\\">#海洋#</a> 为全球经济提供了一条可持续的交通运输路线；<a target=\\\"_blank\\\" render=\\\"ext\\\" suda-uatrack=\\\"key=topic_click&value=click_topic\\\" class=\\\"a_topic\\\" extra-data=\\\"type=topic\\\" href=\\\"//s.weibo.com/weibo?q=%23%E8%93%9D%E8%89%B2%E7%BB%8F%E6%B5%8E%23&from=default\\\">#蓝色经济#</a> 市值约每年3至6万亿美元，占世界贸易额70％，为60亿人口提供生计。但在过去几十年中，<a target=\\\"_blank\\\" render=\\\"ext\\\" suda-uatrack=\\\"key=topic_click&value=click_topic\\\" class=\\\"a_topic\\\" extra-data=\\\"type=topic\\\" href=\\\"//s.weibo.com/weibo?q=%23%E6%9E%81%E7%AB%AF%E5%A4%A9%E6%B0%94%23&from=default\\\">#极端天气#</a> 条件导致每年数千人葬身大海，价值数百万美元商品遭到损失；而运输事故不仅危及船上生命和货物，也可能造成环境灾难。目前，各国政府和国际机构正在呼吁采取行动，以改善对极端海洋天气的预报和预警能力。<a suda-uatrack=\\\"key=minicard&value=pagelink_minicard_click\\\" title=\\\"网页链接\\\" href=\\\"http://t.cn/Ai3FotVH\\\" alt=\\\"http://t.cn/Ai3FotVH\\\" action-type=\\\"feed_list_url\\\" target=\\\"_blank\\\" rel=\\\"noopener noreferrer\\\"><i class=\\\"W_ficon ficon_cd_link\\\">O</i>网页链接</a>\",\"count\":380,\"br\":2}}","search_enable":"bfalse","user1645221270config":"s{\"weibo.tool.load_weibo_by_group.group\":{},\"weibo.tool.load_weibo_by_group\":false,\"weibo.tool.load_weibo_by_multi_group.count\":50,\"weibo.tool.load_weibo_by_multi_group.enabled\":false,\"weibo.tool.load_weibo_by_multi_group.clear\":\"clear\",\"weibo.tool.load_weibo_by_multi_group.whisper\":false,\"weibo.tool.load_weibo_by_multi_group\":[],\"weibo.tool.use_fast_creator\":true,\"weibo.tool.refilter\":true,\"weibo.tool.fast_block_button\":false,\"weibo.tool.block_hidden\":false,\"weibo.tool.disable_lazyload\":true,\"weibo.other.group_account\":true,\"weibo.other.group_same_account\":true,\"weibo.other.auto_load_new_weibo\":false,\"weibo.other.auto_expand.etypes\":false,\"weibo.other.auto_expand.background\":true,\"weibo.other.auto_expand\":false,\"weibo.other.desktop_notification.types\":true,\"weibo.other.desktop_notification.autohide\":true,\"weibo.other.desktop_notification.shorten\":false,\"weibo.other.desktop_notification.shortlen\":50,\"weibo.other.desktop_notification.duration\":3000,\"weibo.other.desktop_notification.durationc\":150,\"weibo.other.desktop_notification.ntypes\":false,\"weibo.other.desktop_notification\":false,\"weibo.filters.keyword.whitelist\":[],\"weibo.filters.keyword.blacklist\":[],\"weibo.filters.keyword.foldlist\":[],\"weibo.filters.regexp.whitelist\":[],\"weibo.filters.regexp.blacklist\":[],\"weibo.filters.regexp.foldlist\":[],\"weibo.content.types_mention\":false,\"weibo.content.types_topic\":false,\"weibo.content.types_stock\":false,\"weibo.content.types_linkt\":false,\"weibo.content.types_linku\":false,\"weibo.content.types_emotion\":false,\"weibo.filters.account.whitelist\":[],\"weibo.filters.account.blacklist\":[],\"weibo.filters.account.foldlist\":[],\"weibo.filters.accountf.blacklist\":[],\"weibo.filters.accountf.foldlist\":[],\"weibo.original.blacklist_d\":true,\"weibo.filters.original.whitelist\":[],\"weibo.filters.original.blacklist\":[],\"weibo.filters.original.foldlist\":[],\"weibo.original.by_follower.enabled\":false,\"weibo.original.by_follower.fans\":10,\"weibo.original.by_follower\":[],\"weibo.filters.mention.whitelist\":[],\"weibo.filters.mention.blacklist\":[],\"weibo.filters.mention.foldlist\":[],\"weibo.filters.topic.whitelist\":[],\"weibo.filters.topic.blacklist\":[],\"weibo.filters.topic.foldlist\":[],\"weibo.filters.rtopic.whitelist\":[],\"weibo.filters.rtopic.blacklist\":[],\"weibo.filters.rtopic.foldlist\":[],\"weibo.filters.source.whitelist\":[],\"weibo.filters.source.blacklist\":[],\"weibo.filters.source.foldlist\":[],\"weibo.filters.hyperlink.whitelist\":[],\"weibo.filters.hyperlink.blacklist\":[],\"weibo.filters.hyperlink.foldlist\":[],\"weibo.filters.linktitle.whitelist\":[],\"weibo.filters.linktitle.blacklist\":[],\"weibo.filters.linktitle.foldlist\":[],\"weibo.other.my_weibo\":false,\"weibo.other.my_original\":false,\"weibo.other.mention_me\":false,\"weibo.other.ad_feed\":true,\"weibo.other.fans_top\":true,\"weibo.other.product_card\":true,\"weibo.other.tb_tm_wb\":true,\"weibo.other.weibo_pay_gift\":true,\"weibo.other.user_like\":false,\"weibo.other.fake_weibo\":false,\"weibo.other.deleted_forward\":false,\"weibo.other.comment_and_reply\":false,\"weibo.other.vote_weibo\":false,\"weibo.other.red2014\":false,\"weibo.other.jinli_forward\":false,\"weibo.other.appitem\":false,\"weibo.other.wenda\":false,\"weibo.other.wenwodr\":false,\"weibo.other.yizhibo.type\":\"all\",\"weibo.other.yizhibo\":true,\"weibo.other.stock\":false,\"weibo.other.paid\":false,\"weibo.other.multi_topic.num\":5,\"weibo.other.multi_topic\":false,\"weibo.other.too_long\":false,\"weibo.other.wei_huati\":false,\"weibo.other.wei_qun\":false,\"weibo.other.wei_fangtan\":false,\"weibo.other.wei_gongyi\":false,\"weibo.other.unauth_source\":false,\"weibo.other.same_account.number\":5,\"weibo.other.same_account.action\":\"fold\",\"weibo.other.same_account\":false,\"weibo.other.same_forward.number\":3,\"weibo.other.same_forward.action\":\"fold\",\"weibo.other.same_forward\":false,\"weibo.filters.ckeyword.whitelist\":[],\"weibo.filters.ckeyword.blacklist\":[],\"weibo.filters.cregexp.whitelist\":[],\"weibo.filters.cregexp.blacklist\":[],\"weibo.filters.cuser.whitelist\":[],\"weibo.filters.cuser.blacklist\":[],\"weibo.filters.ctopic.whitelist\":[],\"weibo.filters.ctopic.blacklist\":[],\"weibo.comment.my_comment\":true,\"weibo.comment.emoji_count.number\":8,\"weibo.comment.emoji_count\":false,\"weibo.comment.emoji_types.number\":4,\"weibo.comment.emoji_types\":false,\"weibo.comment.no_content\":true,\"weibo.comment.with_forward\":false,\"weibo.comment.with_picture.act\":\"fold\",\"weibo.comment.with_picture\":true,\"weibo.comment.delete_comment\":false,\"weibo.layoutHideIconLevel\":false,\"weibo.layoutHideIconMember\":false,\"weibo.layoutHideIconApprove\":false,\"weibo.layoutHideIconApproveCo\":false,\"weibo.layoutHideIconApproveDead\":false,\"weibo.layoutHideIconClub\":false,\"weibo.layoutHideIconVGirl\":false,\"weibo.layoutHideIconSupervisor\":false,\"weibo.layoutHideIconTaobao\":false,\"weibo.layoutHideIconCheng\":false,\"weibo.layoutHideIconGongyi\":false,\"weibo.layoutHideIconZongyika\":false,\"weibo.layoutHideIconOther\":false,\"weibo.layoutHideFollowSingle\":false,\"weibo.layoutHideFollowAtMe\":false,\"weibo.layoutHideFollowDiscover\":false,\"weibo.layoutHideFollowWhisper\":false,\"weibo.layoutHideFollowVideo\":false,\"weibo.layoutHideFollowRecommend\":false,\"weibo.layoutHideNavLogoImg\":false,\"weibo.layoutHideNavMain\":false,\"weibo.layoutHideNavTV\":false,\"weibo.layoutHideNavHot\":false,\"weibo.layoutHideNavGame\":false,\"weibo.layoutHideNavHotSearch\":true,\"weibo.layoutHideNavNoticeNew\":false,\"weibo.layoutHideNavNew\":false,\"weibo.layoutHideNavHotTip\":false,\"weibo.layoutHideLeftHome\":false,\"weibo.layoutHideLeftFav\":false,\"weibo.layoutHideLeftLike\":false,\"weibo.layoutHideLeftHot\":false,\"weibo.layoutHideLeftTV\":false,\"weibo.layoutHideLeftFriends\":false,\"weibo.layoutHideLeftGroupToMe\":true,\"weibo.layoutHideLeftSpecial\":false,\"weibo.layoutHideLeftWhisper\":true,\"weibo.layoutHideLeftVPlus\":false,\"weibo.layoutHideLeftNew\":false,\"weibo.layoutHideLeftNews\":false,\"weibo.layoutHideLeftCount\":false,\"weibo.layoutHideMiddleRecommendedTopic\":true,\"weibo.layoutHideMiddleFeedRecommand\":false,\"weibo.layoutHideMiddleMemberTip\":true,\"weibo.layoutHideRightInfo\":true,\"weibo.layoutHideRightRecomMusicRank\":true,\"weibo.layoutHideRightHotTopic\":true,\"weibo.layoutHideRightHotTopicExpand\":true,\"weibo.layoutHideRightInterest\":true,\"weibo.layoutHideRightMember\":true,\"weibo.layoutHideRightGroups\":false,\"weibo.layoutHideRightRecomGroupUser\":true,\"weibo.layoutHideRightHongbaoRank\":true,\"weibo.layoutHideRightMovie\":true,\"weibo.layoutHideRightAttFeed\":true,\"weibo.layoutHideRightTaobaoMovie\":true,\"weibo.layoutHideRightNotice\":true,\"weibo.layoutHideWeiboRecomFeed\":false,\"weibo.layoutHideWeiboFeedOuterTip\":true,\"weibo.layoutHideWeiboFeedTip\":true,\"weibo.layoutHideWeiboGroupTip\":false,\"weibo.layoutHideWeiboVIPBackground\":true,\"weibo.layoutHideWeiboLastPic\":true,\"weibo.layoutHideWeiboPicTag\":false,\"weibo.layoutHideWeiboSonTitle\":false,\"weibo.layoutHideWeiboCard\":false,\"weibo.layoutHideWeiboArticalPay\":false,\"weibo.layoutHideWeiboTag\":false,\"weibo.layoutHideWeiboMovieTag\":false,\"weibo.layoutHideWeiboSource\":false,\"weibo.layoutHideWeiboPop\":false,\"weibo.layoutHideWeiboLike\":false,\"weibo.layoutHideWeiboLikeComment\":false,\"weibo.layoutHideWeiboLikePopup\":true,\"weibo.layoutHideWeiboForward\":false,\"weibo.layoutHideWeiboFavourite\":false,\"weibo.layoutHideWeiboPromoteOther\":false,\"weibo.layoutHideWeiboReport\":false,\"weibo.layoutHideWeiboUseCardBackground\":false,\"weibo.layoutHidePersonMoveThings\":false,\"weibo.layoutHidePersonCover\":false,\"weibo.layoutHidePersonBGImg\":true,\"weibo.layoutHidePersonBadgeIcon\":false,\"weibo.layoutHidePersonVerify\":false,\"weibo.layoutHidePersonEditPersonInfo\":false,\"weibo.layoutHidePersonStats\":false,\"weibo.layoutHidePersonMyData\":false,\"weibo.layoutHidePersonSuggestUser\":false,\"weibo.layoutHidePersonGroup\":false,\"weibo.layoutHidePersonRelation\":false,\"weibo.layoutHidePersonAlbum\":false,\"weibo.layoutHidePersonHotTopic\":false,\"weibo.layoutHidePersonHotWeibo\":false,\"weibo.layoutHidePersonUserList\":false,\"weibo.layoutHidePersonHongbao\":false,\"weibo.layoutHidePersonWenwoDr\":false,\"weibo.layoutHidePersonTimeline\":false,\"weibo.layout.pleft\":[],\"weibo.layoutHideMessagesHelp\":false,\"weibo.layoutHideMessagesFeedback\":false,\"weibo.layoutHideMessagesYoudao\":false,\"weibo.layoutHideOtherAds\":true,\"weibo.layoutHideOtherMusic\":true,\"weibo.layoutHideOtherTemplate\":true,\"weibo.layoutHideOtherHomeTip\":false,\"weibo.layoutHideOtherFooter\":true,\"weibo.layoutHideOtherWbIm\":true,\"weibo.layoutHideOtherIM\":true,\"weibo.layoutHideOtherIMNews\":false,\"weibo.layoutHideOtherTip\":false,\"weibo.layoutHideOtherRelatedWB\":false,\"weibo.layoutHideOtherRelatedVideo\":false,\"weibo.layoutHideOtherRelatedArtical\":false,\"weibo.layoutHideOtherSendWeibo\":false,\"weibo.tool.showAllMsgNav.atme\":true,\"weibo.tool.showAllMsgNav.cmt\":true,\"weibo.tool.showAllMsgNav.like\":false,\"weibo.tool.showAllMsgNav.dm\":false,\"weibo.tool.showAllMsgNav.msgbox\":false,\"weibo.tool.showAllMsgNav.group\":false,\"weibo.tool.showAllMsgNav.dmsub\":false,\"weibo.tool.showAllMsgNav\":false,\"weibo.tool.showAllGroup\":true,\"weibo.tool.mergeColumns.side\":\"right\",\"weibo.tool.mergeColumns\":true,\"weibo.tool.chose_side.side\":\"right\",\"weibo.tool.chose_side\":false,\"weibo.tool.filte_right_topic\":false,\"weibo.tool.filte_right_topic_count.number\":200,\"weibo.tool.filte_right_topic_count\":false,\"weibo.tool.right_user_list\":[],\"weibo.tool.right_user_list_notice._records\":[],\"weibo.tool.right_user_list_notice._last\":{},\"weibo.tool.right_user_list_notice\":false,\"weibo.tool.hide_nav_bar\":true,\"weibo.tool.fixedLeft\":true,\"weibo.tool.fixedRight\":false,\"weibo.tool.fixedNewFeedTip\":false,\"weibo.tool.fixedOthers\":false,\"weibo.tool.auto_unfold_weibo.count\":1020,\"weibo.tool.auto_unfold_weibo.br\":30,\"weibo.tool.auto_unfold_weibo\":true,\"weibo.tool.clear_def_topic\":true,\"weibo.tool.redirectWeibo\":true,\"weibo.tool.cardButton\":false,\"weibo.tool.viewOriginal.open\":\"image\",\"weibo.tool.viewOriginal.direct\":false,\"weibo.tool.viewOriginal.method\":\"default\",\"weibo.tool.viewOriginal.url\":\"default\",\"weibo.tool.viewOriginal\":true,\"weibo.tool.downloadImage.direct\":false,\"weibo.tool.downloadImage\":false,\"weibo.tool.noTagDialog\":true,\"weibo.tool.use_built_in_video_player.volume\":100,\"weibo.tool.use_built_in_video_player.memorize\":false,\"weibo.tool.use_built_in_video_player\":false,\"weibo.tool.pause_animated_image\":true,\"weibo.tool.disable_video_menu\":true,\"weibo.tool.replace_link\":false,\"weibo.tool.replace_image_emoji\":false,\"weibo.other.customize_source\":false,\"weibo.other.fold_child_comment\":true,\"weibo.other.comment_show_all\":false,\"weibo.tool.auto_check_following.frequency\":\"3\",\"weibo.tool.auto_check_following\":false,\"weibo.tool.auto_unfold_ttartical\":true,\"weibo.tool.uncheck_follow_presenter\":true,\"weibo.tool.fast_emoji.top\":[null,null,null,null,null,null,null,null,null,null],\"weibo.tool.fast_emoji.recent\":[null,null,null,null,null,null,null,null,null,null],\"weibo.tool.fast_emoji\":false,\"weibo.tool.disable_desktop_notification\":true,\"weibo.tool.disable_live_photo\":true,\"weibo.tool.disable_video_click_pop\":false,\"weibo.tool.no_pop_but_full_screen\":false,\"weibo.tool.video_no_auto_next\":true,\"weibo.tool.custom_font_family.wf\":\"Times\",\"weibo.tool.custom_font_family.cf\":\"中易宋体\",\"weibo.tool.custom_font_family\":false,\"weibo.tool.weibo_large_font.ratio\":\"120\",\"weibo.tool.weibo_large_font\":true,\"weibo.tool.avatar_shape.shape\":\"square\",\"weibo.tool.avatar_shape\":false,\"weibo.tool.dark_nav_bar\":false,\"weibo.tool.reorder_nav_bar\":false,\"weibo.tool.nav_hide_name.act\":\"hidden\",\"weibo.tool.nav_hide_name\":true,\"weibo.tool.width_weibo.width\":750,\"weibo.tool.width_weibo\":true,\"weibo.tool.weibo_only.width\":600,\"weibo.tool.weibo_only.key\":119,\"weibo.tool.weibo_only.switch\":false,\"weibo.tool.weibo_only._enabled\":false,\"weibo.tool.weibo_only\":false,\"weibo.tool.set_skin.skin\":\"skin054\",\"weibo.tool.set_skin\":true,\"weibo.tool.unwrapText\":false,\"weibo.tool.unwrapContent.text\":\"⏎\",\"weibo.tool.unwrapContent\":false,\"weibo.tool.image_size.repost\":false,\"weibo.tool.image_size\":false,\"weibo.tool.no_weibo_space\":false,\"weibo.tool.from_in_bottom\":false,\"weibo.tool.user_page_no_author.who\":\"all\",\"weibo.tool.user_page_no_author\":false,\"weibo.tool.hover_show_fold\":false,\"weibo.tool.fold_text.text\":\"author-reason\",\"weibo.tool.fold_text\":false,\"weibo.layout.reorder.1\":\"pop\",\"weibo.layout.reorder.2\":\"favorite\",\"weibo.layout.reorder.3\":\"forward\",\"weibo.layout.reorder.4\":\"comment\",\"weibo.layout.reorder.5\":\"like\",\"weibo.layout.reorder\":true,\"weibo.layout.cmtorder.1\":\"report\",\"weibo.layout.cmtorder.2\":\"delete\",\"weibo.layout.cmtorder.3\":\"conversition\",\"weibo.layout.cmtorder.4\":\"reply\",\"weibo.layout.cmtorder.5\":\"like\",\"weibo.layout.cmtorder\":true,\"weibo.tool.whitelist_highlight.color\":\"#dafee4\",\"weibo.tool.whitelist_highlight.transparency\":0,\"weibo.tool.whitelist_highlight\":false,\"weibo.tool.color_override.color1\":\"#f6f6f6\",\"weibo.tool.color_override.transparency1\":30,\"weibo.tool.color_override.color2\":\"#ffffff\",\"weibo.tool.color_override.transparency2\":30,\"weibo.tool.color_override.color3\":\"#ffffff\",\"weibo.tool.color_override.transparency3\":30,\"weibo.tool.color_override\":false,\"weibo.tool.userstyle\":\"\",\"weibo._yawf_version\":504,\"script.other.auto_complete\":true,\"weibo.tool.message_current_page\":false,\"weibo.tool.load_weibo_by_newest\":true,\"weibo.layoutHideLeftNewFeed\":false,\"weibo.layoutHideIconBigFun\":false,\"weibo.tool.highlight_low_reading.count\":100,\"weibo.tool.highlight_low_reading\":false}","whatsnew":"btrue"},"ts":1571992688539}