{"options":{"awareOfChrome":false,"check_for_updates":true,"comment":null,"compat_arrayleft":false,"compat_foreach":false,"compat_forvarin":false,"compat_metadata":false,"compat_uW_gmonkey":false,"compat_wrappedjsobject":false,"compatopts_for_requires":true,"noframes":null,"override":{"merge_connects":true,"merge_excludes":true,"merge_includes":true,"merge_matches":true,"orig_excludes":[],"orig_includes":[],"orig_matches":["http://mp.weixin.qq.com/s?*","https://mp.weixin.qq.com/s?*","https://mp.weixin.qq.com/s?*","http://mp.weixin.qq.com/s/*","https://mp.weixin.qq.com/s/*"],"orig_noframes":null,"orig_run_at":"document-start","use_blockers":[],"use_connects":[],"use_excludes":[],"use_includes":[],"use_matches":[]},"run_at":null},"settings":{"enabled":true,"position":3},"meta":{"name":"禁止Web版微信延迟加载图片","uuid":"b3e93903-7f0f-4ee1-a699-95ec59b5bd00","modified":1559720496480,"file_url":"https://greasyfork.org/scripts/375791-%E7%A6%81%E6%AD%A2web%E7%89%88%E5%BE%AE%E4%BF%A1%E5%BB%B6%E8%BF%9F%E5%8A%A0%E8%BD%BD%E5%9B%BE%E7%89%87/code/%E7%A6%81%E6%AD%A2Web%E7%89%88%E5%BE%AE%E4%BF%A1%E5%BB%B6%E8%BF%9F%E5%8A%A0%E8%BD%BD%E5%9B%BE%E7%89%87.user.js"}}