{"version":3,"update_interval_hours":24,"settings":{"tierbase_search_timeout":15000,"mainbase_search_timeout":10000,"tierbase_api_timeout":25000,"mainbase_api_timeout":20000,"proxy_search_timeout":10000},"mainbase":["https://base1-sv.diltwo.com","https://base2-sv.diltwo.com","https://base3-sv.diltwo.com","https://base4-sv.diltwo.com","https://base5-sv.diltwo.com","https://base6-sv.diltwo.com","https://base7-sv.diltwo.com","https://base8-sv.diltwo.com","https://base9-sv.diltwo.com","https://base10-sv.diltwo.com","https://base11-sv.diltwo.com","https://base12-sv.diltwo.com","https://mainbackupdomain.com"],"tierbase":["https://dyn-twyb.cd-n.net:5199/s","https://dyn-bxps.sought.fun:8979/s","https://dyn-iidu.diltwo.com:4476/s","https://dyn-azbe.stood.fun:5928/s","https://dyn-yibz.restrict.ooo:8914/s","https://dyn-qxca.tribal-enjoy.com:2296/s","https://dyn-jguy.trips.ooo:1794/s","https://dyn-tjvz.clicking.ooo:1753/s","https://dyn-cwzl.priced.top:6623/s","https://dyn-trjt.earth-dying.com:5678/s","https://dyn-rntq.cream-regards.net:9789/s","https://dyn-grag.cnt2.net:8816/s","https://dyn-uaem.faith-invasion.com:9245/s","https://dyn-udat.wealth-arcade.com:7709/s","https://dyn-ugpq.try9.net:3917/s","https://dyn-nhic.2po.info:4337/s","https://dyn-iidd.hopcdn.com:7460/s","https://dyn-nicz.hopcdn.com:7997/s","https://dyn-jywp.seats-robbie.com:9382/s","https://dyn-istb.restrict.ooo:3771/s","https://dyn-znab.radical.fun:6331/s","https://dyn-esvp.thegrand.top:7716/s","https://dyn-nkcx.earth-dying.com:7526/s","https://dyn-afui.korea-injured.com:10574/s","https://dyn-yaqw.thegrand.top:9403/s","https://dyn-nzcj.sought.fun:4064/s","https://dyn-zgne.rules-tiger.org:4768/s","https://dyn-cryr.title-father.com:2135/s","https://dyn-kcdh.cd-n.net:1805/s","https://dyn-ueme.noticed.ooo:5581/s","https://dyn-dfle.penny-karen.com:5379/s","https://dyn-cbdi.cream-regards.net:7557/s","https://dyn-thwa.trlone.com:7413/s","https://dyn-ulry.gamingmaster.xyz:4851/s","https://dyn-aoip.common-faced.com:5410/s","https://dyn-umng.wayne-decide.org:3583/s","https://dyn-vdtu.thegrand.top:9893/s","https://dyn-vooe.wealth-arcade.com:2653/s","https://dyn-bpek.delay.ooo:3041/s","https://dyn-ufjh.column-total.net:7245/s","https://dyn-uonk.korea-injured.com:4963/s","https://dyn-gvcn.prior.world:2045/s","https://dyn-sxws.priced.top:8535/s","https://dyn-zang.diltwo.com:4123/s","https://dyn-hmcc.tribal-enjoy.com:6845/s","https://dyn-ckjm.bedroom.life:3277/s","https://dyn-umfw.dealt.ooo:6994/s","https://dyn-zbdw.priced.site:4511/s","https://dyn-lgxk.restrict.ooo:8263/s","https://dyn-kkgp.menus.life:6019/s","https://dyn-jrtc.freestat.org:7782/s","https://dyn-pxmz.enters-simply.net:2912/s","https://dyn-usnc.korea-injured.com:2019/s","https://dyn-dimz.referred.ooo:6360/s","https://dyn-rxwo.herein.world:11003/s","https://dyn-sgpp.stood.fun:8342/s","https://dyn-phwt.enters-simply.net:1486/s","https://dyn-ganu.topcdn.org:9976/s","https://dyn-oryv.restrict.ooo:3112/s","https://dyn-efdd.moral.fun:3215/s","https://dyn-dxni.rotation.fun:3562/s","https://dyn-efsm.fourqt.com:9244/s","https://dyn-euli.sought.fun:4793/s","https://dyn-dwjh.2po.info:2386/s","https://dyn-yurc.rotation.fun:4487/s","https://dyn-eadw.dispute.ooo:2406/s","https://dyn-tdhs.wealth-arcade.com:9292/s","https://dyn-fwis.prior.world:7602/s","https://dyn-iljk.articles-subtle.net:6190/s","https://dyn-hjmz.referred.ooo:9309/s","https://dyn-itjl.loads-mariah.com:6545/s","https://dyn-odlo.clicking.ooo:6306/s","https://dyn-xtju.pluto3.org:2087/s","https://dyn-jlro.title-father.com:6255/s","https://dyn-xtnh.dispute.ooo:2284/s","https://dyn-ulzw.dylan-roland.info:4901/s","https://dyn-szwu.radical.fun:6889/s","https://dyn-ocxn.cnt2.net:4492/s","https://dyn-bhkz.applies.top:3211/s","https://dyn-zrns.colon-teddy.fun:3706/s","https://dyn-zjhf.hopcdn.com:9290/s","https://dyn-lixi.hopcdn.com:1468/s","https://dyn-wrib.freestat.org:9700/s","https://dyn-ngtc.2po.info:2435/s","https://dyn-vouc.pluto3.org:3689/s","https://dyn-tpwj.colon-teddy.fun:8125/s","https://dyn-lyzm.defend-broad.org:5731/s","https://dyn-oahv.korea-injured.com:1188/s","https://dyn-ifiw.dylan-roland.info:8166/s","https://dyn-kyqt.noticed.ooo:4773/s","https://dyn-llro.cd-n.net:5513/s","https://dyn-lwpq.loads-mariah.com:5729/s","https://dyn-kerx.cd-n.net:5741/s","https://dyn-mhqj.dealt.ooo:8426/s","https://dyn-gcuv.cd-n.net:7387/s","https://dyn-jduk.tracks.fun:5742/s","https://dyn-dpam.gained-berlin.org:10468/s","https://dyn-egfk.applies.top:9757/s","https://dyn-ojzb.korea-injured.com:8095/s","https://dyn-ucui.colon-teddy.fun:3183/s","https://dyn-phsp.articles-subtle.net:4423/s","https://dyn-ewip.thirty-raise.net:9731/s","https://dyn-hdsi.sought.fun:3511/s","https://dyn-jtgb.topcdn.org:6387/s","https://dyn-dnmq.gamingmaster.xyz:4565/s","https://dyn-ssye.earth-dying.com:9073/s","https://dyn-tadk.dispute.ooo:1934/s","https://dyn-huso.rules-tiger.org:6669/s","https://dyn-yuec.tribal-enjoy.com:4795/s","https://dyn-eqdc.sought.fun:5191/s","https://dyn-elbn.2po.info:3249/s","https://dyn-fsqb.condo-forest.net:5409/s","https://dyn-phun.fourqt.com:2131/s","https://dyn-iocc.priced.top:2685/s","https://dyn-knod.applies.top:4886/s","https://dyn-nmsj.enters-simply.net:10229/s","https://dyn-adrg.moral.fun:2720/s","https://dyn-ttmj.prior.world:10759/s","https://dyn-hvsj.condo-forest.net:8316/s","https://dyn-gdfp.gained-berlin.org:3958/s","https://dyn-mxsr.pimmel.top:4833/s","https://dyn-saqn.menus.life:6670/s","https://dyn-hseu.tribal-enjoy.com:7870/s","https://dyn-vnsk.priced.top:1026/s","https://dyn-msbv.cameron-brian.net:2926/s","https://dyn-tzus.hopcdn.com:5979/s","https://dyn-zjxy.optics-thing.com:8736/s","https://dyn-iokv.dirty-derby.net:6462/s","https://dyn-nlfs.wayne-decide.org:10048/s","https://dyn-dbzy.herein.world:6169/s","https://dyn-ajgt.trips.ooo:6835/s","https://dyn-moqf.enters-simply.net:1778/s","https://dyn-bdkr.dispute.ooo:8961/s","https://dyn-drcc.fixes-fellow.com:1599/s","https://dyn-lqjw.common-faced.com:10142/s","https://dyn-xusn.korea-injured.com:7648/s","https://dyn-duof.stood.fun:3254/s","https://dyn-iwfq.thegrand.top:7343/s","https://dyn-gefx.loads-mariah.com:1754/s","https://dyn-keiy.bedroom.life:7236/s","https://dyn-kvcb.hopcdn.com:4579/s","https://dyn-tcmz.tracks.fun:2701/s","https://dyn-tyto.rotation.fun:3634/s","https://dyn-vjtk.gamingmaster.xyz:9426/s","https://dyn-axce.diltwo.com:10481/s","https://dyn-omsd.condo-forest.net:9479/s","https://dyn-obhz.fourqt.com:10546/s","https://dyn-hlhw.charged.fun:2366/s","https://dyn-zykq.try9.net:8426/s","https://dyn-nimg.thirty-raise.net:1938/s","https://dyn-cuee.enters-simply.net:6361/s","https://dyn-cmfh.condo-forest.net:1335/s","https://dyn-qaei.radical.fun:1058/s","https://dyn-urib.earth-dying.com:4760/s","https://dyn-jqps.noticed.ooo:6306/s","https://dyn-pgkj.pimmel.top:8691/s","https://dyn-pxex.pluto3.org:4057/s","https://dyn-sanj.pimmel.top:8492/s","https://dyn-jrbd.thirty-raise.net:1136/s","https://dyn-xgea.fourqt.com:3229/s","https://dyn-mlbj.radical.fun:1904/s","https://dyn-saco.hopcdn.com:4675/s","https://dyn-vdqu.hopcdn.com:5705/s","https://dyn-sbey.title-father.com:3073/s","https://dyn-kawh.fixes-fellow.com:1123/s","https://dyn-egek.sought.fun:10759/s","https://dyn-kdws.dealt.ooo:2598/s","https://dyn-vbad.klafive.com:3782/s","https://dyn-lfiz.try9.net:1558/s","https://dyn-wjeu.rotation.fun:9064/s","https://dyn-bjna.priced.top:8325/s","https://dyn-litm.referred.ooo:1200/s","https://dyn-njok.try9.net:9480/s","https://dyn-nqoz.excerpt.info:4779/s","https://dyn-ydpj.optics-thing.com:2460/s","https://dyn-jttk.thirty-raise.net:8483/s","https://dyn-mskh.referred.ooo:6124/s","https://dyn-zhyk.2po.info:3845/s","https://dyn-tsle.gamingmaster.xyz:10808/s","https://dyn-ulbh.spies.ooo:6750/s","https://dyn-xlcw.cream-regards.net:8842/s","https://dyn-oucg.cameron-brian.net:5502/s","https://dyn-qzgh.referred.ooo:6518/s","https://dyn-ezrb.pluto3.org:4358/s","https://dyn-isnn.freestat.org:1871/s","https://dyn-jtcy.cream-regards.net:3285/s","https://dyn-twio.trlone.com:6345/s","https://dyn-zhco.spies.ooo:7220/s","https://dyn-xbho.fixes-fellow.com:6921/s","https://dyn-vwdv.referred.ooo:8835/s","https://dyn-ocyb.dylan-roland.info:4108/s","https://dyn-zymr.charged.fun:4739/s","https://dyn-cezg.loads-mariah.com:3259/s","https://dyn-dtef.earth-dying.com:1674/s","https://dyn-jouq.killed.world:4229/s","https://dyn-nism.loads-mariah.com:7047/s","https://dyn-xeut.diltwo.com:9754/s","https://dyn-qpki.fourqt.com:1093/s","https://dyn-qepu.hopcdn.com:8162/s","https://dyn-szqg.wealth-arcade.com:9425/s","https://dyn-xbkt.rules-tiger.org:2586/s","https://dyn-ppwr.restrict.ooo:2290/s","https://dyn-ujxa.wayne-decide.org:4956/s","https://dyn-avnv.title-father.com:7719/s","https://dyn-cskt.colon-teddy.fun:7900/s","https://dyn-hkld.diltwo.com:9184/s","https://dyn-upev.common-faced.com:4226/s","https://dyn-ogbv.noticed.ooo:9764/s","https://dyn-fehy.cd-n.net:1779/s","https://dyn-jxqb.referred.ooo:2725/s","https://dyn-hfgd.dealt.ooo:9226/s","https://dyn-cyww.dryer.life:1062/s","https://dyn-yskg.fourqt.com:5363/s","https://dyn-assy.moral.fun:2290/s","https://dyn-bhhs.trlone.com:5213/s","https://dyn-ebtb.dispute.ooo:2002/s","https://dyn-durq.cream-regards.net:3176/s","https://dyn-nzxv.thirty-raise.net:1097/s","https://dyn-nfwp.referred.ooo:9393/s","https://dyn-xque.dryer.life:8499/s","https://dyn-dxxm.dispute.ooo:5070/s","https://dyn-zddj.fourqt.com:5266/s","https://dyn-zzri.rotation.fun:3333/s","https://dyn-dliv.dispute.ooo:10572/s","https://dyn-cyru.korea-injured.com:5411/s","https://dyn-ltyb.charged.fun:8340/s","https://dyn-kxke.menus.life:7395/s","https://dyn-cboi.enters-simply.net:5740/s","https://dyn-nuja.gamingmaster.xyz:7863/s","https://dyn-wjby.bedroom.life:5247/s","https://dyn-rupj.condo-forest.net:4150/s","https://dyn-hjne.diltwo.com:2574/s","https://dyn-aohe.fourqt.com:3223/s","https://dyn-ahal.moral.fun:4707/s","https://dyn-lbuz.loads-mariah.com:4964/s","https://dyn-qwav.diltwo.com:4144/s","https://dyn-rztq.killed.world:6958/s","https://dyn-nhln.klafive.com:2084/s","https://dyn-ctay.dispute.ooo:4162/s","https://dyn-nrkb.referred.ooo:2781/s","https://dyn-txxh.tracks.fun:1099/s","https://dyn-rcyn.prior.world:8508/s","https://dyn-kpar.enters-simply.net:7023/s","https://dyn-isuv.rules-tiger.org:7630/s","https://dyn-lyke.fourqt.com:6313/s","https://dyn-poah.thegrand.top:9184/s","https://dyn-dtdb.cameron-brian.net:1395/s","https://dyn-efzc.enters-simply.net:3457/s","https://dyn-hnbd.freestat.org:7078/s","https://dyn-qxgo.referred.ooo:1441/s","https://dyn-vmwp.korea-injured.com:10406/s","https://dyn-dboi.diltwo.com:4998/s","https://dyn-cpjx.referred.ooo:7795/s","https://dyn-ufzx.priced.top:2578/s","https://dyn-kssu.title-father.com:8264/s","https://dyn-mrbq.clicking.ooo:5304/s","https://dyn-eaho.killed.world:9126/s","https://dyn-hwlm.tracks.fun:6159/s","https://dyn-szaa.enters-simply.net:4688/s","https://dyn-wbby.gained-berlin.org:6845/s","https://dyn-ktsb.thegrand.top:7127/s","https://dyn-zinx.referred.ooo:10235/s","https://dyn-ralb.freestat.org:6604/s","https://dyn-abfn.dylan-roland.info:9137/s","https://dyn-qwlh.dylan-roland.info:2261/s","https://dyn-emlh.dryer.life:10507/s","https://dyn-fnli.common-faced.com:4983/s","https://dyn-cgvo.cnt2.net:9791/s","https://dyn-pjgv.pimmel.top:5982/s","https://dyn-ewmo.clicking.ooo:4151/s","https://dyn-fwiy.earth-dying.com:5818/s","https://dyn-hxuj.gamingmaster.xyz:1567/s","https://dyn-lyzi.thirty-raise.net:10562/s","https://dyn-fpoe.wayne-decide.org:1515/s","https://dyn-whoe.clicking.ooo:9116/s","https://dyn-kvbz.applies.top:8028/s","https://dyn-looy.gauge.world:1631/s","https://dyn-leac.sought.fun:6390/s","https://dyn-rvqb.seems.info:9262/s","https://dyn-dpzd.thirty-raise.net:6789/s","https://dyn-fhtn.2po.info:6991/s","https://dyn-bxgq.clicking.ooo:2576/s","https://dyn-crin.klafive.com:4841/s","https://dyn-radn.wealth-arcade.com:3791/s","https://dyn-vbdk.hopcdn.com:1350/s","https://dyn-swmc.enters-simply.net:8489/s","https://dyn-rijx.hopcdn.com:8772/s","https://dyn-jnlq.lender.fun:3244/s","https://dyn-encj.enters-simply.net:4023/s","https://dyn-iydf.tracks.fun:4203/s","https://dyn-rfnm.killed.world:4022/s","https://dyn-hpkp.killed.world:6921/s","https://dyn-jfex.radical.fun:10471/s","https://dyn-bhfp.enters-simply.net:8714/s","https://dyn-tsgc.cd-n.net:7362/s","https://dyn-haul.dispute.ooo:10740/s","https://dyn-ecwr.prior.world:5524/s","https://dyn-exbq.prior.world:4623/s","https://dyn-ibhv.tracks.fun:1362/s","https://dyn-nnwc.stood.fun:10008/s","https://dyn-azvy.condo-forest.net:5721/s","https://dyn-acag.wealth-arcade.com:10570/s","https://dyn-ogmt.try9.net:1316/s","https://dyn-smrf.articles-subtle.net:5542/s","https://dyn-igdq.bedroom.life:3138/s","https://dyn-njuo.articles-subtle.net:10746/s","https://dyn-ujzt.klafive.com:5010/s","https://dyn-uyhi.seems.info:9359/s","https://dyn-bxbd.2po.info:4584/s","https://dyn-bymq.defend-broad.org:1221/s","https://dyn-lzcw.gamingmaster.xyz:10964/s","https://dyn-czpd.colon-teddy.fun:2877/s","https://dyn-veml.dirty-derby.net:7281/s","https://dyn-evjp.title-father.com:3809/s","https://dyn-wxgm.fixes-fellow.com:3155/s","https://dyn-nkfv.pimmel.top:9004/s","https://dyn-phtk.earth-dying.com:7007/s","https://dyn-oavu.applies.top:5902/s","https://dyn-maxk.hopcdn.com:5924/s","https://dyn-ekbg.moral.fun:1832/s","https://dyn-njxs.stood.fun:8594/s","https://dyn-dlgb.clicking.ooo:3011/s","https://dyn-fybn.radical.fun:4375/s","https://dyn-buvu.seems.info:4805/s","https://dyn-hfic.charged.fun:1482/s","https://dyn-ciog.sought.fun:8679/s","https://dyn-wzuc.topcdn.org:5754/s","https://dyn-vzjp.enters-simply.net:3817/s","https://dyn-npey.diltwo.com:3121/s","https://dyn-hfzs.excerpt.info:10303/s","https://dyn-iqex.delay.ooo:4331/s","https://dyn-nzrr.column-total.net:8690/s","https://dyn-dpry.dispute.ooo:5676/s","https://dyn-oyla.defend-broad.org:6921/s","https://dyn-gnbo.thirty-raise.net:5964/s","https://dyn-sgep.cd-n.net:8363/s","https://dyn-qsjc.prior.world:2799/s","https://dyn-qxxt.noticed.ooo:5757/s","https://dyn-ncao.faith-invasion.com:7194/s","https://dyn-jjmh.thegrand.top:2385/s","https://dyn-kfgu.excerpt.info:2766/s","https://dyn-xcki.diltwo.com:3747/s","https://dyn-wkql.try9.net:9760/s","https://dyn-tgve.hopcdn.com:8589/s","https://dyn-uwjb.penny-karen.com:2632/s","https://dyn-zbfb.enters-simply.net:10844/s","https://dyn-kipf.wealth-arcade.com:4283/s","https://dyn-zckr.prior.world:7129/s","https://dyn-vikk.restrict.ooo:7133/s","https://dyn-ruyj.lender.fun:3166/s","https://dyn-xfkb.seems.info:7362/s","https://dyn-omla.earth-dying.com:4038/s","https://dyn-rqqy.seems.info:2340/s","https://dyn-gbpx.tracks.fun:3208/s","https://dyn-mziw.cnt2.net:5918/s","https://dyn-jkqj.colon-teddy.fun:3697/s","https://dyn-uoqj.tribal-enjoy.com:3856/s","https://dyn-uasy.seems.info:6408/s","https://dyn-phho.cream-regards.net:10593/s","https://dyn-vrlt.referred.ooo:10708/s","https://dyn-cjld.cnt2.net:1715/s","https://dyn-ppmk.rotation.fun:6588/s","https://dyn-uxyb.loads-mariah.com:1871/s","https://dyn-vmgg.fourqt.com:2215/s","https://dyn-zmmw.korea-injured.com:1723/s","https://dyn-atot.pimmel.top:9821/s","https://dyn-yjuz.tracks.fun:1775/s","https://dyn-zuph.herein.world:1895/s","https://dyn-zlor.diltwo.com:7439/s","https://dyn-mikv.tribal-enjoy.com:8246/s","https://dyn-ggam.gamingmaster.xyz:5324/s","https://dyn-fmkr.defend-broad.org:5700/s","https://dyn-pmgz.cnt2.net:2854/s","https://dyn-cmxy.condo-forest.net:5832/s","https://dyn-otpf.restrict.ooo:3943/s","https://dyn-ykjc.tribal-enjoy.com:6113/s","https://dyn-wsqi.dryer.life:2471/s","https://dyn-hwtn.fourqt.com:8603/s","https://dyn-rtni.fixes-fellow.com:5451/s","https://dyn-ghvf.column-total.net:7038/s","https://dyn-frhc.thirty-raise.net:2466/s","https://dyn-zuiv.loads-mariah.com:3073/s","https://dyn-glfy.title-father.com:3643/s","https://dyn-klur.earth-dying.com:9550/s","https://dyn-mkbg.tracks.fun:6031/s","https://dyn-kefc.freestat.org:9407/s","https://dyn-hbbc.killed.world:8765/s","https://dyn-qxlf.radical.fun:8404/s","https://dyn-oqkj.condo-forest.net:7227/s","https://dyn-pmpt.stood.fun:1136/s","https://dyn-auvb.wealth-arcade.com:3852/s","https://dyn-gjbv.noticed.ooo:3706/s","https://dyn-mcer.clicking.ooo:3529/s","https://dyn-wllr.2po.info:1984/s","https://dyn-efzp.restrict.ooo:3038/s","https://dyn-azyg.trlone.com:5690/s","https://dyn-axpx.klafive.com:9599/s","https://dyn-zvbi.wayne-decide.org:4934/s","https://dyn-pajp.applies.top:6300/s","https://dyn-chbe.rotation.fun:3069/s","https://dyn-bwpr.tribal-enjoy.com:8042/s","https://dyn-sgtz.thegrand.top:2981/s","https://dyn-krmb.sought.fun:8295/s","https://dyn-pzdv.lender.fun:5703/s","https://dyn-iqod.try9.net:10695/s","https://dyn-kjgk.sought.fun:3732/s","https://dyn-pxdz.priced.top:6715/s","https://dyn-fowb.noticed.ooo:1409/s","https://dyn-ahwi.tracks.fun:5427/s","https://dyn-ymau.tribal-enjoy.com:3293/s","https://dyn-eqvy.priced.top:5700/s","https://dyn-lfvj.stood.fun:8059/s","https://dyn-ifzf.applies.top:5286/s","https://dyn-jlwk.try9.net:3785/s","https://dyn-vrrq.cameron-brian.net:9035/s","https://dyn-htsq.try9.net:5542/s","https://dyn-zxvq.seats-robbie.com:8065/s","https://dyn-yykm.gauge.world:5284/s","https://dyn-moaw.hopcdn.com:8041/s","https://dyn-hces.fixes-fellow.com:5205/s","https://dyn-glsq.lender.fun:1954/s","https://dyn-tbvy.killed.world:5030/s","https://dyn-zekr.try9.net:9215/s","https://dyn-bgth.priced.top:4208/s","https://dyn-cuqn.gauge.world:10906/s","https://dyn-tbyf.gained-berlin.org:5662/s","https://dyn-rmwy.seems.info:2059/s","https://dyn-tzcy.condo-forest.net:6774/s","https://dyn-skcz.colon-teddy.fun:8738/s","https://dyn-kmxt.radical.fun:2329/s","https://dyn-pgoo.wealth-arcade.com:1890/s","https://dyn-lyin.korea-injured.com:9835/s","https://dyn-xbxt.priced.top:3744/s","https://dyn-gboe.charged.fun:9838/s","https://dyn-urlh.pluto3.org:3416/s","https://dyn-jbiq.herein.world:7930/s","https://dyn-nelc.defend-broad.org:10581/s","https://dyn-vkau.column-total.net:2665/s","https://dyn-bocw.noticed.ooo:10618/s","https://dyn-qsju.dryer.life:4768/s","https://dyn-qsrl.korea-injured.com:6991/s","https://dyn-yvef.dirty-derby.net:4433/s","https://dyn-penv.condo-forest.net:1412/s","https://dyn-byyg.trlone.com:1402/s","https://dyn-xkfc.fixes-fellow.com:1839/s","https://dyn-cbuw.priced.top:2500/s","https://dyn-azsv.cameron-brian.net:9129/s","https://dyn-azse.earth-dying.com:5251/s","https://dyn-jzas.penny-karen.com:3071/s","https://dyn-itlq.sought.fun:5066/s","https://dyn-hysv.herein.world:3455/s","https://dyn-vdub.cameron-brian.net:7556/s","https://dyn-bdut.condo-forest.net:2275/s","https://dyn-upec.tribal-enjoy.com:10996/s","https://dyn-qwcd.dylan-roland.info:6835/s","https://dyn-awuy.fixes-fellow.com:6081/s","https://dyn-ypgn.applies.top:7296/s","https://dyn-tkla.stood.fun:5155/s","https://dyn-wims.seats-robbie.com:4202/s","https://dyn-gzsq.hopcdn.com:2605/s","https://dyn-yeud.column-total.net:4358/s","https://dyn-ogst.referred.ooo:9387/s","https://dyn-tbau.trips.ooo:3770/s","https://dyn-ulbj.fourqt.com:6981/s","https://dyn-zihe.rotation.fun:10135/s","https://dyn-mjia.2po.info:1434/s","https://dyn-ewic.charged.fun:3511/s","https://dyn-jpqb.freestat.org:3935/s","https://dyn-gmng.wealth-arcade.com:10209/s","https://dyn-jcgs.articles-subtle.net:6192/s","https://dyn-lpbb.priced.site:1364/s","https://dyn-lqpl.faith-invasion.com:9137/s","https://dyn-dtsc.articles-subtle.net:2461/s","https://dyn-ixpx.enters-simply.net:5369/s","https://dyn-iicx.herein.world:3788/s","https://dyn-ozcp.radical.fun:1374/s","https://dyn-cbwg.radical.fun:2163/s","https://dyn-xujy.earth-dying.com:10647/s","https://dyn-dwfp.thirty-raise.net:2955/s","https://dyn-lttg.restrict.ooo:10877/s","https://dyn-jkrz.optics-thing.com:10012/s","https://dyn-jhos.clicking.ooo:10227/s","https://dyn-fxdm.cream-regards.net:7570/s","https://dyn-qocd.pluto3.org:5603/s","https://dyn-jecz.herein.world:3298/s","https://dyn-pxov.dryer.life:2474/s","https://dyn-kcwl.menus.life:2001/s","https://dyn-ttzz.cd-n.net:3663/s","https://dyn-mxjy.excerpt.info:2523/s","https://dyn-mkxx.spies.ooo:9276/s","https://dyn-tpde.title-father.com:3266/s","https://dyn-ndge.tribal-enjoy.com:6695/s","https://dyn-lpkz.killed.world:5026/s","https://dyn-miqo.bedroom.life:2031/s","https://dyn-ombe.pimmel.top:4906/s","https://dyn-ncfz.enters-simply.net:8569/s","https://dyn-dxvm.referred.ooo:1920/s","https://dyn-iseb.fixes-fellow.com:7034/s","https://dyn-qzkz.earth-dying.com:10763/s","https://dyn-icjv.articles-subtle.net:2637/s","https://dyn-dgom.cnt2.net:4452/s","https://dyn-iklw.dryer.life:3007/s","https://dyn-jeum.cnt2.net:1040/s","https://dyn-gtpj.defend-broad.org:2979/s","https://dyn-wdje.seats-robbie.com:10976/s","https://dyn-tdxx.radical.fun:4416/s","https://dyn-njpd.klafive.com:9259/s","https://dyn-unyf.wealth-arcade.com:8006/s","https://dyn-awfw.excerpt.info:3156/s","https://dyn-kzzp.common-faced.com:7633/s","https://dyn-rdor.rotation.fun:10809/s","https://dyn-nuwi.rules-tiger.org:2653/s","https://dyn-gtbv.thegrand.top:8341/s","https://dyn-rmvl.2po.info:2862/s","https://dyn-ihoj.sought.fun:10021/s","https://dyn-ozcf.gained-berlin.org:4497/s","https://dyn-iart.klafive.com:10234/s","https://dyn-uyqo.noticed.ooo:7268/s","https://dyn-bzvp.common-faced.com:3086/s","https://dyn-ybcw.dryer.life:4071/s","https://dyn-zvgt.delay.ooo:3833/s","https://dyn-gdfa.cd-n.net:3695/s","https://dyn-lgpp.dirty-derby.net:4409/s","https://dyn-ygkt.prior.world:5522/s","https://dyn-ifos.trips.ooo:3321/s","https://dyn-ecaf.cnt2.net:9735/s","https://dyn-goea.herein.world:10587/s","https://dyn-mkhu.priced.site:1036/s","https://dyn-kcek.dylan-roland.info:2518/s","https://dyn-clkg.fixes-fellow.com:2967/s","https://dyn-ygph.priced.top:9860/s","https://dyn-ohvv.cnt2.net:3836/s","https://dyn-xnks.trips.ooo:7911/s","https://dyn-axnj.spies.ooo:8052/s","https://dyn-ctuy.penny-karen.com:5595/s","https://dyn-gonu.stood.fun:2673/s","https://dyn-khtw.pimmel.top:5191/s","https://dyn-momi.fourqt.com:3020/s","https://dyn-dwap.fixes-fellow.com:10530/s","https://dyn-dpir.bedroom.life:5678/s","https://dyn-dypf.cream-regards.net:6364/s","https://dyn-ekrd.dealt.ooo:9437/s","https://dyn-shks.wealth-arcade.com:9585/s","https://dyn-zbyb.topcdn.org:1103/s","https://dyn-hoso.tribal-enjoy.com:10916/s","https://dyn-zckh.herein.world:8007/s","https://dyn-facj.seats-robbie.com:9198/s","https://dyn-qtyc.trlone.com:1632/s","https://dyn-nvsk.title-father.com:7071/s","https://dyn-drdc.condo-forest.net:10035/s","https://dyn-heif.rotation.fun:1403/s","https://dyn-oqjw.priced.site:3298/s","https://dyn-mvrp.clicking.ooo:1415/s","https://dyn-fkgt.wealth-arcade.com:4857/s","https://dyn-acjo.pimmel.top:7214/s","https://dyn-nepy.thirty-raise.net:4832/s","https://dyn-jndu.lender.fun:8152/s","https://dyn-payg.wealth-arcade.com:1770/s","https://dyn-sinw.cream-regards.net:8941/s","https://dyn-dzgr.defend-broad.org:5004/s","https://dyn-opuo.loads-mariah.com:1277/s","https://dyn-aqdx.thegrand.top:5727/s","https://dyn-pcyz.restrict.ooo:5412/s","https://dyn-cfqk.clicking.ooo:1138/s","https://dyn-oupr.gauge.world:5017/s","https://dyn-ddnc.restrict.ooo:10163/s","https://dyn-eyay.applies.top:10288/s","https://dyn-ohhq.priced.site:9934/s","https://dyn-cvgz.stood.fun:5963/s","https://dyn-uthy.delay.ooo:2010/s","https://dyn-gqwc.topcdn.org:2019/s","https://dyn-lgfu.trlone.com:3622/s","https://dyn-dcys.tracks.fun:7008/s","https://dyn-hubc.stood.fun:1720/s","https://dyn-uozq.trlone.com:9492/s","https://dyn-jtum.restrict.ooo:6028/s","https://dyn-auci.defend-broad.org:2643/s","https://dyn-iefj.penny-karen.com:5287/s","https://dyn-hhoy.fourqt.com:6200/s","https://dyn-kgjd.colon-teddy.fun:5303/s","https://dyn-ztau.dirty-derby.net:10586/s","https://dyn-trsu.restrict.ooo:10401/s","https://dyn-xpnp.dealt.ooo:5180/s","https://dyn-rema.condo-forest.net:3039/s","https://dyn-rwjh.dirty-derby.net:1631/s","https://dyn-sjlw.2po.info:1504/s","https://dyn-wioa.cnt2.net:7004/s","https://dyn-mlry.rules-tiger.org:2101/s","https://dyn-gxkw.optics-thing.com:3302/s","https://dyn-czol.cd-n.net:2883/s","https://dyn-vpao.referred.ooo:3647/s","https://dyn-fjxl.priced.site:1572/s","https://dyn-mpcp.restrict.ooo:9166/s","https://dyn-dyxl.killed.world:10309/s","https://dyn-oeyh.colon-teddy.fun:4080/s","https://dyn-yhsr.condo-forest.net:4249/s","https://dyn-qlua.thirty-raise.net:10674/s","https://dyn-hukd.cream-regards.net:6463/s","https://dyn-evzv.diltwo.com:10309/s","https://dyn-hjed.seems.info:6652/s","https://dyn-idkh.radical.fun:10117/s","https://dyn-pahr.stood.fun:7802/s","https://dyn-knok.condo-forest.net:1186/s","https://dyn-ards.cnt2.net:5726/s","https://dyn-rryw.thirty-raise.net:9856/s","https://dyn-ikfd.gained-berlin.org:1122/s","https://dyn-pdfd.tribal-enjoy.com:2750/s","https://dyn-jjtp.restrict.ooo:9002/s","https://dyn-uidm.moral.fun:2905/s","https://dyn-vcgo.trips.ooo:7835/s","https://dyn-uhvn.cream-regards.net:1213/s","https://dyn-flim.diltwo.com:6830/s","https://dyn-zpha.title-father.com:4684/s","https://dyn-cspb.title-father.com:1610/s","https://dyn-unwm.radical.fun:3704/s","https://dyn-kmdn.prior.world:7163/s","https://dyn-wowj.sought.fun:8089/s","https://dyn-tkjm.diltwo.com:4146/s","https://dyn-ihld.seems.info:4869/s","https://dyn-uvga.gauge.world:1434/s","https://dyn-fgqo.enters-simply.net:10107/s","https://dyn-jerp.loads-mariah.com:2857/s","https://dyn-ztxq.radical.fun:10373/s","https://dyn-etki.diltwo.com:9898/s","https://dyn-lken.tracks.fun:5356/s","https://dyn-hmgm.wayne-decide.org:3377/s","https://dyn-htgk.cd-n.net:3959/s","https://dyn-xxsg.restrict.ooo:2247/s","https://dyn-cccp.sought.fun:9321/s","https://dyn-nfil.lender.fun:5573/s","https://dyn-tedr.colon-teddy.fun:8537/s","https://dyn-jvlt.charged.fun:2672/s","https://dyn-vzjn.delay.ooo:1702/s","https://dyn-egwv.title-father.com:1698/s","https://dyn-xsxg.pluto3.org:5558/s","https://dyn-kyrg.tribal-enjoy.com:7924/s","https://dyn-hncu.thirty-raise.net:6846/s","https://dyn-qhlo.wayne-decide.org:1574/s","https://dyn-jjzt.klafive.com:8803/s","https://dyn-bdlj.gamingmaster.xyz:1350/s","https://dyn-dltc.thegrand.top:10506/s","https://dyn-bhrk.colon-teddy.fun:5015/s","https://dyn-nglo.freestat.org:10901/s","https://dyn-zjwo.stood.fun:8969/s","https://dyn-cmer.fixes-fellow.com:1615/s","https://dyn-kcff.pimmel.top:9970/s","https://dyn-qkwh.noticed.ooo:7802/s","https://dyn-lmoa.gained-berlin.org:5234/s","https://dyn-okin.loads-mariah.com:5620/s","https://dyn-rzhg.colon-teddy.fun:10626/s","https://dyn-prxx.common-faced.com:1222/s","https://dyn-jmhr.dryer.life:2235/s","https://dyn-sroa.herein.world:5101/s","https://dyn-gbiz.tribal-enjoy.com:10364/s","https://dyn-rhxh.noticed.ooo:7831/s","https://dyn-tkma.thegrand.top:9848/s","https://dyn-xolt.trlone.com:7447/s","https://dyn-ftqh.colon-teddy.fun:1417/s","https://dyn-mttb.delay.ooo:1346/s","https://dyn-salb.freestat.org:1260/s","https://dyn-kufi.gauge.world:6120/s","https://dyn-lvke.try9.net:6384/s","https://dyn-awdm.gained-berlin.org:1068/s","https://dyn-avzo.trips.ooo:1425/s","https://dyn-wuba.2po.info:10305/s","https://dyn-hkpi.gained-berlin.org:8093/s","https://dyn-xkoe.2po.info:10480/s","https://dyn-dqfk.wayne-decide.org:6164/s","https://dyn-wobw.gained-berlin.org:8927/s","https://dyn-odyl.topcdn.org:8936/s","https://dyn-yrje.dryer.life:1680/s","https://dyn-mnec.clicking.ooo:2860/s","https://dyn-ioml.cream-regards.net:9850/s","https://dyn-niyk.charged.fun:10349/s","https://dyn-eyik.klafive.com:7477/s","https://dyn-nyhx.stood.fun:7059/s","https://dyn-avuf.referred.ooo:3569/s","https://dyn-sutb.lender.fun:5195/s","https://dyn-qcan.wayne-decide.org:5038/s","https://dyn-gnwu.applies.top:1503/s","https://dyn-jhhu.rules-tiger.org:2364/s","https://dyn-cwyr.condo-forest.net:10109/s","https://dyn-vzhm.moral.fun:10718/s","https://dyn-qmij.articles-subtle.net:9990/s","https://dyn-hmmu.hopcdn.com:2517/s","https://dyn-fmli.common-faced.com:9955/s","https://dyn-pbdp.sought.fun:3640/s","https://dyn-crhw.faith-invasion.com:1358/s","https://dyn-icfw.priced.top:6482/s","https://dyn-rfkk.dispute.ooo:6707/s","https://dyn-gmdu.hopcdn.com:7061/s","https://dyn-lbxk.trips.ooo:3683/s","https://dyn-epxp.clicking.ooo:5787/s","https://dyn-dowq.korea-injured.com:4660/s","https://dyn-lhwj.cameron-brian.net:2969/s","https://dyn-rhtl.cd-n.net:5706/s","https://dyn-twyh.optics-thing.com:8882/s","https://dyn-cyim.dealt.ooo:9073/s","https://dyn-orxi.loads-mariah.com:4815/s","https://dyn-izcd.gamingmaster.xyz:9517/s","https://dyn-rzxc.freestat.org:10630/s","https://dyn-gnnn.noticed.ooo:9116/s","https://dyn-gzzk.delay.ooo:9041/s","https://dyn-jxsp.topcdn.org:2719/s","https://dyn-pwof.pluto3.org:2046/s","https://dyn-dtgq.referred.ooo:9047/s","https://dyn-mwsu.seats-robbie.com:5869/s","https://dyn-oyqx.klafive.com:6709/s","https://dyn-qjma.articles-subtle.net:1965/s","https://dyn-krnc.lender.fun:1891/s","https://dyn-rsou.fixes-fellow.com:1190/s","https://dyn-udge.hopcdn.com:6930/s","https://dyn-tuhn.cnt2.net:2178/s","https://dyn-dwkw.restrict.ooo:1541/s","https://dyn-tvrs.radical.fun:4559/s","https://dyn-cetv.rotation.fun:7969/s","https://dyn-tnys.articles-subtle.net:3647/s","https://dyn-uldo.gamingmaster.xyz:8572/s","https://dyn-dqkz.moral.fun:5080/s","https://dyn-orgt.clicking.ooo:4756/s","https://dyn-bopv.referred.ooo:1180/s","https://dyn-xzdk.wayne-decide.org:7760/s","https://dyn-qsmz.menus.life:4128/s","https://dyn-vihr.common-faced.com:7589/s","https://dyn-zxrh.dylan-roland.info:1725/s","https://dyn-vwjt.herein.world:10945/s","https://dyn-msqc.condo-forest.net:8612/s","https://dyn-ujyo.thegrand.top:7162/s","https://dyn-zkee.cnt2.net:5521/s","https://dyn-knbk.menus.life:5548/s","https://dyn-wuqu.excerpt.info:6123/s","https://dyn-kmuf.fixes-fellow.com:8464/s","https://dyn-hppq.trips.ooo:2071/s","https://dyn-vdap.delay.ooo:3269/s","https://dyn-lfgm.sought.fun:2609/s","https://dyn-fhdr.noticed.ooo:5670/s","https://dyn-cedi.dispute.ooo:3665/s","https://dyn-qplv.gained-berlin.org:2856/s","https://dyn-yzrl.cd-n.net:8367/s","https://dyn-ilfp.topcdn.org:8320/s","https://dyn-hfvc.klafive.com:8944/s","https://dyn-cits.killed.world:4107/s","https://dyn-pmcz.sought.fun:10026/s","https://dyn-nwfe.herein.world:3081/s","https://dyn-mxtm.penny-karen.com:6880/s","https://dyn-zhvq.excerpt.info:5841/s","https://dyn-nwga.colon-teddy.fun:7000/s","https://dyn-utyi.thirty-raise.net:3654/s","https://dyn-hpyu.killed.world:6880/s","https://dyn-rxfb.moral.fun:10735/s","https://dyn-fvxz.tracks.fun:10259/s","https://dyn-owpw.delay.ooo:8820/s","https://dyn-mvoj.diltwo.com:8185/s","https://dyn-igcz.fixes-fellow.com:8682/s","https://dyn-cfhs.enters-simply.net:2345/s","https://dyn-sveu.fourqt.com:7029/s","https://dyn-ieij.rules-tiger.org:9557/s","https://dyn-mjpo.gained-berlin.org:7637/s","https://dyn-qqsl.faith-invasion.com:6272/s","https://dyn-nmxb.sought.fun:10128/s","https://dyn-xprc.menus.life:1558/s","https://dyn-ivmj.referred.ooo:8029/s","https://dyn-tzuy.excerpt.info:1563/s","https://dyn-pgfb.2po.info:8730/s","https://dyn-wceq.dispute.ooo:8557/s","https://dyn-ynhn.dealt.ooo:2829/s","https://dyn-tjtd.noticed.ooo:2252/s","https://dyn-gfpp.articles-subtle.net:3660/s","https://dyn-aqbt.wealth-arcade.com:7953/s","https://dyn-fohg.faith-invasion.com:1402/s","https://dyn-nznn.klafive.com:4798/s","https://dyn-wvtv.penny-karen.com:3357/s","https://dyn-vgfr.lender.fun:4184/s","https://dyn-wund.sought.fun:8459/s","https://dyn-ymuq.herein.world:3361/s","https://dyn-xtzl.enters-simply.net:3436/s","https://dyn-nann.diltwo.com:10844/s","https://dyn-lauk.title-father.com:8691/s","https://dyn-ibnv.priced.top:8511/s","https://dyn-twtu.radical.fun:10597/s","https://dyn-xtcq.common-faced.com:5218/s","https://dyn-kbfg.gauge.world:6400/s","https://dyn-lngp.noticed.ooo:3650/s","https://dyn-xsjb.trlone.com:1484/s","https://dyn-hhmr.tracks.fun:4286/s","https://dyn-pcjz.colon-teddy.fun:1555/s","https://dyn-oyft.herein.world:1678/s","https://dyn-gpvz.thegrand.top:3982/s","https://dyn-nlcg.diltwo.com:9901/s","https://dyn-ywmo.moral.fun:8441/s","https://dyn-yxip.optics-thing.com:10527/s","https://dyn-gokt.seats-robbie.com:1340/s","https://dyn-gkpp.prior.world:4168/s","https://dyn-tkha.dylan-roland.info:7983/s","https://dyn-rxdw.prior.world:8319/s","https://dyn-viag.lender.fun:2593/s","https://dyn-ittv.charged.fun:10412/s","https://dyn-ucqk.dylan-roland.info:9849/s","https://dyn-dewz.hopcdn.com:6111/s","https://dyn-slbb.colon-teddy.fun:5165/s","https://dyn-cine.condo-forest.net:9565/s","https://dyn-sybf.gamingmaster.xyz:1724/s","https://dyn-iwui.freestat.org:9862/s","https://dyn-wxmx.sought.fun:4201/s","https://dyn-wqmm.optics-thing.com:3179/s","https://dyn-iffy.2po.info:10737/s","https://dyn-jqcc.bedroom.life:6786/s","https://dyn-qwbu.hopcdn.com:9742/s","https://dyn-zcrc.common-faced.com:2339/s","https://dyn-ekgw.earth-dying.com:3689/s","https://dyn-jviy.rotation.fun:8901/s","https://dyn-wavk.charged.fun:9245/s","https://dyn-dnwp.bedroom.life:9847/s","https://dyn-jltd.loads-mariah.com:10240/s","https://dyn-efov.tribal-enjoy.com:3625/s","https://dyn-tyjv.gamingmaster.xyz:9422/s","https://dyn-fbjq.korea-injured.com:1520/s","https://dyn-tfbg.tribal-enjoy.com:2893/s","https://dyn-xbmo.herein.world:3892/s","https://dyn-hbyx.cnt2.net:7053/s","https://dyn-aqgj.wayne-decide.org:2661/s","https://dyn-umdn.spies.ooo:8027/s","https://dyn-rlgy.charged.fun:2254/s","https://dyn-xxmc.stood.fun:2479/s","https://dyn-nclp.articles-subtle.net:6131/s","https://dyn-hthn.faith-invasion.com:10942/s","https://dyn-qowt.stood.fun:1132/s","https://dyn-pnfa.charged.fun:4248/s","https://dyn-osvo.spies.ooo:3705/s","https://dyn-mbjo.excerpt.info:3180/s","https://dyn-brvu.radical.fun:9066/s","https://dyn-fzrb.wealth-arcade.com:10778/s","https://dyn-tkpv.moral.fun:7109/s","https://dyn-nrmb.moral.fun:2244/s","https://dyn-hfat.dirty-derby.net:6204/s","https://dyn-kuum.cnt2.net:6910/s","https://dyn-zvqp.korea-injured.com:9753/s","https://dyn-hwzj.excerpt.info:8994/s","https://dyn-duto.clicking.ooo:1243/s","https://dyn-kqvs.diltwo.com:2171/s","https://dyn-fsxc.wealth-arcade.com:1669/s","https://dyn-pgbn.pluto3.org:4916/s","https://dyn-orzv.column-total.net:10599/s","https://dyn-mblj.gamingmaster.xyz:5835/s","https://dyn-xiif.restrict.ooo:5365/s","https://dyn-kyss.dispute.ooo:1106/s","https://dyn-euhn.tracks.fun:2055/s","https://dyn-lhju.dylan-roland.info:3001/s","https://dyn-euzn.cameron-brian.net:8537/s","https://dyn-eoln.charged.fun:4403/s","https://dyn-yscd.cameron-brian.net:7377/s","https://dyn-sjua.applies.top:5037/s","https://dyn-wjhz.bedroom.life:1406/s","https://dyn-isza.articles-subtle.net:6271/s","https://dyn-tbec.common-faced.com:2169/s","https://dyn-cyrn.freestat.org:3598/s","https://dyn-dxns.condo-forest.net:2302/s","https://dyn-zxnq.restrict.ooo:5217/s","https://dyn-teyf.delay.ooo:7284/s","https://dyn-napi.dealt.ooo:7596/s","https://dyn-igtr.moral.fun:6183/s","https://dyn-uoxa.clicking.ooo:3643/s","https://dyn-pavh.referred.ooo:4790/s","https://dyn-kxfc.faith-invasion.com:9456/s","https://dyn-ttsl.dispute.ooo:6309/s","https://dyn-tcrg.freestat.org:1325/s","https://dyn-fnuf.gained-berlin.org:5805/s","https://dyn-ibqu.clicking.ooo:5488/s","https://dyn-vhxx.menus.life:6723/s","https://dyn-rzrg.cnt2.net:3076/s","https://dyn-lavt.colon-teddy.fun:4140/s","https://dyn-evnh.stood.fun:1200/s","https://dyn-abji.thirty-raise.net:3860/s","https://dyn-ztcq.applies.top:2347/s","https://dyn-qphd.gauge.world:5304/s","https://dyn-jppg.radical.fun:10762/s","https://dyn-cujl.colon-teddy.fun:6461/s","https://dyn-ltsu.hopcdn.com:9303/s","https://dyn-hdey.sought.fun:10804/s","https://dyn-fxyb.charged.fun:10803/s","https://dyn-prxu.applies.top:6234/s","https://dyn-sumc.cameron-brian.net:1473/s","https://dyn-fxqx.gained-berlin.org:6956/s","https://dyn-jkyn.defend-broad.org:1354/s","https://dyn-jjco.restrict.ooo:9775/s","https://dyn-pfqo.cd-n.net:3604/s","https://dyn-iutq.spies.ooo:1826/s","https://dyn-qfuw.cd-n.net:8915/s","https://dyn-kvzh.column-total.net:5015/s","https://dyn-nbrc.delay.ooo:2667/s","https://dyn-rgif.defend-broad.org:7686/s","https://dyn-zfwo.colon-teddy.fun:8474/s","https://dyn-gjzi.killed.world:8771/s","https://dyn-qzhr.articles-subtle.net:1829/s","https://dyn-srna.clicking.ooo:1761/s","https://dyn-kjvj.2po.info:8602/s","https://dyn-luck.tribal-enjoy.com:7868/s","https://dyn-sfec.gained-berlin.org:7366/s","https://dyn-ensj.pluto3.org:1084/s","https://dyn-cqia.priced.top:3670/s","https://dyn-whuz.clicking.ooo:1286/s","https://dyn-szsg.dealt.ooo:5452/s","https://dyn-dslg.faith-invasion.com:7090/s","https://dyn-lzos.spies.ooo:2634/s","https://dyn-moqy.priced.top:2293/s","https://dyn-vpal.spies.ooo:4855/s","https://dyn-ywkk.thegrand.top:4770/s","https://dyn-rzys.condo-forest.net:8987/s","https://dyn-ltik.rotation.fun:4412/s","https://dyn-ywky.pluto3.org:8808/s","https://dyn-epcj.tribal-enjoy.com:5803/s","https://dyn-yewu.menus.life:4944/s","https://dyn-fvcb.condo-forest.net:8173/s","https://dyn-kqxy.radical.fun:10802/s","https://dyn-wyec.freestat.org:8666/s","https://dyn-xwpw.diltwo.com:3618/s","https://dyn-dpnd.wealth-arcade.com:2862/s","https://dyn-wqre.tracks.fun:3579/s","https://dyn-xney.loads-mariah.com:8397/s","https://dyn-njmk.moral.fun:10569/s","https://dyn-vcng.loads-mariah.com:6136/s","https://dyn-tcao.fourqt.com:4823/s","https://dyn-tziz.tribal-enjoy.com:9335/s","https://dyn-srpd.pluto3.org:8201/s","https://dyn-jclb.delay.ooo:9487/s","https://dyn-ohoy.tribal-enjoy.com:5343/s","https://dyn-ijuw.fourqt.com:3621/s","https://dyn-ogrx.penny-karen.com:8338/s","https://dyn-gihj.fixes-fellow.com:5286/s","https://dyn-ujbw.prior.world:1631/s","https://dyn-trgk.penny-karen.com:10895/s","https://dyn-wuul.fixes-fellow.com:4314/s","https://dyn-ccjy.dirty-derby.net:7531/s","https://dyn-kfzn.gamingmaster.xyz:3167/s","https://dyn-wxny.colon-teddy.fun:7259/s","https://dyn-qpwu.common-faced.com:10594/s","https://dyn-ogit.cream-regards.net:3699/s","https://dyn-dshw.cream-regards.net:8034/s","https://dyn-angf.seats-robbie.com:1711/s","https://dyn-vvhx.prior.world:5836/s","https://dyn-qfyn.restrict.ooo:3570/s","https://dyn-tzls.pluto3.org:10717/s","https://dyn-ryks.fourqt.com:2414/s","https://dyn-ltux.lender.fun:1937/s","https://dyn-vxpj.lender.fun:10796/s","https://dyn-fhhs.loads-mariah.com:1026/s","https://dyn-frwv.fourqt.com:1991/s","https://dyn-exfz.faith-invasion.com:1604/s","https://dyn-xbrl.pimmel.top:5703/s","https://dyn-jfth.tracks.fun:10104/s","https://dyn-kjmw.2po.info:7885/s","https://dyn-cjvz.dryer.life:7363/s","https://dyn-cbwb.wayne-decide.org:9901/s","https://dyn-kxvv.trips.ooo:3312/s","https://dyn-clvk.cream-regards.net:11021/s","https://dyn-qcpx.noticed.ooo:1518/s","https://dyn-fgfb.wayne-decide.org:6195/s","https://dyn-fgqx.restrict.ooo:8144/s","https://dyn-lajw.freestat.org:6535/s","https://dyn-ixya.articles-subtle.net:7540/s","https://dyn-qxjs.gauge.world:3719/s","https://dyn-ywli.tribal-enjoy.com:2265/s","https://dyn-aaao.cnt2.net:7471/s","https://dyn-ijvd.gained-berlin.org:4024/s","https://dyn-rzjf.colon-teddy.fun:10538/s","https://dyn-fsvw.2po.info:3970/s","https://dyn-fhwq.cnt2.net:1693/s","https://dyn-nxlw.priced.top:10599/s","https://dyn-ayow.gauge.world:6656/s","https://dyn-hjgy.optics-thing.com:1327/s","https://dyn-cczo.loads-mariah.com:3795/s","https://dyn-ptuq.prior.world:6117/s","https://dyn-ummq.seems.info:8007/s","https://dyn-shtz.penny-karen.com:8716/s","https://dyn-mghx.common-faced.com:7094/s","https://dyn-ylxd.restrict.ooo:2865/s","https://dyn-wfgw.sought.fun:2630/s","https://dyn-sduu.gamingmaster.xyz:2854/s","https://dyn-gsmi.thirty-raise.net:4410/s","https://dyn-lhte.pimmel.top:2261/s","https://dyn-iimi.tracks.fun:4863/s","https://dyn-kghp.penny-karen.com:3978/s","https://dyn-bcwh.charged.fun:3500/s","https://dyn-mnsq.cream-regards.net:10414/s","https://dyn-dsyu.rules-tiger.org:8463/s","https://dyn-hzqz.seems.info:8637/s","https://dyn-uzze.priced.top:4282/s","https://dyn-pgtg.dealt.ooo:1258/s","https://dyn-zjev.radical.fun:10655/s","https://dyn-cgym.dryer.life:3851/s","https://dyn-nusg.column-total.net:2771/s","https://dyn-sbpn.cameron-brian.net:6967/s","https://dyn-riue.dryer.life:1347/s","https://dyn-ofxw.klafive.com:2124/s","https://dyn-wnie.column-total.net:10276/s","https://dyn-nine.noticed.ooo:9189/s","https://dyn-wnlk.tracks.fun:7547/s","https://dyn-quiz.seats-robbie.com:10012/s","https://dyn-antw.condo-forest.net:2221/s","https://dyn-dxdb.optics-thing.com:8231/s","https://dyn-vqcc.enters-simply.net:11015/s","https://dyn-fknj.dispute.ooo:10328/s","https://dyn-vdlt.seats-robbie.com:2844/s","https://dyn-cnlb.gamingmaster.xyz:9254/s","https://dyn-zdkg.topcdn.org:2582/s","https://dyn-yama.common-faced.com:10605/s","https://dyn-veku.gauge.world:1807/s","https://dyn-upkk.freestat.org:5916/s","https://dyn-zxjt.pluto3.org:9898/s","https://dyn-fbgc.seats-robbie.com:5356/s","https://dyn-sxdy.2po.info:6734/s","https://dyn-omky.common-faced.com:4907/s","https://dyn-kawo.seats-robbie.com:4622/s","https://dyn-kwsc.try9.net:4168/s","https://dyn-dyim.dealt.ooo:10386/s","https://dyn-jynq.dealt.ooo:1096/s","https://dyn-vzov.dispute.ooo:6240/s","https://dyn-jxhl.fourqt.com:10668/s","https://dyn-tgqp.dryer.life:5736/s","https://dyn-ereu.dryer.life:7412/s","https://dyn-mvtw.2po.info:7238/s","https://dyn-jnpk.restrict.ooo:1960/s","https://dyn-qjsd.common-faced.com:8370/s","https://dyn-bmcy.enters-simply.net:7460/s","https://dyn-iulm.dryer.life:9544/s","https://dyn-ybzj.stood.fun:5726/s","https://dyn-bjfz.moral.fun:7272/s","https://dyn-pxei.herein.world:4826/s","https://dyn-yvlm.optics-thing.com:5012/s","https://dyn-gvyh.seems.info:9268/s","https://dyn-nyyq.moral.fun:2175/s","https://dyn-xdcl.priced.site:1317/s","https://dyn-adsk.thirty-raise.net:6784/s","https://dyn-tlxh.thegrand.top:10497/s","https://dyn-reav.rules-tiger.org:9377/s","https://dyn-tvni.prior.world:7664/s","https://dyn-gvpd.noticed.ooo:6477/s","https://dyn-yant.common-faced.com:9222/s","https://dyn-gfib.trlone.com:7005/s","https://dyn-zlem.common-faced.com:3183/s","https://dyn-omhi.radical.fun:2385/s","https://dyn-nqyw.killed.world:7150/s","https://dyn-kpkd.seems.info:8044/s","https://dyn-vhia.diltwo.com:8032/s","https://dyn-qulb.hopcdn.com:2361/s","https://dyn-suif.topcdn.org:8970/s","https://dyn-fvjc.clicking.ooo:8935/s","https://dyn-miwg.korea-injured.com:4542/s","https://dyn-lbso.loads-mariah.com:6231/s","https://dyn-hpor.cameron-brian.net:1415/s","https://dyn-ndtv.seems.info:4880/s","https://dyn-ddnj.menus.life:4534/s","https://dyn-isah.freestat.org:3639/s","https://dyn-eagc.common-faced.com:6449/s","https://dyn-fhpf.dispute.ooo:5018/s","https://dyn-dbob.moral.fun:9983/s","https://dyn-nkhb.applies.top:2169/s","https://dyn-mdyi.priced.top:6033/s","https://dyn-hlki.gamingmaster.xyz:6902/s","https://dyn-noxb.defend-broad.org:7131/s","https://dyn-chvw.hopcdn.com:4824/s","https://dyn-qiow.killed.world:2882/s","https://dyn-cwkd.optics-thing.com:1578/s","https://dyn-mnol.defend-broad.org:2682/s","https://dyn-unlv.pimmel.top:10754/s","https://dyn-qqsv.colon-teddy.fun:10278/s","https://dyn-fjhu.excerpt.info:8757/s","https://dyn-eqah.2po.info:3266/s","https://dyn-xtxl.tracks.fun:9254/s","https://dyn-ucmc.seats-robbie.com:10249/s","https://dyn-ytpw.korea-injured.com:9771/s","https://dyn-ufht.killed.world:8262/s","https://dyn-mlza.bedroom.life:4809/s","https://dyn-jsyb.wealth-arcade.com:10101/s","https://dyn-wmlr.topcdn.org:4033/s","https://dyn-erlr.defend-broad.org:5908/s","https://dyn-nxas.sought.fun:2112/s","https://dyn-qobm.wayne-decide.org:8586/s","https://dyn-yaih.faith-invasion.com:3941/s","https://dyn-ryrr.applies.top:5707/s","https://dyn-zmxv.2po.info:3007/s","https://dyn-nyxl.korea-injured.com:6194/s","https://dyn-ppyw.wayne-decide.org:9195/s","https://dyn-xcsy.dispute.ooo:2033/s","https://dyn-xbci.articles-subtle.net:7458/s","https://dyn-pjvw.faith-invasion.com:9061/s","https://dyn-tkhl.spies.ooo:2024/s","https://dyn-nyor.freestat.org:10069/s","https://dyn-yylt.dirty-derby.net:3921/s","https://dyn-pfak.lender.fun:9147/s","https://dyn-ejnb.topcdn.org:9697/s","https://dyn-fzvf.applies.top:10516/s","https://dyn-zmxj.2po.info:2337/s","https://dyn-txel.tracks.fun:3197/s","https://dyn-swvq.klafive.com:6482/s","https://dyn-rmdp.common-faced.com:3236/s","https://dyn-cnun.defend-broad.org:5175/s","https://dyn-dmja.prior.world:7576/s","https://dyn-abvi.radical.fun:9638/s","https://dyn-qsul.gained-berlin.org:4822/s","https://dyn-xyyx.column-total.net:9980/s","https://dyn-vnir.noticed.ooo:7379/s","https://dyn-ovpq.bedroom.life:8995/s","https://dyn-dakh.penny-karen.com:4469/s","https://dyn-wrhl.title-father.com:2342/s","https://dyn-dbqw.common-faced.com:3721/s","https://dyn-rcwi.rotation.fun:1856/s","https://dyn-utgc.charged.fun:6050/s","https://dyn-dxkc.condo-forest.net:10079/s","https://dyn-meos.klafive.com:1873/s","https://dyn-vdwt.gamingmaster.xyz:3463/s","https://dyn-gdak.trlone.com:9175/s","https://dyn-ubdz.gained-berlin.org:1876/s","https://dyn-fxnz.menus.life:3839/s","https://dyn-levh.fourqt.com:5216/s","https://dyn-nerg.dylan-roland.info:6779/s","https://dyn-esvm.rules-tiger.org:5730/s","https://dyn-hogk.cd-n.net:9773/s","https://dyn-olkg.topcdn.org:6304/s","https://dyn-parz.lender.fun:1512/s","https://dyn-kruj.rotation.fun:10626/s","https://dyn-ejfk.radical.fun:3394/s","https://dyn-aqvj.title-father.com:9816/s","https://dyn-hubd.optics-thing.com:2352/s","https://dyn-lryh.stood.fun:2665/s","https://dyn-nfpp.clicking.ooo:9630/s","https://dyn-cxwt.fixes-fellow.com:6928/s","https://dyn-eesg.wayne-decide.org:2346/s","https://dyn-pgnm.lender.fun:7429/s","https://dyn-rcid.menus.life:2217/s","https://dyn-jwsw.wayne-decide.org:8950/s","https://dyn-tjgg.clicking.ooo:4551/s","https://dyn-kqvt.priced.site:8514/s","https://dyn-auqm.pimmel.top:10707/s","https://dyn-cxyw.herein.world:1373/s","https://dyn-slga.defend-broad.org:2366/s","https://dyn-cssa.fourqt.com:1653/s","https://dyn-empz.pluto3.org:1154/s","https://dyn-xriv.dryer.life:3309/s","https://dyn-fzdy.diltwo.com:10375/s","https://dyn-siap.gained-berlin.org:1730/s","https://dyn-sbth.wealth-arcade.com:3725/s","https://dyn-xihg.title-father.com:4902/s","https://dyn-qufc.dryer.life:1234/s","https://dyn-ctsl.applies.top:7160/s","https://dyn-wiyd.pimmel.top:5968/s","https://dyn-ggnq.enters-simply.net:8388/s","https://dyn-hsph.delay.ooo:7295/s","https://dyn-tbrc.loads-mariah.com:4832/s","https://dyn-pebj.referred.ooo:7615/s","https://dyn-fjsb.delay.ooo:10048/s","https://dyn-nbau.earth-dying.com:9773/s","https://dyn-qdiv.penny-karen.com:5916/s","https://dyn-snxb.killed.world:2327/s","https://dyn-jmqo.cd-n.net:10925/s","https://dyn-geau.enters-simply.net:5499/s","https://dyn-cvht.trips.ooo:7363/s","https://dyn-wpdv.penny-karen.com:6984/s","https://dyn-bogu.delay.ooo:7634/s","https://dyn-jhuo.tracks.fun:3499/s","https://dyn-xvcy.defend-broad.org:4155/s","https://dyn-tipv.defend-broad.org:5823/s","https://dyn-bjeo.seats-robbie.com:8803/s","https://dyn-ijjp.pluto3.org:1615/s","https://dyn-qzwd.sought.fun:9310/s","https://dyn-sdyc.prior.world:2532/s","https://dyn-sycb.noticed.ooo:4857/s","https://dyn-sisl.rotation.fun:4988/s","https://dyn-mswp.hopcdn.com:6549/s","https://dyn-ubfa.common-faced.com:2864/s","https://dyn-wgrk.faith-invasion.com:10919/s","https://dyn-nonj.wealth-arcade.com:2786/s","https://dyn-hwbn.applies.top:8616/s","https://dyn-vxna.column-total.net:9650/s","https://dyn-bbdh.loads-mariah.com:9019/s","https://dyn-rfwh.penny-karen.com:9128/s","https://dyn-ztfl.fourqt.com:8315/s","https://dyn-btfo.noticed.ooo:1644/s","https://dyn-hjbw.fourqt.com:5607/s","https://dyn-rvyp.delay.ooo:10874/s","https://dyn-xbrz.rotation.fun:1268/s","https://dyn-yqrz.faith-invasion.com:1392/s","https://dyn-oflq.referred.ooo:6189/s","https://dyn-rkug.priced.site:7910/s","https://dyn-rukq.faith-invasion.com:9845/s","https://dyn-dbkj.fixes-fellow.com:1166/s","https://dyn-icwh.referred.ooo:3758/s","https://dyn-syia.gauge.world:6057/s","https://dyn-ienz.defend-broad.org:5289/s","https://dyn-jkam.2po.info:1611/s","https://dyn-zpnh.cream-regards.net:2450/s","https://dyn-xitm.articles-subtle.net:10592/s","https://dyn-azag.optics-thing.com:7745/s","https://dyn-iysz.gauge.world:10958/s","https://dyn-ygyd.freestat.org:7527/s","https://dyn-dmvz.killed.world:5454/s","https://dyn-atkr.wealth-arcade.com:9483/s","https://dyn-bfan.dryer.life:8998/s","https://dyn-nrbr.title-father.com:10772/s","https://dyn-scqw.topcdn.org:3514/s","https://dyn-dgpb.pimmel.top:1695/s","https://dyn-ynej.pimmel.top:9863/s","https://dyn-bkqg.thirty-raise.net:3340/s","https://dyn-jnhb.menus.life:1410/s","https://dyn-krhp.optics-thing.com:1058/s","https://dyn-krar.dryer.life:3313/s","https://dyn-znte.gained-berlin.org:9491/s","https://dyn-vihn.freestat.org:5927/s","https://dyn-pehc.freestat.org:1315/s","https://dyn-jfir.prior.world:4307/s","https://dyn-ilzl.faith-invasion.com:10762/s","https://dyn-tdgn.seats-robbie.com:7700/s","https://dyn-fhnp.topcdn.org:8851/s","https://dyn-rrmk.lender.fun:7723/s","https://dyn-npgm.referred.ooo:2613/s","https://dyn-wili.tribal-enjoy.com:9529/s","https://dyn-dyjg.wealth-arcade.com:3561/s","https://dyn-gciu.pimmel.top:6514/s","https://dyn-qkly.penny-karen.com:9574/s","https://dyn-tfin.fourqt.com:5238/s","https://dyn-nbjs.common-faced.com:2222/s","https://dyn-ijvf.dylan-roland.info:9785/s","https://dyn-dgux.noticed.ooo:3881/s","https://dyn-eocp.moral.fun:1832/s","https://dyn-prup.hopcdn.com:10743/s","https://dyn-imlq.condo-forest.net:1151/s","https://dyn-cnee.loads-mariah.com:1387/s","https://dyn-dbdi.column-total.net:5646/s","https://dyn-nxab.cameron-brian.net:1915/s","https://dyn-dhfb.gained-berlin.org:4216/s","https://dyn-rwon.seems.info:8154/s","https://dyn-cjbq.thirty-raise.net:6239/s","https://dyn-gkie.hopcdn.com:10848/s","https://dyn-sgwa.charged.fun:4281/s","https://dyn-dxvd.common-faced.com:4352/s","https://dyn-pfyc.wayne-decide.org:1704/s","https://dyn-rvuh.topcdn.org:4014/s","https://dyn-ooqk.radical.fun:1869/s","https://dyn-eyfu.tracks.fun:3428/s","https://dyn-zues.priced.top:3250/s","https://dyn-ctcn.lender.fun:10782/s","https://dyn-wbyn.bedroom.life:1340/s","https://dyn-egpa.cream-regards.net:3553/s","https://dyn-rphv.enters-simply.net:6703/s","https://dyn-wpxw.gamingmaster.xyz:1708/s","https://dyn-cvge.menus.life:3257/s","https://dyn-rzat.spies.ooo:3436/s","https://dyn-xbem.killed.world:6138/s","https://dyn-lvna.pimmel.top:7315/s","https://dyn-wlbo.optics-thing.com:9262/s","https://dyn-wpft.cnt2.net:4214/s","https://dyn-ygdh.seems.info:5478/s","https://dyn-igcw.fourqt.com:10252/s","https://dyn-dpai.dispute.ooo:1767/s","https://dyn-nvwh.earth-dying.com:3788/s","https://dyn-oqks.seats-robbie.com:5484/s","https://dyn-wasn.trlone.com:2358/s","https://dyn-duwx.restrict.ooo:3991/s","https://dyn-livg.trips.ooo:10941/s","https://dyn-ekkq.wayne-decide.org:6630/s","https://dyn-ynnh.noticed.ooo:5271/s","https://dyn-ikwy.priced.site:10327/s","https://dyn-tjce.defend-broad.org:9713/s","https://dyn-waon.restrict.ooo:5679/s","https://dyn-bhbb.restrict.ooo:9053/s","https://dyn-kpkh.tracks.fun:8648/s","https://dyn-kuox.menus.life:5991/s","https://dyn-gdux.seems.info:4881/s","https://dyn-lcag.restrict.ooo:5273/s","https://dyn-xhma.loads-mariah.com:5573/s","https://dyn-roif.fixes-fellow.com:9321/s","https://dyn-rqyy.fourqt.com:5331/s","https://dyn-eggj.trips.ooo:10955/s","https://dyn-qqaq.bedroom.life:5045/s","https://dyn-lhnw.topcdn.org:3358/s","https://dyn-wkqu.sought.fun:5318/s","https://dyn-twko.tribal-enjoy.com:7543/s","https://dyn-eegh.restrict.ooo:7560/s","https://dyn-vlaz.earth-dying.com:6922/s","https://dyn-tmso.priced.top:1753/s","https://dyn-nhnj.bedroom.life:4905/s","https://dyn-vavp.pluto3.org:3632/s","https://dyn-uxxy.herein.world:6287/s","https://dyn-hnir.dryer.life:9433/s","https://dyn-degn.bedroom.life:6917/s","https://dyn-fgzd.rules-tiger.org:1577/s","https://dyn-ifon.gained-berlin.org:9834/s","https://dyn-qiwf.topcdn.org:5083/s","https://dyn-ncsd.penny-karen.com:9644/s","https://dyn-rwtr.fixes-fellow.com:4053/s","https://dyn-bpuh.moral.fun:9120/s","https://dyn-mjam.earth-dying.com:4306/s","https://dyn-usgv.defend-broad.org:2972/s","https://dyn-lvjy.trips.ooo:7509/s","https://dyn-jimt.tribal-enjoy.com:10011/s","https://dyn-wrvu.charged.fun:4932/s","https://dyn-ptdp.title-father.com:4539/s","https://dyn-vodl.delay.ooo:10591/s","https://dyn-flfk.moral.fun:5946/s","https://dyn-hufr.noticed.ooo:8215/s","https://dyn-iwbt.hopcdn.com:5272/s","https://dyn-rtgp.priced.site:4933/s","https://dyn-fyyf.cnt2.net:6876/s","https://dyn-jcgq.pimmel.top:6676/s","https://dyn-ihkk.dylan-roland.info:1977/s","https://dyn-ezhn.wealth-arcade.com:3548/s","https://dyn-aexs.bedroom.life:2499/s","https://dyn-cvll.wayne-decide.org:2102/s","https://dyn-xcjw.dylan-roland.info:6371/s","https://dyn-lqqt.dispute.ooo:7784/s","https://dyn-dfoa.seats-robbie.com:7343/s","https://dyn-ocyw.condo-forest.net:5498/s","https://dyn-owjc.diltwo.com:1885/s","https://dyn-iiuq.thirty-raise.net:6501/s","https://dyn-iskk.klafive.com:5022/s","https://dyn-axzw.applies.top:5414/s","https://dyn-bhsr.cameron-brian.net:1551/s","https://dyn-jnmo.gamingmaster.xyz:4004/s","https://dyn-xtzr.stood.fun:5083/s","https://dyn-qkjl.try9.net:4315/s","https://dyn-nxrq.lender.fun:3078/s","https://dyn-ihch.hopcdn.com:3391/s","https://dyn-utvl.charged.fun:8148/s","https://dyn-rywo.gamingmaster.xyz:7797/s","https://dyn-mles.thegrand.top:3509/s","https://dyn-tyoa.herein.world:5212/s","https://dyn-wusn.prior.world:2095/s","https://dyn-mwxe.klafive.com:4404/s","https://dyn-agjg.dylan-roland.info:9889/s","https://dyn-lseb.common-faced.com:6845/s","https://dyn-xtpq.spies.ooo:10919/s","https://dyn-clqs.priced.site:1648/s","https://dyn-llai.cd-n.net:4636/s","https://dyn-etqn.sought.fun:9509/s","https://dyn-odma.dealt.ooo:9523/s","https://dyn-fxqq.trlone.com:9421/s","https://dyn-qifc.gauge.world:8306/s","https://dyn-njcf.cd-n.net:1826/s","https://dyn-xaxn.charged.fun:1102/s","https://dyn-fnen.defend-broad.org:7747/s","https://dyn-jwwn.dirty-derby.net:7714/s","https://dyn-ofur.faith-invasion.com:4744/s","https://dyn-bxxm.thirty-raise.net:7517/s","https://dyn-sszt.bedroom.life:2480/s","https://dyn-umaf.spies.ooo:7801/s","https://dyn-lwif.bedroom.life:1404/s","https://dyn-sgvm.colon-teddy.fun:6640/s","https://dyn-oawt.optics-thing.com:3490/s","https://dyn-efhv.articles-subtle.net:2098/s","https://dyn-pxll.colon-teddy.fun:10087/s","https://dyn-rauh.faith-invasion.com:10686/s","https://dyn-iybw.tribal-enjoy.com:8106/s","https://dyn-irry.thegrand.top:5781/s","https://dyn-skpf.priced.site:5747/s","https://dyn-kzmx.defend-broad.org:1555/s","https://dyn-uxyc.cameron-brian.net:2139/s","https://dyn-vasj.priced.top:2992/s","https://dyn-chsa.defend-broad.org:3638/s","https://dyn-vhat.klafive.com:5999/s","https://dyn-kftk.rotation.fun:3558/s","https://dyn-zuuv.hopcdn.com:10156/s","https://dyn-ilyq.optics-thing.com:5134/s","https://dyn-lahy.killed.world:7028/s","https://dyn-ytjj.moral.fun:3822/s","https://dyn-ooip.cameron-brian.net:2616/s","https://dyn-edpx.optics-thing.com:2135/s","https://dyn-cunm.stood.fun:2577/s","https://dyn-xebd.stood.fun:3528/s","https://dyn-jeao.title-father.com:9622/s","https://dyn-oofv.tracks.fun:1693/s","https://dyn-xkpj.excerpt.info:9161/s","https://dyn-gweo.title-father.com:10512/s","https://dyn-euzq.delay.ooo:9310/s","https://dyn-kewq.cd-n.net:3813/s","https://dyn-hbtz.dispute.ooo:3137/s","https://dyn-dxne.radical.fun:6000/s","https://dyn-lsdx.sought.fun:3886/s","https://dyn-fjdf.gauge.world:6013/s","https://dyn-gqzh.hopcdn.com:10418/s","https://dyn-dbfp.noticed.ooo:9698/s","https://dyn-ymkw.try9.net:5760/s","https://dyn-mpys.clicking.ooo:10447/s","https://dyn-nyms.bedroom.life:3180/s","https://dyn-pddp.thegrand.top:6001/s","https://dyn-mwgr.restrict.ooo:1943/s","https://dyn-zusg.seats-robbie.com:3305/s","https://dyn-didt.prior.world:6560/s","https://dyn-ijcq.fourqt.com:3735/s","https://dyn-otmb.defend-broad.org:9819/s","https://dyn-aqzl.klafive.com:8319/s","https://dyn-vgab.moral.fun:5445/s","https://dyn-suyk.clicking.ooo:2145/s","https://dyn-dlzq.wealth-arcade.com:1477/s","https://dyn-mesg.trlone.com:9086/s","https://dyn-syct.spies.ooo:7492/s","https://dyn-pxnj.enters-simply.net:4204/s","https://dyn-nvsc.gauge.world:4505/s","https://dyn-atmu.tracks.fun:4565/s","https://dyn-raoe.herein.world:9762/s","https://dyn-tptd.delay.ooo:2576/s","https://dyn-dxre.wayne-decide.org:8479/s","https://dyn-oefi.try9.net:7518/s","https://dyn-yzxy.thegrand.top:5849/s","https://dyn-qlen.delay.ooo:4665/s","https://dyn-znpz.column-total.net:1844/s","https://dyn-yvqs.pluto3.org:10230/s","https://dyn-ahgp.rules-tiger.org:1385/s","https://dyn-oihn.fourqt.com:1148/s","https://dyn-lonr.priced.top:1385/s","https://dyn-wsvk.dryer.life:2682/s","https://dyn-rrmq.seats-robbie.com:5208/s","https://dyn-viis.lender.fun:7801/s","https://dyn-usis.cnt2.net:8495/s","https://dyn-nstv.earth-dying.com:2578/s","https://dyn-nwnv.title-father.com:5318/s","https://dyn-ubbh.topcdn.org:3701/s","https://dyn-xbza.charged.fun:8521/s","https://dyn-mtqr.noticed.ooo:5975/s","https://dyn-zxrr.hopcdn.com:8646/s","https://dyn-tssy.applies.top:4604/s","https://dyn-xszk.delay.ooo:5047/s","https://dyn-dkkr.loads-mariah.com:8466/s","https://dyn-ahbw.wayne-decide.org:2653/s","https://dyn-vady.stood.fun:9698/s","https://dyn-vozd.diltwo.com:5869/s","https://dyn-ujag.gamingmaster.xyz:9656/s","https://dyn-dpzu.common-faced.com:9047/s","https://dyn-adls.radical.fun:9842/s","https://dyn-jjwx.dealt.ooo:1521/s","https://dyn-pdsk.cream-regards.net:5612/s","https://dyn-ntgb.killed.world:6425/s","https://dyn-cals.dispute.ooo:10651/s","https://dyn-hrim.faith-invasion.com:8927/s","https://dyn-cydg.cream-regards.net:5222/s","https://dyn-wtzl.pluto3.org:5051/s","https://dyn-djuo.title-father.com:3672/s","https://dyn-xviw.colon-teddy.fun:7301/s","https://dyn-wfau.priced.top:2550/s","https://dyn-whad.thegrand.top:6593/s","https://dyn-stuy.fixes-fellow.com:8498/s","https://dyn-yeqd.radical.fun:5649/s","https://dyn-sqhv.clicking.ooo:3473/s","https://dyn-immn.title-father.com:5312/s","https://dyn-rmwu.excerpt.info:2928/s","https://dyn-daas.thegrand.top:8849/s","https://dyn-wvdz.gamingmaster.xyz:10768/s","https://dyn-cwme.diltwo.com:6904/s","https://dyn-zibl.applies.top:1713/s","https://dyn-scrj.clicking.ooo:7799/s","https://dyn-jkfv.freestat.org:6804/s","https://dyn-vfsh.dispute.ooo:1680/s","https://dyn-lghh.priced.top:1654/s","https://dyn-zpgf.clicking.ooo:7279/s","https://dyn-utfc.rotation.fun:10412/s","https://dyn-omwr.enters-simply.net:10601/s","https://dyn-mzty.restrict.ooo:7462/s","https://dyn-xxcv.herein.world:10277/s","https://dyn-mbrx.killed.world:2099/s","https://dyn-dzon.earth-dying.com:4635/s","https://dyn-wryh.bedroom.life:8131/s","https://dyn-dmfa.spies.ooo:6041/s","https://dyn-dmbb.title-father.com:1086/s","https://dyn-nvdj.killed.world:7153/s","https://dyn-ytci.penny-karen.com:3081/s","https://dyn-bopq.trips.ooo:2683/s","https://dyn-iaxl.articles-subtle.net:10464/s","https://dyn-aurt.referred.ooo:3729/s","https://dyn-ouji.spies.ooo:6800/s","https://dyn-kbjp.noticed.ooo:2938/s","https://dyn-mmuy.referred.ooo:2711/s","https://dyn-upmv.trlone.com:2720/s","https://dyn-unzf.restrict.ooo:4134/s","https://dyn-zcuj.title-father.com:9904/s","https://dyn-exij.rules-tiger.org:10025/s","https://dyn-yrqh.herein.world:2717/s","https://dyn-hbdr.spies.ooo:2437/s","https://dyn-bhha.2po.info:2880/s","https://dyn-kfpv.topcdn.org:9373/s","https://dyn-agix.2po.info:9581/s","https://dyn-wygs.pluto3.org:6239/s","https://dyn-zpad.korea-injured.com:6644/s","https://dyn-fhlb.dealt.ooo:9923/s","https://dyn-zoia.2po.info:10649/s","https://dyn-ruwj.dirty-derby.net:7461/s","https://dyn-hqqz.tribal-enjoy.com:4949/s","https://dyn-wafb.lender.fun:10549/s","https://dyn-pkjx.title-father.com:8150/s","https://dyn-romj.penny-karen.com:7286/s","https://dyn-frso.pluto3.org:2293/s","https://dyn-fetd.gauge.world:1441/s","https://dyn-hjky.topcdn.org:1542/s","https://dyn-zadu.referred.ooo:2496/s","https://dyn-weka.faith-invasion.com:4466/s","https://dyn-jrkh.title-father.com:2923/s","https://dyn-qkjq.condo-forest.net:7222/s","https://dyn-jwpx.prior.world:1829/s","https://dyn-femx.cnt2.net:3270/s","https://dyn-blhx.pimmel.top:9283/s","https://dyn-seme.noticed.ooo:6289/s","https://dyn-iuvi.diltwo.com:4331/s","https://dyn-fxay.diltwo.com:7368/s","https://dyn-chld.articles-subtle.net:10032/s","https://dyn-rekh.rules-tiger.org:8801/s","https://dyn-fnbs.priced.site:1217/s","https://dyn-uufs.trlone.com:8148/s","https://dyn-qchf.rotation.fun:4477/s","https://dyn-brti.pimmel.top:8959/s","https://dyn-esoe.dispute.ooo:5711/s","https://dyn-dfcb.prior.world:10974/s","https://dyn-xhfs.excerpt.info:5982/s","https://dyn-kwqf.colon-teddy.fun:6212/s","https://dyn-gncf.2po.info:4316/s","https://dyn-jhto.2po.info:4006/s","https://dyn-obea.2po.info:1388/s","https://dyn-txre.cameron-brian.net:3891/s","https://dyn-uvko.wealth-arcade.com:1619/s","https://dyn-uyoj.cd-n.net:9500/s","https://dyn-cwcx.applies.top:8293/s","https://dyn-xyom.column-total.net:2223/s","https://dyn-pudr.try9.net:4169/s","https://dyn-zjem.column-total.net:8225/s","https://dyn-barj.cameron-brian.net:6716/s","https://dyn-rehm.stood.fun:1136/s","https://dyn-dlrf.cameron-brian.net:4897/s","https://dyn-yxwn.killed.world:10396/s","https://dyn-fniu.charged.fun:3060/s","https://dyn-ywwt.penny-karen.com:3505/s","https://dyn-jpuf.trips.ooo:6689/s","https://dyn-kpxr.fourqt.com:7133/s","https://dyn-bhkk.pimmel.top:6756/s","https://dyn-mybn.klafive.com:4307/s","https://dyn-rhsu.thirty-raise.net:7935/s","https://dyn-lyzq.clicking.ooo:1856/s","https://dyn-jrzh.gained-berlin.org:2521/s","https://dyn-ulxs.dryer.life:9898/s","https://dyn-iuyh.articles-subtle.net:9088/s","https://dyn-wiem.cameron-brian.net:7825/s","https://dyn-dpma.dylan-roland.info:6115/s","https://dyn-ymkr.klafive.com:1695/s","https://dyn-jwfx.dylan-roland.info:6714/s","https://dyn-bhfy.hopcdn.com:1925/s","https://dyn-rhtn.dispute.ooo:2123/s","https://dyn-hhnr.freestat.org:1761/s","https://dyn-pism.dryer.life:5670/s","https://dyn-hfwj.faith-invasion.com:6560/s","https://dyn-qher.pluto3.org:5277/s","https://dyn-jctq.dirty-derby.net:9270/s","https://dyn-ylcs.wayne-decide.org:7189/s","https://dyn-lyhw.common-faced.com:2090/s","https://dyn-ezlt.klafive.com:8982/s","https://dyn-jzci.cd-n.net:1210/s","https://dyn-mpbs.hopcdn.com:8006/s","https://dyn-iapy.hopcdn.com:1455/s","https://dyn-huun.title-father.com:3051/s","https://dyn-igut.referred.ooo:5587/s","https://dyn-xblm.seats-robbie.com:1269/s","https://dyn-fuqp.fixes-fellow.com:7405/s","https://dyn-slyz.cameron-brian.net:6846/s","https://dyn-pxti.charged.fun:1697/s","https://dyn-wlwy.stood.fun:5849/s","https://dyn-decu.defend-broad.org:7259/s","https://dyn-kihl.prior.world:1878/s","https://dyn-sgla.faith-invasion.com:7884/s","https://dyn-geiu.column-total.net:4846/s","https://dyn-mrft.cd-n.net:1754/s","https://dyn-fybc.topcdn.org:5278/s","https://dyn-gkqz.priced.top:5336/s","https://dyn-nxmn.cnt2.net:6333/s","https://dyn-vbdg.gamingmaster.xyz:8691/s","https://dyn-euuf.noticed.ooo:3505/s","https://dyn-qjfb.gauge.world:1490/s","https://dyn-buhr.applies.top:8905/s","https://dyn-nvti.cnt2.net:7285/s","https://dyn-poyi.cnt2.net:2640/s","https://dyn-luei.applies.top:6914/s","https://dyn-ihvo.column-total.net:2678/s","https://dyn-gqhh.articles-subtle.net:3204/s","https://dyn-deso.lender.fun:8177/s","https://dyn-idux.clicking.ooo:3213/s","https://dyn-hbbx.enters-simply.net:5836/s","https://dyn-uomw.gained-berlin.org:4709/s","https://dyn-jyeh.charged.fun:5092/s","https://dyn-fzle.try9.net:2923/s","https://dyn-rbxf.excerpt.info:1425/s","https://dyn-ytgx.fourqt.com:7540/s","https://dyn-pooo.rotation.fun:1832/s","https://dyn-qaks.applies.top:10303/s","https://dyn-bcqw.thirty-raise.net:6718/s","https://dyn-mona.articles-subtle.net:2790/s","https://dyn-bcre.gamingmaster.xyz:8125/s","https://dyn-dtes.prior.world:6555/s","https://dyn-gsvk.topcdn.org:5231/s","https://dyn-azbn.articles-subtle.net:6044/s","https://dyn-lcvf.dylan-roland.info:4143/s","https://dyn-ryer.stood.fun:5043/s","https://dyn-vwri.tracks.fun:6027/s","https://dyn-ahge.dealt.ooo:7924/s","https://dyn-wfam.prior.world:5917/s","https://dyn-wqxb.menus.life:8242/s","https://dyn-gbjo.dirty-derby.net:5577/s","https://dyn-lxfe.dealt.ooo:4565/s","https://dyn-gmfj.title-father.com:1760/s","https://dyn-xisj.spies.ooo:6367/s","https://dyn-llpw.gamingmaster.xyz:10823/s","https://dyn-cjjf.priced.top:4567/s","https://dyn-kkko.priced.top:4409/s","https://dyn-otzk.killed.world:3123/s","https://dyn-mkms.applies.top:5127/s","https://dyn-kovl.killed.world:8670/s","https://dyn-yxlv.clicking.ooo:10715/s","https://dyn-jmxq.pluto3.org:3899/s","https://dyn-aolw.noticed.ooo:2240/s","https://dyn-flyg.stood.fun:3101/s","https://dyn-cgaw.topcdn.org:2975/s","https://dyn-szhf.2po.info:10791/s","https://dyn-zqvf.lender.fun:6527/s","https://dyn-itkn.klafive.com:1276/s","https://dyn-iggl.column-total.net:4573/s","https://dyn-xvto.herein.world:4573/s","https://dyn-kxny.applies.top:4573/s","https://dyn-pzfa.trlone.com:4573/s","https://dyn-esce.topcdn.org:4573/s","https://dyn-exrf.thegrand.top:4573/s","https://dyn-nojq.pluto3.org:2917/s","https://dyn-ijpe.killed.world:4140/s","https://dyn-umwn.hopcdn.com:6719/s","https://dyn-vfsf.clicking.ooo:4789/s","https://dyn-ntma.moral.fun:2507/s","https://dyn-hohd.condo-forest.net:2813/s","https://dyn-eoza.trips.ooo:2596/s","https://dyn-joig.herein.world:4529/s","https://dyn-xznb.excerpt.info:6981/s","https://dyn-hper.killed.world:6770/s","https://dyn-sqdf.sought.fun:5983/s","https://dyn-uvac.gauge.world:9131/s","https://dyn-lhxx.cd-n.net:1325/s","https://dyn-fwub.cameron-brian.net:3825/s","https://dyn-xrgk.dylan-roland.info:2076/s","https://dyn-cdlb.thirty-raise.net:1329/s","https://dyn-cajw.sought.fun:3657/s","https://dyn-bqce.penny-karen.com:10080/s","https://dyn-rngg.dealt.ooo:5110/s","https://dyn-wuow.2po.info:6485/s","https://dyn-snxr.common-faced.com:2227/s","https://dyn-trjk.optics-thing.com:9804/s","https://dyn-filx.fixes-fellow.com:10325/s","https://dyn-yvzx.fourqt.com:9592/s","https://dyn-wbls.priced.top:10490/s","https://dyn-tpnd.pluto3.org:3432/s","https://dyn-rrvx.restrict.ooo:3886/s","https://dyn-cwaf.priced.top:4711/s","https://dyn-xpyp.stood.fun:9413/s","https://dyn-rluj.loads-mariah.com:2120/s","https://dyn-aaua.loads-mariah.com:2109/s","https://dyn-gfie.korea-injured.com:2655/s","https://dyn-kbgb.articles-subtle.net:7319/s","https://dyn-wvpc.fourqt.com:6221/s","https://dyn-npyk.spies.ooo:3041/s","https://dyn-vfir.priced.site:2594/s","https://dyn-qurc.lender.fun:2686/s","https://dyn-cugg.korea-injured.com:1098/s","https://dyn-ezrn.cameron-brian.net:8230/s","https://dyn-pajx.cd-n.net:6034/s","https://dyn-eehr.column-total.net:3529/s","https://dyn-phee.priced.top:3158/s","https://dyn-exwt.radical.fun:2252/s","https://dyn-rwfb.dispute.ooo:2790/s","https://dyn-wlbb.prior.world:1555/s","https://dyn-zhsz.wayne-decide.org:2584/s","https://dyn-gait.menus.life:6644/s","https://dyn-ebmv.fixes-fellow.com:10581/s","https://dyn-rvnf.excerpt.info:3900/s","https://dyn-tnuj.dryer.life:2945/s","https://dyn-xjie.klafive.com:8672/s","https://dyn-doed.fourqt.com:2293/s","https://dyn-kklj.diltwo.com:10413/s","https://dyn-yhss.lender.fun:10996/s","https://dyn-obha.enters-simply.net:9908/s","https://dyn-owrg.topcdn.org:7740/s","https://dyn-flio.sought.fun:3915/s","https://dyn-iril.stood.fun:7798/s","https://dyn-jaij.moral.fun:8730/s","https://dyn-moal.cream-regards.net:8063/s","https://dyn-ysnr.dealt.ooo:7745/s","https://dyn-idor.applies.top:6570/s","https://dyn-uhbj.2po.info:5696/s","https://dyn-jbtg.gamingmaster.xyz:3585/s","https://dyn-pyqi.hopcdn.com:6825/s","https://dyn-vupz.trips.ooo:10776/s","https://dyn-bnuj.clicking.ooo:4305/s","https://dyn-erei.dryer.life:8286/s","https://dyn-hfle.gauge.world:10045/s","https://dyn-rymy.wayne-decide.org:7096/s","https://dyn-bieq.wealth-arcade.com:9876/s","https://dyn-skel.wealth-arcade.com:1246/s","https://dyn-lzhz.title-father.com:6917/s","https://dyn-zagb.referred.ooo:8713/s","https://dyn-tyro.trlone.com:10838/s","https://dyn-rynt.applies.top:2624/s","https://dyn-unle.hopcdn.com:8010/s","https://dyn-pjkj.trlone.com:1669/s","https://dyn-fqpo.dealt.ooo:6658/s","https://dyn-ubwy.earth-dying.com:5861/s","https://dyn-dssg.lender.fun:1750/s","https://dyn-ffep.excerpt.info:6335/s","https://dyn-qqox.seats-robbie.com:7779/s","https://dyn-bdlf.klafive.com:5712/s","https://dyn-vfgh.radical.fun:9605/s","https://dyn-khjy.penny-karen.com:5177/s","https://dyn-wzqm.sought.fun:3050/s","https://dyn-znga.optics-thing.com:7693/s","https://dyn-mkcf.loads-mariah.com:10850/s","https://dyn-smbx.penny-karen.com:1089/s","https://dyn-mseb.freestat.org:6053/s","https://dyn-nmtj.prior.world:6544/s","https://dyn-jogp.freestat.org:1256/s","https://dyn-jtyd.dylan-roland.info:2163/s","https://dyn-rtrt.tracks.fun:3007/s","https://dyn-jfzv.tracks.fun:3086/s","https://dyn-jtjc.tracks.fun:8355/s","https://dyn-xsof.try9.net:7186/s","https://dyn-zeuc.colon-teddy.fun:4653/s","https://dyn-iyfd.articles-subtle.net:4055/s","https://dyn-eeju.rules-tiger.org:8939/s","https://dyn-bmbw.dirty-derby.net:5030/s","https://dyn-urmw.tribal-enjoy.com:1578/s","https://dyn-lhze.enters-simply.net:6088/s","https://dyn-ktng.seats-robbie.com:5382/s","https://dyn-komz.radical.fun:3914/s","https://dyn-tgbu.referred.ooo:2946/s","https://dyn-meih.prior.world:1136/s","https://dyn-ecsu.topcdn.org:9026/s","https://dyn-lwpe.trlone.com:1589/s","https://dyn-xtmp.korea-injured.com:5172/s","https://dyn-rjmu.thirty-raise.net:2700/s","https://dyn-thvu.common-faced.com:9816/s","https://dyn-dclz.freestat.org:4207/s","https://dyn-odnj.moral.fun:1036/s","https://dyn-btkr.freestat.org:7417/s","https://dyn-vdms.fixes-fellow.com:5360/s","https://dyn-bhyy.tracks.fun:2998/s","https://dyn-pefw.dispute.ooo:7924/s","https://dyn-mvyy.wealth-arcade.com:10550/s","https://dyn-mael.rotation.fun:6585/s","https://dyn-gttj.cameron-brian.net:8974/s","https://dyn-mprx.cameron-brian.net:3406/s","https://dyn-avfr.title-father.com:6209/s","https://dyn-jpdg.priced.top:5226/s","https://dyn-bygc.fourqt.com:5527/s","https://dyn-mltq.defend-broad.org:2332/s","https://dyn-hdyp.delay.ooo:4499/s","https://dyn-xzqc.charged.fun:2241/s","https://dyn-gwio.korea-injured.com:7443/s","https://dyn-jcrx.thegrand.top:10775/s","https://dyn-wgdt.sought.fun:5037/s","https://dyn-qfee.noticed.ooo:10869/s","https://dyn-lbcj.trips.ooo:6111/s","https://dyn-esgq.delay.ooo:4182/s","https://dyn-ntdi.rotation.fun:7327/s","https://dyn-nwlw.prior.world:5163/s","https://dyn-irkz.pluto3.org:4367/s","https://dyn-nwju.lender.fun:10789/s","https://dyn-mpoc.gamingmaster.xyz:6516/s","https://dyn-ldym.tribal-enjoy.com:7745/s","https://dyn-aujd.gauge.world:5141/s","https://dyn-sitw.dryer.life:2551/s","https://dyn-llny.gamingmaster.xyz:2351/s","https://dyn-jjpp.lender.fun:7218/s","https://dyn-mwzk.seems.info:3256/s","https://dyn-evvv.cameron-brian.net:1197/s","https://dyn-gckp.dispute.ooo:7314/s","https://dyn-wbvy.klafive.com:10768/s","https://dyn-cvua.noticed.ooo:7484/s","https://dyn-ybbl.restrict.ooo:6077/s","https://dyn-cxyy.penny-karen.com:1260/s","https://dyn-mdsw.rules-tiger.org:10300/s","https://dyn-ajxu.defend-broad.org:8729/s","https://dyn-jflv.applies.top:6602/s","https://dyn-ntfa.priced.site:9773/s","https://dyn-gczv.enters-simply.net:7361/s","https://dyn-gtzl.trips.ooo:6395/s","https://dyn-uygj.faith-invasion.com:2253/s","https://dyn-mewz.noticed.ooo:8688/s","https://dyn-gkym.condo-forest.net:7430/s","https://dyn-fscb.delay.ooo:2637/s","https://dyn-rser.2po.info:6890/s","https://dyn-mbpo.wayne-decide.org:2436/s","https://dyn-agpd.2po.info:9952/s","https://dyn-uuwc.colon-teddy.fun:9833/s","https://dyn-tckz.lender.fun:2309/s","https://dyn-ukqv.faith-invasion.com:9734/s","https://dyn-mrxk.rules-tiger.org:1533/s","https://dyn-dfhm.articles-subtle.net:7668/s","https://dyn-xkha.2po.info:1124/s","https://dyn-dvob.rotation.fun:7537/s","https://dyn-hnax.hopcdn.com:7841/s","https://dyn-swku.clicking.ooo:1710/s","https://dyn-uucm.prior.world:10628/s","https://dyn-ayqy.loads-mariah.com:5997/s","https://dyn-jabz.gamingmaster.xyz:6723/s","https://dyn-mtua.gamingmaster.xyz:9811/s","https://dyn-kdak.referred.ooo:8340/s","https://dyn-vhoj.colon-teddy.fun:6698/s","https://dyn-rvqc.2po.info:9757/s","https://dyn-xnpq.freestat.org:9606/s","https://dyn-pjqu.hopcdn.com:2754/s","https://dyn-fezp.penny-karen.com:1279/s","https://dyn-wvxt.applies.top:10456/s","https://dyn-xtau.applies.top:1141/s","https://dyn-zilr.penny-karen.com:7169/s","https://dyn-ivpw.defend-broad.org:3582/s","https://dyn-kvxb.referred.ooo:3817/s","https://dyn-xkcg.cd-n.net:9452/s","https://dyn-abxy.rotation.fun:4343/s","https://dyn-pgxw.klafive.com:10794/s","https://dyn-khwv.rotation.fun:6967/s","https://dyn-mwqd.cd-n.net:1268/s","https://dyn-fbjh.column-total.net:2359/s","https://dyn-swsp.fixes-fellow.com:7680/s","https://dyn-jvsb.try9.net:11014/s","https://dyn-wccg.prior.world:10594/s","https://dyn-mmrv.faith-invasion.com:4554/s","https://dyn-mynm.common-faced.com:5515/s","https://dyn-ewzn.dylan-roland.info:6936/s","https://dyn-ygvs.thirty-raise.net:1893/s","https://dyn-cwpz.bedroom.life:7012/s","https://dyn-flbi.dylan-roland.info:8830/s","https://dyn-agyb.common-faced.com:9960/s","https://dyn-wjew.seems.info:1411/s","https://dyn-houe.restrict.ooo:7475/s","https://dyn-igdi.try9.net:7607/s","https://dyn-ounv.cream-regards.net:1306/s","https://dyn-rspq.loads-mariah.com:1857/s","https://dyn-kizq.thegrand.top:3267/s","https://dyn-gppg.tracks.fun:3598/s","https://dyn-raje.radical.fun:2009/s","https://dyn-pvzk.dealt.ooo:5867/s","https://dyn-bssg.wealth-arcade.com:1382/s","https://dyn-jvqx.defend-broad.org:5920/s","https://dyn-kxoj.sought.fun:8862/s","https://dyn-vice.rules-tiger.org:8634/s","https://dyn-hnot.2po.info:10811/s","https://dyn-qfoe.menus.life:8348/s","https://dyn-iasj.korea-injured.com:2100/s","https://dyn-ovod.tribal-enjoy.com:2593/s","https://dyn-vvjm.spies.ooo:4552/s","https://dyn-kijo.cream-regards.net:8308/s","https://dyn-weub.condo-forest.net:3246/s","https://dyn-udny.rotation.fun:8983/s","https://dyn-bkit.fixes-fellow.com:3406/s","https://dyn-rluv.articles-subtle.net:1827/s","https://dyn-scnc.column-total.net:3113/s","https://dyn-siir.gamingmaster.xyz:10334/s","https://dyn-bvcd.clicking.ooo:4608/s","https://dyn-dbod.dispute.ooo:1608/s","https://dyn-hyuj.korea-injured.com:1681/s","https://dyn-qzxt.trlone.com:3901/s","https://dyn-rshy.rules-tiger.org:1267/s","https://dyn-sfsr.dispute.ooo:7797/s","https://dyn-qfli.priced.site:6614/s","https://dyn-tkpw.dispute.ooo:4757/s","https://dyn-jcel.loads-mariah.com:8868/s","https://dyn-ffyk.fixes-fellow.com:5125/s","https://dyn-jtwb.optics-thing.com:3705/s","https://dyn-orce.wayne-decide.org:10619/s","https://dyn-adfn.dispute.ooo:6162/s","https://dyn-jgpk.seats-robbie.com:4124/s","https://dyn-jxzj.priced.site:9732/s","https://dyn-aogl.earth-dying.com:5077/s","https://dyn-pjam.condo-forest.net:2435/s","https://dyn-thdb.enters-simply.net:8980/s","https://dyn-ypia.colon-teddy.fun:9572/s","https://dyn-ttdp.faith-invasion.com:9553/s","https://dyn-tchv.fourqt.com:4946/s","https://dyn-ebff.delay.ooo:7858/s","https://dyn-vyun.priced.site:4327/s","https://dyn-remm.lender.fun:9356/s","https://dyn-xaan.cnt2.net:9137/s","https://dyn-nalj.title-father.com:10094/s","https://dyn-nozi.thirty-raise.net:7125/s","https://dyn-iwil.excerpt.info:2514/s","https://dyn-ozti.cameron-brian.net:1316/s","https://dyn-mlzh.dylan-roland.info:2629/s","https://dyn-xbjg.priced.top:1336/s","https://dyn-xuzl.klafive.com:7906/s","https://dyn-yvsd.cnt2.net:7975/s","https://dyn-kaky.killed.world:8176/s","https://dyn-sigg.title-father.com:9566/s","https://dyn-nldp.thegrand.top:5771/s","https://dyn-vtpp.restrict.ooo:7355/s","https://dyn-stmz.dirty-derby.net:5220/s","https://dyn-dsye.prior.world:4846/s","https://dyn-cbkb.dealt.ooo:1381/s","https://dyn-cjqf.rules-tiger.org:8388/s","https://dyn-vodn.defend-broad.org:5892/s","https://dyn-oxtq.dirty-derby.net:9047/s","https://dyn-wlyb.2po.info:10345/s","https://dyn-cxsg.rotation.fun:5353/s","https://dyn-qbhb.2po.info:4321/s","https://dyn-qcck.colon-teddy.fun:3755/s","https://dyn-gaah.klafive.com:8475/s","https://dyn-uops.gamingmaster.xyz:6539/s","https://dyn-plwg.faith-invasion.com:1248/s","https://dyn-vwek.diltwo.com:4199/s","https://dyn-cjuh.gamingmaster.xyz:8132/s","https://dyn-ubil.charged.fun:5296/s","https://dyn-mndx.klafive.com:10086/s","https://dyn-qffs.colon-teddy.fun:5262/s","https://dyn-ghit.pimmel.top:5510/s","https://dyn-dnir.charged.fun:1238/s","https://dyn-zfcj.dealt.ooo:6751/s","https://dyn-brpa.earth-dying.com:3548/s","https://dyn-ztha.penny-karen.com:6846/s","https://dyn-qogz.cnt2.net:1902/s","https://dyn-zjps.optics-thing.com:2750/s","https://dyn-kvau.herein.world:8044/s","https://dyn-bluj.title-father.com:7985/s","https://dyn-fvoz.charged.fun:3133/s","https://dyn-wedn.try9.net:7021/s","https://dyn-crfc.optics-thing.com:6340/s","https://dyn-udfo.clicking.ooo:10008/s","https://dyn-labe.pluto3.org:1236/s","https://dyn-rggt.menus.life:4401/s","https://dyn-xcig.applies.top:6750/s","https://dyn-pjwd.restrict.ooo:8520/s","https://dyn-zxxs.diltwo.com:10208/s","https://dyn-ydzc.noticed.ooo:9125/s","https://dyn-jgph.applies.top:9754/s","https://dyn-rgxc.prior.world:1893/s","https://dyn-yeej.earth-dying.com:1426/s","https://dyn-cpkn.rules-tiger.org:1371/s","https://dyn-dgxo.wayne-decide.org:1134/s","https://dyn-qpyp.charged.fun:2966/s","https://dyn-zzpm.penny-karen.com:3797/s","https://dyn-gljx.cd-n.net:9149/s","https://dyn-yskc.topcdn.org:6385/s","https://dyn-jyfe.rules-tiger.org:3709/s","https://dyn-cbfy.excerpt.info:2208/s","https://dyn-bsql.thegrand.top:5984/s","https://dyn-hqoo.klafive.com:9409/s","https://dyn-ajtr.pluto3.org:8260/s","https://dyn-urxp.bedroom.life:6784/s","https://dyn-ghyq.noticed.ooo:1448/s","https://dyn-yntv.stood.fun:2163/s","https://dyn-obvn.delay.ooo:2723/s","https://dyn-dajn.penny-karen.com:8878/s","https://dyn-fddo.excerpt.info:3019/s","https://dyn-eino.topcdn.org:6942/s","https://dyn-dflw.enters-simply.net:10420/s","https://dyn-inrx.colon-teddy.fun:5803/s","https://dyn-sevy.gamingmaster.xyz:3427/s","https://dyn-adya.earth-dying.com:10342/s","https://dyn-hmyd.colon-teddy.fun:1812/s","https://dyn-cpdb.cnt2.net:9337/s","https://dyn-czkz.gauge.world:2798/s","https://dyn-hzwm.tracks.fun:10378/s","https://dyn-bwpx.colon-teddy.fun:3745/s","https://dyn-aqbj.tracks.fun:3455/s","https://dyn-aasy.noticed.ooo:4481/s","https://dyn-qggb.tracks.fun:1384/s","https://dyn-cuky.seems.info:2746/s","https://dyn-ktdu.title-father.com:3266/s","https://dyn-cljg.dispute.ooo:3197/s","https://dyn-exwi.applies.top:4793/s","https://dyn-npvr.diltwo.com:4358/s","https://dyn-ifhg.dirty-derby.net:5117/s","https://dyn-lzzs.noticed.ooo:6471/s","https://dyn-qusn.topcdn.org:4161/s","https://dyn-rqkg.korea-injured.com:6376/s","https://dyn-zyya.colon-teddy.fun:6921/s","https://dyn-knze.stood.fun:3153/s","https://dyn-kgtc.fourqt.com:3030/s","https://dyn-ncns.cnt2.net:4855/s","https://dyn-ithu.priced.top:7797/s","https://dyn-jmtm.clicking.ooo:5692/s","https://dyn-ojmx.delay.ooo:9637/s","https://dyn-kkmq.lender.fun:3803/s","https://dyn-xuly.title-father.com:2968/s","https://dyn-ajzz.dealt.ooo:3069/s","https://dyn-bugn.condo-forest.net:3363/s","https://dyn-njcv.menus.life:2747/s","https://dyn-agjz.wayne-decide.org:1159/s","https://dyn-niha.seems.info:5053/s","https://dyn-umjp.noticed.ooo:3203/s","https://dyn-rudi.column-total.net:5176/s","https://dyn-xcga.enters-simply.net:3829/s","https://dyn-eydx.cream-regards.net:9747/s","https://dyn-qdgg.applies.top:9222/s","https://dyn-hvmu.stood.fun:8232/s","https://dyn-yyod.prior.world:5205/s","https://dyn-gvak.lender.fun:2350/s","https://dyn-wbhe.bedroom.life:9612/s","https://dyn-ehoa.menus.life:6204/s","https://dyn-mzgt.articles-subtle.net:2885/s","https://dyn-fftc.defend-broad.org:1380/s","https://dyn-rvar.condo-forest.net:9043/s","https://dyn-jrug.wealth-arcade.com:3302/s","https://dyn-lvla.cd-n.net:8481/s","https://dyn-llnn.herein.world:4632/s","https://dyn-qins.priced.top:5740/s","https://dyn-cfcv.clicking.ooo:5995/s","https://dyn-suor.hopcdn.com:5350/s","https://dyn-kiha.pimmel.top:10585/s","https://dyn-ufpf.seems.info:2279/s","https://dyn-mafd.thirty-raise.net:3859/s","https://dyn-ibrl.moral.fun:3602/s","https://dyn-ytoe.faith-invasion.com:8913/s","https://dyn-pdea.charged.fun:10410/s","https://dyn-grtl.colon-teddy.fun:3537/s","https://dyn-uqrp.referred.ooo:2467/s","https://dyn-vohm.freestat.org:7179/s","https://dyn-czrc.wayne-decide.org:3634/s","https://dyn-cgas.prior.world:9258/s","https://dyn-gbml.moral.fun:3647/s","https://dyn-snjq.charged.fun:1452/s","https://dyn-pfhu.gained-berlin.org:8990/s","https://dyn-xfqw.cream-regards.net:8678/s","https://dyn-miyk.wayne-decide.org:5211/s","https://dyn-ntqx.tribal-enjoy.com:4478/s","https://dyn-anei.freestat.org:4668/s","https://dyn-mjgq.cnt2.net:10525/s","https://dyn-mnsc.restrict.ooo:3370/s"]}
