{"data":{"AutoCopy_st":"n1","Baidu_st":"n0","Bing_st":"n1","Ctrl_st":"n0","Dis_st":"n1","Fade_st":"n1","Focus_st":"n1","Google_st":"n1","Iframe_st":"n0","Open_st":"n1","Site_st":"n1","Tab_st":"n1","Taobao_st":"n0","Tieba_st":"n0","Trans_st":"n1","UpdateAlert":"n8","Wiki_st":"n0","Yahoo_st":"n0","amazon_st":"n0","copy_icon_st":"n1","douban_st":"n1","eBay_st":"n0","engineString":"s[\n    {\n        \"id\": \"UserEngine\",\n        \"title\": \"微博搜索\",\n        \"description\": \"自定义引擎示例 / Example of user engine\",\n        \"src\": \"https://h5.sinaimg.cn/m/weibo-lite/img/pwalogo.417d1674.svg\",\n        \"href\": \"https://s.weibo.com/weibo?q=${text}\"\n    },\n    {\n        \"id\": \"UserEngine2\",\n        \"title\": \"百度汉语\",\n        \"description\": \"DataURL引擎示例 / Example Engine use dataURL\",\n        \"src\": \"https://tva1.sinaimg.cn/crop.31.25.955.955.180/006jPlgejw8fbx0t7ynfwj30sg0sgmzh.jpg\",\n        \"href\": \"https://hanyu.baidu.com/s?wd=${text}\"\n    },\n{\n        \"id\": \"UserEngine3\",\n        \"title\": \"搜博\",\n        \"description\": \"搜索自己微博\",\n        \"src\": \"https://tvax2.sinaimg.cn/crop.150.55.396.396.180/62101596ly8g78997zrgwj20ju0e4abk.jpg\",\n        \"href\": \"https://weibo.com/u/1645221270/home?is_search=1&key_word=${text}\"\n    }\n]","jd_st":"n0","userEngine_st":"n1","youku_st":"n0","youtube_st":"n1"},"ts":1574925016651}