{"data":{"sync::globalConfig":"s{}","sync::user1645221270Config":"s{\"script_update_whatsnew.last\":55,\"filter_profile_show_all\":true,\"comment_layout_by_time\":true,\"filter_comment_wo_content\":true,\"clean_middle_recommended_topic\":true,\"clean_middle_feed_recommend\":true,\"clean_middle_member_tip\":true,\"clean_right_info\":true,\"clean_right_ranks\":true,\"clean_right_hot_topic\":true,\"clean_right_interest\":true,\"clean_right_member\":true,\"clean_right_groups\":true,\"clean_right_recom_group_user\":true,\"clean_right_hongbao_rank\":true,\"clean_right_att_feed\":true,\"clean_right_notice\":true,\"clean_profile_move_things\":false,\"clean_profile_cover\":false,\"clean_profile_bg_img\":false,\"clean_profile_badge_icon\":false,\"clean_profile_verify\":false,\"clean_profile_edit_person_info\":false,\"clean_profile_stats\":false,\"clean_profile_my_data\":false,\"clean_profile_suggest_user\":false,\"clean_profile_group\":false,\"clean_profile_relation\":false,\"clean_profile_album\":false,\"clean_profile_hot_topic\":false,\"clean_profile_hot_weibo\":false,\"clean_profile_recommend_feed\":false,\"clean_profile_user_list\":false,\"clean_profile_hongbao\":false,\"clean_profile_wenwo_dr\":false,\"clean_profile_timeline\":false,\"clean_message_help\":true,\"clean_message_feedback\":true,\"clean_other_ads\":true,\"clean_other_music\":true,\"clean_other_template\":true,\"clean_other_home_tip\":true,\"clean_other_footer\":true,\"clean_other_im\":true,\"clean_other_im_news\":true,\"clean_other_back_top\":true,\"clean_other_tip\":true,\"clean_other_related_feeds\":true,\"clean_other_related_video\":true,\"clean_other_related_article\":true,\"clean_other_send_weibo\":true,\"layout_nav_hide_name\":true,\"layout_nav_auto_hide\":true,\"layout_side_show_all_groups\":true,\"layout_side_position\":true,\"layout_side_merge\":true,\"layout_right_move\":false,\"layout_side_position.side\":\"right\",\"layout_side_merge.side\":\"right\",\"feed_increase_width\":true,\"feed_disable_tag_dialog\":true,\"feed_font_size\":true,\"feed_long_expand\":true,\"feed_long_expand.count\":1240,\"view_edit_info\":true,\"show_vote_result\":true,\"feed_view_original\":true,\"feed_view_original.direct\":true,\"feed_download_image.direct\":false,\"feed_view_original.open\":\"image\",\"image_preview_all\":true,\"image_preview_all.count\":\"4x0\",\"feed_no_animated_image\":true,\"script_update_whatsnew\":false,\"clean_left_v_plus\":false,\"clean_feed_feed_outer_tip\":true,\"clean_feed_feed_tip\":true,\"clean_left_group_to_me\":true,\"clean_left_whisper\":true,\"layout_fast_face\":false,\"layout_theme_apply.skin\":\"skin054\",\"layout_theme_apply\":true,\"clean_feed_like_attitude\":true,\"clean_nav_hot_search\":true}","sync::user1645221270Follow":"s{}","sync::user1645221270Hide":"s{}","sync::user3655689037Config":"s{\"script_update_whatsnew.last\":55}","sync::user3655689037Follow":"s{}","sync::user3655689037Hide":"s{}"},"ts":1574940366256}