{"options":{"check_for_updates":true,"comment":null,"compatopts_for_requires":true,"compat_wrappedjsobject":false,"compat_metadata":false,"compat_foreach":false,"compat_arrayleft":false,"compat_uW_gmonkey":false,"compat_forvarin":false,"noframes":null,"awareOfChrome":false,"run_at":null,"override":{"use_includes":[],"orig_includes":[],"merge_includes":true,"use_matches":[],"orig_matches":["https://*/*","http://*/*"],"merge_matches":true,"use_excludes":[],"orig_excludes":[],"merge_excludes":true,"use_connects":[],"merge_connects":true,"use_blockers":[],"orig_run_at":"document-end","orig_noframes":null,"orig_connects":[]}},"settings":{"enabled":false,"position":14},"meta":{"name":"新标签页打开","uuid":"6c694049-1dd0-444d-8e9a-8807749992fd","modified":1574938083220,"file_url":"https://greasyfork.org/scripts/32549-%E6%96%B0%E6%A0%87%E7%AD%BE%E9%A1%B5%E6%89%93%E5%BC%80/code/%E6%96%B0%E6%A0%87%E7%AD%BE%E9%A1%B5%E6%89%93%E5%BC%80.user.js"}}