{"options":{"check_for_updates":true,"comment":null,"compatopts_for_requires":true,"compat_wrappedjsobject":false,"compat_metadata":false,"compat_foreach":false,"compat_arrayleft":false,"compat_uW_gmonkey":false,"compat_forvarin":false,"noframes":null,"awareOfChrome":false,"run_at":null,"override":{"use_includes":[],"orig_includes":[],"merge_includes":true,"use_matches":[],"orig_matches":["*://*/*"],"merge_matches":true,"use_excludes":[],"orig_excludes":[],"merge_excludes":true,"use_connects":[],"merge_connects":true,"use_blockers":[],"orig_run_at":"document-idle","orig_noframes":null,"orig_connects":["cdn.jsdelivr.net"]}},"settings":{"enabled":false,"position":16},"meta":{"name":"获取网站所有图片","uuid":"f0e56957-7dcf-41f5-bc52-60e36206b727","modified":1574938966379,"file_url":"https://greasyfork.org/scripts/388066-%E8%8E%B7%E5%8F%96%E7%BD%91%E7%AB%99%E6%89%80%E6%9C%89%E5%9B%BE%E7%89%87/code/%E8%8E%B7%E5%8F%96%E7%BD%91%E7%AB%99%E6%89%80%E6%9C%89%E5%9B%BE%E7%89%87.user.js"}}