{"options":{"awareOfChrome":false,"check_for_updates":true,"comment":null,"compat_arrayleft":false,"compat_foreach":false,"compat_forvarin":false,"compat_metadata":false,"compat_uW_gmonkey":false,"compat_wrappedjsobject":false,"compatopts_for_requires":true,"noframes":null,"override":{"merge_connects":true,"merge_excludes":true,"merge_includes":true,"merge_matches":true,"orig_excludes":[],"orig_includes":[],"orig_matches":["*://*.v2ex.com/*"],"orig_noframes":null,"orig_run_at":"document-idle","use_blockers":[],"use_connects":[],"use_excludes":[],"use_includes":[],"use_matches":[]},"run_at":null},"settings":{"enabled":false,"position":3},"meta":{"name":"V2EX新标签打开帖子","uuid":"504b12fb-7168-4de6-8e63-559bb177f27b","modified":1559720498610,"file_url":"https://greasyfork.org/scripts/34829-v2ex%E6%96%B0%E6%A0%87%E7%AD%BE%E6%89%93%E5%BC%80%E5%B8%96%E5%AD%90/code/V2EX%E6%96%B0%E6%A0%87%E7%AD%BE%E6%89%93%E5%BC%80%E5%B8%96%E5%AD%90.user.js"}}