{"data":{"debug":"bfalse","extent":"bfalse","long_weibo_cache":"s{\"4463216770007828\":{\"html\":\" 想念冬月夜之星河<br>因为我记得<br>它有冷的风<br>吹得星星都结了冰<br>因为我记得<br>它有铺满天际的大钻石<br>盈映眼里的微光<br>现在<br>它又多了一面镜<br>把星，安放在地上<br><br>摄影师：<a target=\\\"_blank\\\" render=\\\"ext\\\" extra-data=\\\"type=atname\\\" href=\\\"//weibo.com/n/%E8%90%A4%E7%81%AB%E8%99%AB%E9%A3%9E%E8%88%9E%E7%9A%84%E5%A4%9C%E6%99%9A%E6%98%9F%E5%85%89%E7%81%BF%E7%83%82?from=feed&loc=at\\\" usercard=\\\"name=萤火虫飞舞的夜晚星光灿烂\\\">@萤火虫飞舞的夜晚星光灿烂</a> ，2019年11月23日摄于 浙江 浙西天池。索尼A7M2 + 适马35A，ISO 1600，f/1.4，单张曝光13秒，41张拼接。<br><br>关注<a target=\\\"_blank\\\" render=\\\"ext\\\" suda-uatrack=\\\"key=topic_click&value=click_topic\\\" class=\\\"a_topic\\\" extra-data=\\\"type=topic\\\" href=\\\"//s.weibo.com/weibo?q=%23Steed%E7%9A%84%E6%98%9F%E7%A9%BA%23&from=default\\\">#Steed的星空#</a> ，每日推送星空佳作。更多图片请见 <a  suda-uatrack=\\\"key=tblog_card&value=click_title:4463216770007828:1022-topic:1022%3A1008087f14ba632d748d9ee085329081110396\\\" title=\\\"夜空中国超话\\\" href=\\\"https://huati.weibo.com/1300343\\\" alt=\\\"https://huati.weibo.com/1300343\\\" action-type=\\\"feed_list_url\\\" target=\\\"_blank\\\" rel=\\\"noopener noreferrer\\\"><i class=\\\"W_ficon ficon_supertopic\\\">&#xe627;</i>夜空中国超话</a> ：NightChina.net\",\"count\":172,\"br\":13},\"4463216794880127\":{\"html\":null,\"count\":673,\"br\":16},\"4463230154284025\":{\"html\":\" 【武汉市新型冠状病毒感染的肺炎死亡病例增至6例】央视新闻1月21日消息，武汉市市长周先旺在接受总台央视记者专访时表示，截至2020年1月20日24时，武汉市累计报告新型冠状病毒感染的肺炎病例258例，已治愈出院25例，死亡6例。目前仍在院治疗227例，其中重症51例、危重症12例，均在武汉市定点医疗机构接受隔离治疗。\",\"count\":147,\"br\":0},\"4463230330528167\":{\"html\":\" 【任正非：我在经济学人发表了篇文章,结果这些被删掉了<a target=\\\"_blank\\\" render=\\\"ext\\\" suda-uatrack=\\\"key=topic_click&value=click_topic\\\" class=\\\"a_topic\\\" extra-data=\\\"type=topic\\\" href=\\\"//s.weibo.com/weibo?q=%23%E5%86%AC%E5%AD%A3%E8%BE%BE%E6%B2%83%E6%96%AF%23&from=default\\\">#冬季达沃斯#</a>】<a target=\\\"_blank\\\" render=\\\"ext\\\" suda-uatrack=\\\"key=topic_click&value=click_topic\\\" class=\\\"a_topic\\\" extra-data=\\\"type=topic\\\" href=\\\"//s.weibo.com/weibo?q=%232020%E5%86%AC%E5%AD%A3%E8%BE%BE%E6%B2%83%E6%96%AF%23&from=default\\\">#2020冬季达沃斯#</a>华为公司创始人任正非今日在2020冬季达沃斯论坛表示，中国应在基础教育和基础研究上加大投入。他坦言：“我在《经济学人》发表一篇文章，也引用了电子、芯片和基因结合起来，会形成什么样的东西。《经济学人》杂志给我删掉了，因为这也是挑起了一个话题。我马上同意了，我知道我自己出了一个难题”。<a target=\\\"_blank\\\" render=\\\"ext\\\" suda-uatrack=\\\"key=topic_click&value=click_topic\\\" class=\\\"a_topic\\\" extra-data=\\\"type=topic\\\" href=\\\"//s.weibo.com/weibo?q=%23%E4%BB%BB%E6%AD%A3%E9%9D%9E%E5%8F%91%E6%96%87%E7%AB%A0%E8%A2%AB%E5%88%A0%23&from=default\\\">#任正非发文章被删#</a><a  suda-uatrack=\\\"key=tblog_card&value=click_title:4463230330528167:2026736001-webpage:2026736001%3Acomos%3Aihnzahk5613698\\\" title=\\\"任正非:我在经济学人发表了篇文章,结果这些被...\\\" href=\\\"http://feed.mix.sina.com.cn/link_card/redirect?url=http%3A%2F%2Fcj.sina.cn%2Farticle%2Fnormal_detail%3Furl%3Dhttps%3A%2F%2Ffinance.sina.com.cn%2Fhy%2Fhyjz%2F2020-01-21%2Fdoc-iihnzahk5613698.shtml\\\" alt=\\\"http://feed.mix.sina.com.cn/link_card/redirect?url=http%3A%2F%2Fcj.sina.cn%2Farticle%2Fnormal_detail%3Furl%3Dhttps%3A%2F%2Ffinance.sina.com.cn%2Fhy%2Fhyjz%2F2020-01-21%2Fdoc-iihnzahk5613698.shtml\\\" action-type=\\\"feed_list_url\\\" target=\\\"_blank\\\" rel=\\\"noopener noreferrer\\\"><i class=\\\"W_ficon ficon_cd_link\\\">O</i>任正非:我在经济学人发表了篇文章,结果这些被...</a> <a  suda-uatrack=\\\"key=tblog_card&value=click_title:4463230330528167:1034-video:1034%3A4463229959602183:getlongtext:1638782947:4463230330528167:1638782947\\\" title=\\\"新浪财经的微博视频\\\" href=\\\"http://t.cn/A6vrbZWj\\\" alt=\\\"http://t.cn/A6vrbZWj\\\" action-type=\\\"feed_list_url\\\" target=\\\"_blank\\\" rel=\\\"noopener noreferrer\\\"><i class=\\\"W_ficon ficon_cd_video\\\">L</i>新浪财经的微博视频</a>\",\"count\":222,\"br\":0},\"4463230103247744\":{\"html\":\" 【<a target=\\\"_blank\\\" render=\\\"ext\\\" suda-uatrack=\\\"key=topic_click&value=click_topic\\\" class=\\\"a_topic\\\" extra-data=\\\"type=topic\\\" href=\\\"//s.weibo.com/weibo?q=%23%E5%B9%BF%E5%B7%9E%E5%9C%B0%E9%93%81%E6%98%8E%E8%B5%B7%E5%85%A8%E7%BA%BF%E7%BD%91%E5%90%AF%E5%8A%A8%E4%BD%93%E6%B8%A9%E6%A3%80%E6%B5%8B%23&from=default\\\">#广州地铁明起全线网启动体温检测#</a>】今天下午广州地铁通报，为做好新型冠状病毒感染的肺炎疫情防控，广州地铁线网所有车站及有轨电车沿线车站启动公共卫生疫情防控预案。广州地铁采取加强通风、消毒等多种有效措施。同时对全线网所有安检点（含广佛线）启动体温检测，配置体温仪，自1月22日运营开始，将对进站乘客进行体温测量，请广大乘客理解并积极配合。对体温检测异常的乘客，车站将发放就诊方便卡和健康提示，引导乘客及时到指定医疗机构排查治疗。（广州日报全媒体记者 李天研 通讯员 穗铁宣）\",\"count\":234,\"br\":0},\"4463229973354226\":{\"html\":\" 【<a target=\\\"_blank\\\" render=\\\"ext\\\" suda-uatrack=\\\"key=topic_click&value=click_topic\\\" class=\\\"a_topic\\\" extra-data=\\\"type=topic\\\" href=\\\"//s.weibo.com/weibo?q=%23%E7%B2%97%E5%BF%83%E8%80%81%E7%88%B8%E6%8A%8A%E5%A5%B3%E5%84%BF%E5%BF%98%E5%9C%A8%E5%80%99%E8%BD%A6%E5%AE%A4%23&from=default\\\">#粗心老爸把女儿忘在候车室#</a> 独自乘火车离开】1月18日，广西柳州，民警在车站候车大厅巡逻时，遇到车站工作人员带着一名小女孩求助。经询问，小女孩7岁，原本是打算跟爸爸乘火车去喝喜酒。候车时，爸爸去了趟洗手间，让她在外面等，可是一直没等到爸爸。民警联系上女孩爸爸时，他已经在火车上。&nbsp;&nbsp;<a  suda-uatrack=\\\"key=tblog_card&value=click_title:4463229973354226:1034-video:1034%3A4463229737566224:getlongtext:6250824982:4463229973354226:6250824982\\\" title=\\\"时间视频的微博视频\\\" href=\\\"http://t.cn/A6vr4Qiv\\\" alt=\\\"http://t.cn/A6vr4Qiv\\\" action-type=\\\"feed_list_url\\\" target=\\\"_blank\\\" rel=\\\"noopener noreferrer\\\"><i class=\\\"W_ficon ficon_cd_video\\\">L</i>时间视频的微博视频</a>\",\"count\":149,\"br\":0},\"4463229856184826\":{\"html\":\" 【北青：国足vs卓尔热身赛提前至今天，技战术及人员安排严格对外保密】<br>据《北京青年报》报道，<a target=\\\"_blank\\\" render=\\\"ext\\\" suda-uatrack=\\\"key=topic_click&value=click_topic\\\" class=\\\"a_topic\\\" extra-data=\\\"type=topic\\\" href=\\\"//s.weibo.com/weibo?q=%23%E5%9B%BD%E8%B6%B3%23&from=default\\\">#国足#</a>按计划应于22日与卓尔队热身一场，但由于教练组成员<a target=\\\"_blank\\\" render=\\\"ext\\\" suda-uatrack=\\\"key=topic_click&value=click_topic\\\" class=\\\"a_topic\\\" extra-data=\\\"type=topic\\\" href=\\\"//s.weibo.com/weibo?q=%23%E6%98%A5%E8%8A%82%23&from=default\\\">#春节#</a>假期前还有其他重要事务需要处理，因此比赛提前到21日下午4点举行。<br>出于对球队竞争利益的维护，李铁团队也严格要求围绕本场比赛的技战术及人员安排严格对外保密。据了解，工作团队人员比赛期间甚至不能随意使用电子通讯手段。\",\"count\":179,\"br\":2},\"4463229642006042\":{\"html\":\" 【武汉市卫健委通报新型冠状病毒感染的肺炎防治最新情况，<a target=\\\"_blank\\\" render=\\\"ext\\\" suda-uatrack=\\\"key=topic_click&value=click_topic\\\" class=\\\"a_topic\\\" extra-data=\\\"type=topic\\\" href=\\\"//s.weibo.com/weibo?q=%23%E6%AD%A6%E6%B1%89%E6%96%B0%E5%9E%8B%E5%86%A0%E7%8A%B6%E7%97%85%E6%AF%92%E8%82%BA%E7%82%8E%E6%AD%BB%E4%BA%A1%E7%97%85%E4%BE%8B%E5%A2%9E%E8%87%B36%E4%BE%8B%23&from=default\\\">#武汉新型冠状病毒肺炎死亡病例增至6例#</a>】截至2020年1月20日24时，武汉市累计报告新型冠状病毒感染的肺炎病例258例，已治愈出院25例，死亡6例。目前仍在院治疗227例，其中重症51例、危重症12例。目前武汉市对疫情防治情况如何，关注直播，一起了解。<a target=\\\"_blank\\\" render=\\\"ext\\\" extra-data=\\\"type=atname\\\" href=\\\"//weibo.com/n/%E5%A4%AE%E8%A7%86%E8%B4%A2%E7%BB%8F?from=feed&loc=at\\\" usercard=\\\"name=央视财经\\\">@央视财经</a> <a  suda-uatrack=\\\"key=tblog_card&value=click_title:4463229642006042:1042152-live:1042152%3Ac0b61696b0b9aa1e9982a19bd1609f67\\\" title=\\\"央视财经的微博直播\\\" href=\\\"http://t.cn/A6vr2dOv\\\" alt=\\\"http://t.cn/A6vr2dOv\\\" action-type=\\\"feed_list_url\\\" target=\\\"_blank\\\" rel=\\\"noopener noreferrer\\\"><i class=\\\"W_ficon ficon_cd_link\\\">O</i>央视财经的微博直播</a>\",\"count\":158,\"br\":0},\"4463229637717679\":{\"html\":\" 【截至20日24时国内确认291例新型冠状病毒肺炎病例 20日新增77例】2020年1月20日0-24时，国家卫健委收到国内3省（区、市）报告新增新型冠状病毒感染的肺炎确诊病例77例（湖北省72例，上海市2例，北京市3例）；9省（区、市）报告新增疑似病例27例（广东省4例，四川省1例，云南省1例，上海市7例，浙江省10例，安徽省1例，海南省1例，贵州省1例，宁夏回族自治区1例）。<br>　　截至1月20日24时，国家卫健委收到国内4省（区、市）累计报告新型冠状病毒感染的肺炎确诊病例291例（湖北省270例，北京市5例，广东省14例，上海市2例）；14省（区、市）累计报告疑似病例54例（湖北省11例，广东省7例，四川省3例，云南省1例，上海市7例，广西壮族自治区1例，山东省1例，吉林省1例，安徽省1例，浙江省16例，江西省2例，海南省1例，贵州省1例，宁夏回族自治区1例）。<br>　　收到日本通报确诊病例1例，泰国通报确诊病例2例，韩国通报确诊病例1例。<br>　　目前追踪到密切接触者1739人，已解除医学观察817人，尚有922人正在接受医学观察。（记者王秉阳）<a target=\\\"_blank\\\" render=\\\"ext\\\" extra-data=\\\"type=atname\\\" href=\\\"//weibo.com/n/%E6%96%B0%E5%8D%8E%E8%A7%86%E7%82%B9?from=feed&loc=at\\\" usercard=\\\"name=新华视点\\\">@新华视点</a>\",\"count\":435,\"br\":3},\"4463229834700262\":{\"html\":\" 【中华人民共和国国家卫生健康委员会公告】报国务院批准同意，国家卫生健康委决定将新型冠状病毒感染的肺炎纳入法定传染病乙类管理，采取甲类传染病的预防、控制措施。<br><a target=\\\"_blank\\\" render=\\\"ext\\\" suda-uatrack=\\\"key=topic_click&value=click_topic\\\" class=\\\"a_topic\\\" extra-data=\\\"type=topic\\\" href=\\\"//s.weibo.com/weibo?q=%23%E6%96%B0%E5%9E%8B%E5%86%A0%E7%8A%B6%E7%97%85%E6%AF%92%E8%82%BA%E7%82%8E%E7%BA%B3%E5%85%A5%E6%B3%95%E5%AE%9A%E4%BC%A0%E6%9F%93%E7%97%85%23&from=default\\\">#新型冠状病毒肺炎纳入法定传染病#</a>各级人民政府、卫生健康行政部门、其他政府部门、医疗卫生机构可以依法采取病人隔离治疗、密切接触者隔离医学观察等系列防控措施，共同预防控制新型冠状病毒感染的肺炎疫情的传播。\",\"count\":179,\"br\":1},\"4463229469931377\":{\"html\":\" 【<a target=\\\"_blank\\\" render=\\\"ext\\\" suda-uatrack=\\\"key=topic_click&value=click_topic\\\" class=\\\"a_topic\\\" extra-data=\\\"type=topic\\\" href=\\\"//s.weibo.com/weibo?q=%23%E6%B5%99%E6%B1%9F%E7%A1%AE%E8%AF%8A%E9%A6%96%E4%BE%8B%E6%96%B0%E5%9E%8B%E5%86%A0%E7%8A%B6%E7%97%85%E6%AF%92%E8%82%BA%E7%82%8E%23&from=default\\\">#浙江确诊首例新型冠状病毒肺炎#</a> 来自武汉】今天，浙江确认首例输入性新型冠状病毒感染的肺炎确诊病例。患者为男性，46岁，长期居住武汉市。1月3日自武汉自驾前往温州，1月4日出现发热症状遂就诊，于1月17日在温州定点医院进行隔离治疗。现患者病情稳定，其密切接触者均在医学观察中。<a target=\\\"_blank\\\" render=\\\"ext\\\" extra-data=\\\"type=atname\\\" href=\\\"//weibo.com/n/%E5%A4%AE%E8%A7%86%E6%96%B0%E9%97%BB?from=feed&loc=at\\\" usercard=\\\"name=央视新闻\\\">@央视新闻</a> ​​​\",\"count\":142,\"br\":0},\"4463229323319887\":{\"html\":\" 蔡徐坤当初控评多疯啊？<br><br>经常聊着聊着就来个蔡徐坤的粉丝疯狂骂街呢，原因是以为再说她偶像，其实并不是<br><br>现在好了，拿了不少代言大单子了，基本上消停了，眼见着也没那么恶臭了<br><br>至少算是不那么辣眼睛了，也还算可以了<br><br>而且客观的说，谁家粉圈狂躁，一般都是他们爱豆没业务没代言的问题<br><br>需要刷流量刷存在感，好忽悠商家给业务给代言<br><br>客观来说也算是一个不算老的老套路了<br><br>但我是真没想到居然还有人敢吃人血馒头的\",\"count\":188,\"br\":14},\"4463229223040996\":{\"html\":\" 【八成<a target=\\\"_blank\\\" render=\\\"ext\\\" suda-uatrack=\\\"key=topic_click&value=click_topic\\\" class=\\\"a_topic\\\" extra-data=\\\"type=topic\\\" href=\\\"//s.weibo.com/weibo?q=%2390%E5%90%8E%E8%A7%89%E5%BE%97%E4%B8%8D%E8%AF%A5%E6%8B%BF%E5%8E%8B%E5%B2%81%E9%92%B1%23&from=default\\\">#90后觉得不该拿压岁钱#</a> ：自己都有孩子了，要发压岁钱了】春节快到了，年龄最大的90后也30岁了。近日，在一组街访中，八成90后表示已经不再收长辈给的压岁钱，甚至还要给自己的孩子发压岁钱。但也有90后表示，自己还没有经济独立，依然可以拿压岁钱。你觉得90后该拿压岁钱吗？<a  suda-uatrack=\\\"key=tblog_card&value=click_title:4463229223040996:2017607-video:2017607%3A4462920021508125:getlongtext:1323527941:4463229223040996:1323527941\\\" title=\\\"封面新闻视频的秒拍视频\\\" href=\\\"http://t.cn/A6vmPf3T\\\" alt=\\\"http://t.cn/A6vmPf3T\\\" action-type=\\\"feed_list_url\\\" target=\\\"_blank\\\" rel=\\\"noopener noreferrer\\\"><i class=\\\"W_ficon ficon_cd_video\\\">L</i>封面新闻视频的秒拍视频</a>\",\"count\":144,\"br\":0},\"4463228778159292\":{\"html\":\" 网红餐厅千篇一律，有点吃腻？那就来点不一样的！北京华尔道夫酒店与爱普生合作，利用爱普生LightScene EV-100 激光投影灯和特有的“智能温感桌面”方案，根据桌面不同物体的温度，投影灯可做出多样化的互动反应，打造出诸多梦幻场景，让每个前来领略美食的顾客都能沉浸在极致感官刺激和深度精神享受之中，销售额也up！up！ <a  suda-uatrack=\\\"key=tblog_card&value=click_title:4463228778159292:1034-video:1034%3A4463228298919948:getlongtext:2845591125:4463228778159292:2845591125\\\" title=\\\"爱普生中国的微博视频\\\" href=\\\"http://t.cn/A6vrUa70\\\" alt=\\\"http://t.cn/A6vrUa70\\\" action-type=\\\"feed_list_url\\\" target=\\\"_blank\\\" rel=\\\"noopener noreferrer\\\"><i class=\\\"W_ficon ficon_cd_video\\\">L</i>爱普生中国的微博视频</a>\",\"count\":162,\"br\":0},\"4463229009208367\":{\"html\":\" 【<a target=\\\"_blank\\\" render=\\\"ext\\\" suda-uatrack=\\\"key=topic_click&value=click_topic\\\" class=\\\"a_topic\\\" extra-data=\\\"type=topic\\\" href=\\\"//s.weibo.com/weibo?q=%23%E6%AD%A6%E6%B1%89%E6%96%B0%E5%9E%8B%E8%82%BA%E7%82%8E%E6%AD%BB%E4%BA%A1%E5%A2%9E%E8%87%B46%E4%BE%8B%23&from=default\\\">#武汉新型肺炎死亡增致6例#</a>】武汉市市长周先旺在接受总台央视记者专访时表示，截至2020年1月20日24时，武汉市累计报告新型冠状病毒感染的肺炎病例258例，已治愈出院25例，死亡6例。目前仍在院治疗227例，其中重症51例、危重症12例，均在武汉市定点医疗机构接受隔离治疗。（央视新闻）<a  suda-uatrack=\\\"key=tblog_card&value=click_title:4463229009208367:1034-video:1034%3A4463227376173086:getlongtext:1918021250:4463229009208367:1918021250\\\" title=\\\"央视新闻的微博视频\\\" href=\\\"http://t.cn/A6vryPjs\\\" alt=\\\"http://t.cn/A6vryPjs\\\" action-type=\\\"feed_list_url\\\" target=\\\"_blank\\\" rel=\\\"noopener noreferrer\\\"><i class=\\\"W_ficon ficon_cd_video\\\">L</i>央视新闻的微博视频</a>\",\"count\":143,\"br\":0},\"4463228715321481\":{\"html\":\" <a target=\\\"_blank\\\" render=\\\"ext\\\" suda-uatrack=\\\"key=topic_click&value=click_topic\\\" class=\\\"a_topic\\\" extra-data=\\\"type=topic\\\" href=\\\"//s.weibo.com/weibo?q=%23%E8%B6%A3%E5%BC%80%E7%90%86%E6%83%B3%23&from=default\\\">#趣开理想#</a> 从2016年开始，每年开特斯拉从深圳回福建都要去汕头的超冲补电，汽油车跑7个小时的路程，特斯拉要跑10来个小时。今年开理想ONE回家，最大的感受就是跑长途加油就能跑是真TM方便。另外，辅助驾驶跑高速的体验也很好，轻松很多，脚不用控制油门和刹车，手托在方向盘上就行，你们一定要去试试这个辅助驾驶，真的是用了就回不去的体验。\",\"count\":160,\"br\":0},\"4463228803432093\":{\"html\":\" <a target=\\\"_blank\\\" render=\\\"ext\\\" suda-uatrack=\\\"key=topic_click&value=click_topic\\\" class=\\\"a_topic\\\" extra-data=\\\"type=topic\\\" href=\\\"//s.weibo.com/weibo?q=%23%E6%96%B0%E5%9E%8B%E5%86%A0%E7%8A%B6%E7%97%85%E6%AF%92%E8%82%BA%E7%82%8E%E7%BA%B3%E5%85%A5%E6%B3%95%E5%AE%9A%E4%BC%A0%E6%9F%93%E7%97%85%23&from=default\\\">#新型冠状病毒肺炎纳入法定传染病#</a>美国研究机构正在针对新型肺炎病毒进行疫苗研发的工作。<br><br>美国国家卫生研究院所属的国立过敏与传染病研究院主任安东尼・弗契表示，正在进行研发疫苗的初步步骤，可能要经过好几个月才会展开第一阶段的临床试验，一年多后才能取得疫苗。<br><br>弗契还指出，这种新型冠状病毒还有许多问题，情况还在演变，很难预测最后会变成怎样，但是我们必须非常严肃看待。<br><br>美国休士顿贝勒医学院疫苗科学家彼得・霍特兹表示，德州、纽约分处及一组中国的科学家也正在研发疫苗<a target=\\\"_blank\\\" render=\\\"ext\\\" suda-uatrack=\\\"key=topic_click&value=click_topic\\\" class=\\\"a_topic\\\" extra-data=\\\"type=topic\\\" href=\\\"//s.weibo.com/weibo?q=%23%E5%B7%A5%E4%BD%9C%23&from=default\\\">#工作#</a> 。<br><br>霍特兹说，我们得到的经验是冠状病毒的传染力很强，是最新、最主要的全球健康威胁之一。<br><br>霍特兹还指出，如果疫苗研发出来，医护人员应该是第一批实施的对象，因为他们直接面对感染病患。\",\"count\":315,\"br\":10},\"4463228853644591\":{\"html\":\" 【<a target=\\\"_blank\\\" render=\\\"ext\\\" suda-uatrack=\\\"key=topic_click&value=click_topic\\\" class=\\\"a_topic\\\" extra-data=\\\"type=topic\\\" href=\\\"//s.weibo.com/weibo?q=%23%E4%BB%BB%E6%AD%A3%E9%9D%9E%E7%A7%B0%E7%BE%8E%E5%9B%BD%E5%8D%87%E7%BA%A7%E6%8A%80%E6%9C%AF%E6%89%93%E5%87%BB%E5%8D%8E%E4%B8%BA%E5%BD%B1%E5%93%8D%E6%9C%89%E9%99%90%23&from=default\\\">#任正非称美国升级技术打击华为影响有限#</a>】华为创始人兼CEO任正非出席2020<a target=\\\"_blank\\\" render=\\\"ext\\\" suda-uatrack=\\\"key=topic_click&value=click_topic\\\" class=\\\"a_topic\\\" extra-data=\\\"type=topic\\\" href=\\\"//s.weibo.com/weibo?q=%23%E5%86%AC%E5%AD%A3%E8%BE%BE%E6%B2%83%E6%96%AF%23&from=default\\\">#冬季达沃斯#</a>。在1月21日上午 的“科技军备竞赛塑造的未来”主题论坛，任正非表示，本来华为公司是一个很亲美的公司，绝大多数管理都是向美国学习的美国应该感到骄傲，它的东西输出以后，给华为带来了一个发展。关于今年美国又会升级技术来打击华为，但他认为华为受影响也不会非常大。<a  suda-uatrack=\\\"key=tblog_card&value=click_title:4463228853644591:2026736001-webpage:2026736001%3Acomos%3Aihnzhha3956104\\\" title=\\\"任正非：今年美国升级技术打击华为影响有限\\\" href=\\\"http://feed.mix.sina.com.cn/link_card/redirect?url=https%3A%2F%2Fcj.sina.cn%2Farticle%2Fnorm_detail%3Furl%3Dhttps%253A%252F%252Ftech.sina.com.cn%252Fi%252F2020-01-21%252Fdoc-iihnzhha3956104.shtml\\\" alt=\\\"http://feed.mix.sina.com.cn/link_card/redirect?url=https%3A%2F%2Fcj.sina.cn%2Farticle%2Fnorm_detail%3Furl%3Dhttps%253A%252F%252Ftech.sina.com.cn%252Fi%252F2020-01-21%252Fdoc-iihnzhha3956104.shtml\\\" action-type=\\\"feed_list_url\\\" target=\\\"_blank\\\" rel=\\\"noopener noreferrer\\\"><i class=\\\"W_ficon ficon_cd_link\\\">O</i>任正非：今年美国升级技术打击华为影响有限</a>\",\"count\":189,\"br\":0},\"4463229097018238\":{\"html\":\" <a target=\\\"_blank\\\" render=\\\"ext\\\" suda-uatrack=\\\"key=topic_click&value=click_topic\\\" class=\\\"a_topic\\\" extra-data=\\\"type=topic\\\" href=\\\"//s.weibo.com/weibo?q=%23%E8%BF%87%E5%B9%B4%E4%B8%8D%E7%94%A8%E6%8B%BC%23&from=default\\\">#过年不用拼#</a>曾经我也是个拼团真香患者，结果一次次买到山寨、被砍单、无售后燃烧完了我的耐心……还好<a target=\\\"_blank\\\" render=\\\"ext\\\" suda-uatrack=\\\"key=topic_click&value=click_topic\\\" class=\\\"a_topic\\\" extra-data=\\\"type=topic\\\" href=\\\"//s.weibo.com/weibo?q=%23%E6%98%A5%E8%8A%82%E8%A1%A5%E8%B4%B4%E7%9C%9F%E7%9B%B8%E7%8E%B0%E5%9C%BA%23&from=default\\\">#春节补贴真相现场#</a>让我看清真香！不愧是<a target=\\\"_blank\\\" render=\\\"ext\\\" suda-uatrack=\\\"key=topic_click&value=click_topic\\\" class=\\\"a_topic\\\" extra-data=\\\"type=topic\\\" href=\\\"//s.weibo.com/weibo?q=%23%E8%81%9A%E5%88%92%E7%AE%97%E7%99%BE%E4%BA%BF%E8%A1%A5%E8%B4%B4%23&from=default\\\">#聚划算百亿补贴#</a>，这干净利落的过年补贴20亿，春晚狂发半价金条，大家一起抢底价大牌正品！<a target=\\\"_blank\\\" render=\\\"ext\\\" suda-uatrack=\\\"key=topic_click&value=click_topic\\\" class=\\\"a_topic\\\" extra-data=\\\"type=topic\\\" href=\\\"//s.weibo.com/weibo?q=%23%E5%A6%88%E5%A6%88%E5%92%B1%E4%B8%8D%E7%94%A8%E6%8B%BC%E4%BA%86%23&from=default\\\">#妈妈咱不用拼了#</a>，奥利给！<img class=\\\"W_img_face\\\" render=\\\"ext\\\" src=\\\"//img.t.sinajs.cn/t4/appstyle/expression/ext/normal/10/2018new_wu_org.png\\\" title=\\\"[污]\\\" alt=    \\\"[污]\\\" type=\\\"face\\\" /> <img class=\\\"W_img_face\\\" render=\\\"ext\\\" src=\\\"//img.t.sinajs.cn/t4/appstyle/expression/ext/normal/10/2018new_wu_org.png\\\" title=\\\"[污]\\\" alt=    \\\"[污]\\\" type=\\\"face\\\" /> <img class=\\\"W_img_face\\\" render=\\\"ext\\\" src=\\\"//img.t.sinajs.cn/t4/appstyle/expression/ext/normal/10/2018new_wu_org.png\\\" title=\\\"[污]\\\" alt=    \\\"[污]\\\" type=\\\"face\\\" /> <a  suda-uatrack=\\\"key=tblog_card&value=click_title:4463229097018238:1034-video:1034%3A4463167619661839:getlongtext:1674242970:4463229097018238:1674242970\\\" title=\\\"聚划算的微博视频\\\" href=\\\"http://t.cn/A6vB74By\\\" alt=\\\"http://t.cn/A6vB74By\\\" action-type=\\\"feed_list_url\\\" target=\\\"_blank\\\" rel=\\\"noopener noreferrer\\\"><i class=\\\"W_ficon ficon_cd_video\\\">L</i>聚划算的微博视频</a>\",\"count\":134,\"br\":0},\"4463173866061564\":{\"html\":\" 【2019年离婚率比结婚率高？民政部官方辟谣来了】2019年我国全年登记结婚为947.1万对，离婚为415.4万对，补发结婚证和离婚证书403.4万对；民政部社会事务司司长王金华在2020年第一季度例行新闻发布会上，针对离婚率解释说“不能将‘离结比’等同于‘离婚率’”。<a target=\\\"_blank\\\" render=\\\"ext\\\" suda-uatrack=\\\"key=topic_click&value=click_topic\\\" class=\\\"a_topic\\\" extra-data=\\\"type=topic\\\" href=\\\"//s.weibo.com/weibo?q=%23%E5%AE%98%E6%96%B9%E8%BE%9F%E8%B0%A32019%E5%B9%B4%E7%A6%BB%E5%A9%9A%E7%8E%87%E6%AF%94%E7%BB%93%E5%A9%9A%E7%8E%87%E9%AB%98%23&from=default\\\">#官方辟谣2019年离婚率比结婚率高#</a> <a target=\\\"_blank\\\" render=\\\"ext\\\" extra-data=\\\"type=atname\\\" href=\\\"//weibo.com/n/%E5%A4%AE%E8%A7%86%E7%BD%91?from=feed&loc=at\\\" usercard=\\\"name=央视网\\\">@央视网</a> <a target=\\\"_blank\\\" render=\\\"ext\\\" extra-data=\\\"type=atname\\\" href=\\\"//weibo.com/n/%E5%A4%AE%E8%A7%86%E7%BD%91%E8%A7%86%E9%A2%91?from=feed&loc=at\\\" usercard=\\\"name=央视网视频\\\">@央视网视频</a> <a  suda-uatrack=\\\"key=tblog_card&value=click_title:4463173866061564:2017607-video:2017607%3A4463173864980505:getlongtext:6362632222:4463173866061564:6362632222\\\" title=\\\"小央视频的秒拍视频\\\" href=\\\"http://t.cn/A6vByB24\\\" alt=\\\"http://t.cn/A6vByB24\\\" action-type=\\\"feed_list_url\\\" target=\\\"_blank\\\" rel=\\\"noopener noreferrer\\\"><i class=\\\"W_ficon ficon_cd_video\\\">L</i>小央视频的秒拍视频</a>\",\"count\":158,\"br\":0}}","search_enable":"bfalse","user1645221270config":"s{\"weibo.tool.load_weibo_by_group.group\":{},\"weibo.tool.load_weibo_by_group\":false,\"weibo.tool.load_weibo_by_multi_group.count\":50,\"weibo.tool.load_weibo_by_multi_group.enabled\":false,\"weibo.tool.load_weibo_by_multi_group.clear\":\"clear\",\"weibo.tool.load_weibo_by_multi_group.whisper\":false,\"weibo.tool.load_weibo_by_multi_group\":[],\"weibo.tool.use_fast_creator\":true,\"weibo.tool.refilter\":true,\"weibo.tool.fast_block_button\":false,\"weibo.tool.block_hidden\":false,\"weibo.tool.disable_lazyload\":true,\"weibo.other.group_account\":true,\"weibo.other.group_same_account\":true,\"weibo.other.auto_load_new_weibo\":false,\"weibo.other.auto_expand.etypes\":false,\"weibo.other.auto_expand.background\":true,\"weibo.other.auto_expand\":false,\"weibo.other.desktop_notification.types\":true,\"weibo.other.desktop_notification.autohide\":true,\"weibo.other.desktop_notification.shorten\":false,\"weibo.other.desktop_notification.shortlen\":50,\"weibo.other.desktop_notification.duration\":3000,\"weibo.other.desktop_notification.durationc\":150,\"weibo.other.desktop_notification.ntypes\":false,\"weibo.other.desktop_notification\":false,\"weibo.filters.keyword.whitelist\":[],\"weibo.filters.keyword.blacklist\":[],\"weibo.filters.keyword.foldlist\":[],\"weibo.filters.regexp.whitelist\":[],\"weibo.filters.regexp.blacklist\":[],\"weibo.filters.regexp.foldlist\":[],\"weibo.content.types_mention\":false,\"weibo.content.types_topic\":false,\"weibo.content.types_stock\":false,\"weibo.content.types_linkt\":false,\"weibo.content.types_linku\":false,\"weibo.content.types_emotion\":false,\"weibo.filters.account.whitelist\":[],\"weibo.filters.account.blacklist\":[],\"weibo.filters.account.foldlist\":[],\"weibo.filters.accountf.blacklist\":[],\"weibo.filters.accountf.foldlist\":[],\"weibo.original.blacklist_d\":true,\"weibo.filters.original.whitelist\":[],\"weibo.filters.original.blacklist\":[],\"weibo.filters.original.foldlist\":[],\"weibo.original.by_follower.enabled\":false,\"weibo.original.by_follower.fans\":10,\"weibo.original.by_follower\":[],\"weibo.filters.mention.whitelist\":[],\"weibo.filters.mention.blacklist\":[],\"weibo.filters.mention.foldlist\":[],\"weibo.filters.topic.whitelist\":[],\"weibo.filters.topic.blacklist\":[],\"weibo.filters.topic.foldlist\":[],\"weibo.filters.rtopic.whitelist\":[],\"weibo.filters.rtopic.blacklist\":[],\"weibo.filters.rtopic.foldlist\":[],\"weibo.filters.source.whitelist\":[],\"weibo.filters.source.blacklist\":[],\"weibo.filters.source.foldlist\":[],\"weibo.filters.hyperlink.whitelist\":[],\"weibo.filters.hyperlink.blacklist\":[],\"weibo.filters.hyperlink.foldlist\":[],\"weibo.filters.linktitle.whitelist\":[],\"weibo.filters.linktitle.blacklist\":[],\"weibo.filters.linktitle.foldlist\":[],\"weibo.other.my_weibo\":false,\"weibo.other.my_original\":false,\"weibo.other.mention_me\":false,\"weibo.other.ad_feed\":true,\"weibo.other.fans_top\":true,\"weibo.other.product_card\":true,\"weibo.other.tb_tm_wb\":true,\"weibo.other.weibo_pay_gift\":true,\"weibo.other.user_like\":false,\"weibo.other.fake_weibo\":false,\"weibo.other.deleted_forward\":false,\"weibo.other.comment_and_reply\":false,\"weibo.other.vote_weibo\":false,\"weibo.other.red2014\":false,\"weibo.other.jinli_forward\":false,\"weibo.other.appitem\":false,\"weibo.other.wenda\":false,\"weibo.other.wenwodr\":false,\"weibo.other.yizhibo.type\":\"all\",\"weibo.other.yizhibo\":true,\"weibo.other.stock\":false,\"weibo.other.paid\":false,\"weibo.other.multi_topic.num\":5,\"weibo.other.multi_topic\":false,\"weibo.other.too_long\":false,\"weibo.other.wei_huati\":false,\"weibo.other.wei_qun\":false,\"weibo.other.wei_fangtan\":false,\"weibo.other.wei_gongyi\":false,\"weibo.other.unauth_source\":false,\"weibo.other.same_account.number\":5,\"weibo.other.same_account.action\":\"fold\",\"weibo.other.same_account\":false,\"weibo.other.same_forward.number\":3,\"weibo.other.same_forward.action\":\"fold\",\"weibo.other.same_forward\":false,\"weibo.filters.ckeyword.whitelist\":[],\"weibo.filters.ckeyword.blacklist\":[],\"weibo.filters.cregexp.whitelist\":[],\"weibo.filters.cregexp.blacklist\":[],\"weibo.filters.cuser.whitelist\":[],\"weibo.filters.cuser.blacklist\":[],\"weibo.filters.ctopic.whitelist\":[],\"weibo.filters.ctopic.blacklist\":[],\"weibo.comment.my_comment\":true,\"weibo.comment.emoji_count.number\":8,\"weibo.comment.emoji_count\":false,\"weibo.comment.emoji_types.number\":4,\"weibo.comment.emoji_types\":false,\"weibo.comment.no_content\":true,\"weibo.comment.with_forward\":false,\"weibo.comment.with_picture.act\":\"fold\",\"weibo.comment.with_picture\":true,\"weibo.comment.delete_comment\":false,\"weibo.layoutHideIconLevel\":false,\"weibo.layoutHideIconMember\":false,\"weibo.layoutHideIconApprove\":false,\"weibo.layoutHideIconApproveCo\":false,\"weibo.layoutHideIconApproveDead\":false,\"weibo.layoutHideIconClub\":false,\"weibo.layoutHideIconVGirl\":false,\"weibo.layoutHideIconSupervisor\":false,\"weibo.layoutHideIconTaobao\":false,\"weibo.layoutHideIconCheng\":false,\"weibo.layoutHideIconGongyi\":false,\"weibo.layoutHideIconZongyika\":false,\"weibo.layoutHideIconOther\":false,\"weibo.layoutHideFollowSingle\":false,\"weibo.layoutHideFollowAtMe\":false,\"weibo.layoutHideFollowDiscover\":false,\"weibo.layoutHideFollowWhisper\":false,\"weibo.layoutHideFollowVideo\":false,\"weibo.layoutHideFollowRecommend\":false,\"weibo.layoutHideNavLogoImg\":false,\"weibo.layoutHideNavMain\":false,\"weibo.layoutHideNavTV\":false,\"weibo.layoutHideNavHot\":false,\"weibo.layoutHideNavGame\":false,\"weibo.layoutHideNavHotSearch\":true,\"weibo.layoutHideNavNoticeNew\":false,\"weibo.layoutHideNavNew\":false,\"weibo.layoutHideNavHotTip\":false,\"weibo.layoutHideLeftHome\":false,\"weibo.layoutHideLeftFav\":false,\"weibo.layoutHideLeftLike\":false,\"weibo.layoutHideLeftHot\":false,\"weibo.layoutHideLeftTV\":false,\"weibo.layoutHideLeftFriends\":false,\"weibo.layoutHideLeftGroupToMe\":true,\"weibo.layoutHideLeftSpecial\":false,\"weibo.layoutHideLeftWhisper\":true,\"weibo.layoutHideLeftVPlus\":false,\"weibo.layoutHideLeftNew\":false,\"weibo.layoutHideLeftNews\":false,\"weibo.layoutHideLeftCount\":false,\"weibo.layoutHideMiddleRecommendedTopic\":true,\"weibo.layoutHideMiddleFeedRecommand\":false,\"weibo.layoutHideMiddleMemberTip\":true,\"weibo.layoutHideRightInfo\":true,\"weibo.layoutHideRightRecomMusicRank\":true,\"weibo.layoutHideRightHotTopic\":true,\"weibo.layoutHideRightHotTopicExpand\":true,\"weibo.layoutHideRightInterest\":true,\"weibo.layoutHideRightMember\":true,\"weibo.layoutHideRightGroups\":false,\"weibo.layoutHideRightRecomGroupUser\":true,\"weibo.layoutHideRightHongbaoRank\":true,\"weibo.layoutHideRightMovie\":true,\"weibo.layoutHideRightAttFeed\":true,\"weibo.layoutHideRightTaobaoMovie\":true,\"weibo.layoutHideRightNotice\":true,\"weibo.layoutHideWeiboRecomFeed\":false,\"weibo.layoutHideWeiboFeedOuterTip\":true,\"weibo.layoutHideWeiboFeedTip\":true,\"weibo.layoutHideWeiboGroupTip\":false,\"weibo.layoutHideWeiboVIPBackground\":true,\"weibo.layoutHideWeiboLastPic\":true,\"weibo.layoutHideWeiboPicTag\":false,\"weibo.layoutHideWeiboSonTitle\":false,\"weibo.layoutHideWeiboCard\":false,\"weibo.layoutHideWeiboArticalPay\":false,\"weibo.layoutHideWeiboTag\":false,\"weibo.layoutHideWeiboMovieTag\":false,\"weibo.layoutHideWeiboSource\":false,\"weibo.layoutHideWeiboPop\":false,\"weibo.layoutHideWeiboLike\":false,\"weibo.layoutHideWeiboLikeComment\":false,\"weibo.layoutHideWeiboLikePopup\":true,\"weibo.layoutHideWeiboForward\":false,\"weibo.layoutHideWeiboFavourite\":false,\"weibo.layoutHideWeiboPromoteOther\":false,\"weibo.layoutHideWeiboReport\":false,\"weibo.layoutHideWeiboUseCardBackground\":false,\"weibo.layoutHidePersonMoveThings\":false,\"weibo.layoutHidePersonCover\":false,\"weibo.layoutHidePersonBGImg\":true,\"weibo.layoutHidePersonBadgeIcon\":false,\"weibo.layoutHidePersonVerify\":false,\"weibo.layoutHidePersonEditPersonInfo\":false,\"weibo.layoutHidePersonStats\":false,\"weibo.layoutHidePersonMyData\":false,\"weibo.layoutHidePersonSuggestUser\":false,\"weibo.layoutHidePersonGroup\":false,\"weibo.layoutHidePersonRelation\":false,\"weibo.layoutHidePersonAlbum\":false,\"weibo.layoutHidePersonHotTopic\":false,\"weibo.layoutHidePersonHotWeibo\":false,\"weibo.layoutHidePersonUserList\":false,\"weibo.layoutHidePersonHongbao\":false,\"weibo.layoutHidePersonWenwoDr\":false,\"weibo.layoutHidePersonTimeline\":false,\"weibo.layout.pleft\":[],\"weibo.layoutHideMessagesHelp\":false,\"weibo.layoutHideMessagesFeedback\":false,\"weibo.layoutHideMessagesYoudao\":false,\"weibo.layoutHideOtherAds\":true,\"weibo.layoutHideOtherMusic\":true,\"weibo.layoutHideOtherTemplate\":true,\"weibo.layoutHideOtherHomeTip\":false,\"weibo.layoutHideOtherFooter\":true,\"weibo.layoutHideOtherWbIm\":true,\"weibo.layoutHideOtherIM\":true,\"weibo.layoutHideOtherIMNews\":false,\"weibo.layoutHideOtherTip\":false,\"weibo.layoutHideOtherRelatedWB\":false,\"weibo.layoutHideOtherRelatedVideo\":false,\"weibo.layoutHideOtherRelatedArtical\":false,\"weibo.layoutHideOtherSendWeibo\":false,\"weibo.tool.showAllMsgNav.atme\":true,\"weibo.tool.showAllMsgNav.cmt\":true,\"weibo.tool.showAllMsgNav.like\":false,\"weibo.tool.showAllMsgNav.dm\":false,\"weibo.tool.showAllMsgNav.msgbox\":false,\"weibo.tool.showAllMsgNav.group\":false,\"weibo.tool.showAllMsgNav.dmsub\":false,\"weibo.tool.showAllMsgNav\":false,\"weibo.tool.showAllGroup\":true,\"weibo.tool.mergeColumns.side\":\"right\",\"weibo.tool.mergeColumns\":true,\"weibo.tool.chose_side.side\":\"right\",\"weibo.tool.chose_side\":true,\"weibo.tool.filte_right_topic\":false,\"weibo.tool.filte_right_topic_count.number\":200,\"weibo.tool.filte_right_topic_count\":false,\"weibo.tool.right_user_list\":[],\"weibo.tool.right_user_list_notice._records\":[],\"weibo.tool.right_user_list_notice._last\":{},\"weibo.tool.right_user_list_notice\":false,\"weibo.tool.hide_nav_bar\":true,\"weibo.tool.fixedLeft\":true,\"weibo.tool.fixedRight\":false,\"weibo.tool.fixedNewFeedTip\":false,\"weibo.tool.fixedOthers\":false,\"weibo.tool.auto_unfold_weibo.count\":1020,\"weibo.tool.auto_unfold_weibo.br\":30,\"weibo.tool.auto_unfold_weibo\":true,\"weibo.tool.clear_def_topic\":true,\"weibo.tool.redirectWeibo\":true,\"weibo.tool.cardButton\":false,\"weibo.tool.viewOriginal.open\":\"image\",\"weibo.tool.viewOriginal.direct\":true,\"weibo.tool.viewOriginal.method\":\"default\",\"weibo.tool.viewOriginal.url\":\"default\",\"weibo.tool.viewOriginal\":true,\"weibo.tool.downloadImage.direct\":false,\"weibo.tool.downloadImage\":false,\"weibo.tool.noTagDialog\":true,\"weibo.tool.use_built_in_video_player.volume\":100,\"weibo.tool.use_built_in_video_player.memorize\":false,\"weibo.tool.use_built_in_video_player\":false,\"weibo.tool.pause_animated_image\":true,\"weibo.tool.disable_video_menu\":true,\"weibo.tool.replace_link\":false,\"weibo.tool.replace_image_emoji\":false,\"weibo.other.customize_source\":false,\"weibo.other.fold_child_comment\":true,\"weibo.other.comment_show_all\":false,\"weibo.tool.auto_check_following.frequency\":\"3\",\"weibo.tool.auto_check_following\":false,\"weibo.tool.auto_unfold_ttartical\":true,\"weibo.tool.uncheck_follow_presenter\":true,\"weibo.tool.fast_emoji.top\":[null,null,null,null,null,null,null,null,null,null],\"weibo.tool.fast_emoji.recent\":[null,null,null,null,null,null,null,null,null,null],\"weibo.tool.fast_emoji\":false,\"weibo.tool.disable_desktop_notification\":true,\"weibo.tool.disable_live_photo\":true,\"weibo.tool.disable_video_click_pop\":true,\"weibo.tool.no_pop_but_full_screen\":false,\"weibo.tool.video_no_auto_next\":true,\"weibo.tool.custom_font_family.wf\":\"Times\",\"weibo.tool.custom_font_family.cf\":\"中易宋体\",\"weibo.tool.custom_font_family\":false,\"weibo.tool.weibo_large_font.ratio\":\"120\",\"weibo.tool.weibo_large_font\":true,\"weibo.tool.avatar_shape.shape\":\"square\",\"weibo.tool.avatar_shape\":false,\"weibo.tool.dark_nav_bar\":false,\"weibo.tool.reorder_nav_bar\":false,\"weibo.tool.nav_hide_name.act\":\"hidden\",\"weibo.tool.nav_hide_name\":true,\"weibo.tool.width_weibo.width\":750,\"weibo.tool.width_weibo\":true,\"weibo.tool.weibo_only.width\":600,\"weibo.tool.weibo_only.key\":119,\"weibo.tool.weibo_only.switch\":false,\"weibo.tool.weibo_only._enabled\":false,\"weibo.tool.weibo_only\":false,\"weibo.tool.set_skin.skin\":\"skin050\",\"weibo.tool.set_skin\":false,\"weibo.tool.unwrapText\":false,\"weibo.tool.unwrapContent.text\":\"⏎\",\"weibo.tool.unwrapContent\":false,\"weibo.tool.image_size.repost\":false,\"weibo.tool.image_size\":false,\"weibo.tool.no_weibo_space\":false,\"weibo.tool.from_in_bottom\":false,\"weibo.tool.user_page_no_author.who\":\"all\",\"weibo.tool.user_page_no_author\":false,\"weibo.tool.hover_show_fold\":false,\"weibo.tool.fold_text.text\":\"author-reason\",\"weibo.tool.fold_text\":false,\"weibo.layout.reorder.1\":\"pop\",\"weibo.layout.reorder.2\":\"favorite\",\"weibo.layout.reorder.3\":\"forward\",\"weibo.layout.reorder.4\":\"comment\",\"weibo.layout.reorder.5\":\"like\",\"weibo.layout.reorder\":true,\"weibo.layout.cmtorder.1\":\"report\",\"weibo.layout.cmtorder.2\":\"delete\",\"weibo.layout.cmtorder.3\":\"conversition\",\"weibo.layout.cmtorder.4\":\"reply\",\"weibo.layout.cmtorder.5\":\"like\",\"weibo.layout.cmtorder\":true,\"weibo.tool.whitelist_highlight.color\":\"#dafee4\",\"weibo.tool.whitelist_highlight.transparency\":0,\"weibo.tool.whitelist_highlight\":false,\"weibo.tool.color_override.color1\":\"#f6f6f6\",\"weibo.tool.color_override.transparency1\":30,\"weibo.tool.color_override.color2\":\"#ffffff\",\"weibo.tool.color_override.transparency2\":30,\"weibo.tool.color_override.color3\":\"#ffffff\",\"weibo.tool.color_override.transparency3\":30,\"weibo.tool.color_override\":false,\"weibo.tool.userstyle\":\"\",\"weibo._yawf_version\":504,\"script.other.auto_complete\":true,\"weibo.tool.message_current_page\":false,\"weibo.tool.load_weibo_by_newest\":false,\"weibo.layoutHideLeftNewFeed\":false,\"weibo.layoutHideIconBigFun\":false,\"weibo.tool.highlight_low_reading.count\":100,\"weibo.tool.highlight_low_reading\":false}","whatsnew":"btrue"},"ts":1579600515080}