{"options":{"awareOfChrome":false,"check_for_updates":true,"comment":null,"compat_arrayleft":false,"compat_foreach":false,"compat_forvarin":false,"compat_metadata":false,"compat_uW_gmonkey":false,"compat_wrappedjsobject":false,"compatopts_for_requires":true,"noframes":null,"override":{"merge_connects":true,"merge_excludes":true,"merge_includes":true,"merge_matches":true,"orig_excludes":[],"orig_includes":[],"orig_matches":["https://www.youtube.com/watch*"],"orig_noframes":null,"orig_run_at":"document-idle","use_blockers":[],"use_connects":[],"use_excludes":[],"use_includes":[],"use_matches":[]},"run_at":null},"settings":{"enabled":false,"position":32},"meta":{"name":"youtube双语字幕","uuid":"991acc1e-7cd7-428a-b7e3-2041287abe5f","modified":1578395048643,"file_url":"https://greasyfork.org/scripts/382022-youtube%E5%8F%8C%E8%AF%AD%E5%AD%97%E5%B9%95/code/youtube%E5%8F%8C%E8%AF%AD%E5%AD%97%E5%B9%95.user.js"}}