{"options":{"check_for_updates":true,"comment":null,"compatopts_for_requires":true,"compat_wrappedjsobject":false,"compat_metadata":false,"compat_foreach":false,"compat_arrayleft":false,"compat_uW_gmonkey":false,"compat_forvarin":false,"noframes":null,"awareOfChrome":false,"run_at":null,"override":{"merge_connects":true,"merge_excludes":true,"merge_includes":true,"merge_matches":true,"orig_connects":[],"orig_excludes":[],"orig_includes":["*"],"orig_matches":[],"orig_noframes":null,"orig_run_at":"document-idle","use_blockers":[],"use_connects":[],"use_excludes":[],"use_includes":[],"use_matches":[]}},"settings":{"enabled":true,"position":35},"meta":{"name":"动画特效","uuid":"11cf59c3-6f9f-496b-b604-897bf1f6af8d","modified":1579596253446,"file_url":"https://greasyfork.org/scripts/26160-%E6%95%B2%E8%B5%B7%E6%9D%A5-dart/code/%E6%95%B2%E8%B5%B7%E6%9D%A5%20(dart).user.js"}}