{"options":{"check_for_updates":true,"comment":null,"compatopts_for_requires":true,"compat_wrappedjsobject":false,"compat_metadata":false,"compat_foreach":false,"compat_arrayleft":false,"compat_uW_gmonkey":false,"compat_forvarin":false,"noframes":null,"awareOfChrome":false,"run_at":null,"override":{"use_includes":[],"orig_includes":["*www.zhihu.com*","*zhuanlan.zhihu.com*"],"merge_includes":true,"use_matches":[],"orig_matches":[],"merge_matches":true,"use_excludes":[],"orig_excludes":[],"merge_excludes":true,"use_connects":[],"merge_connects":true,"use_blockers":[],"orig_run_at":"document-start","orig_noframes":null,"orig_connects":["tags","*"]}},"settings":{"enabled":false,"position":36},"meta":{"name":"去除知乎跳转","uuid":"4c6fe4a6-e5f5-4890-be7c-174b3a4e6b8e","modified":1579595936823,"file_url":"https://greasyfork.org/scripts/18625-%E5%8E%BB%E9%99%A4%E7%9F%A5%E4%B9%8E%E8%B7%B3%E8%BD%AC/code/%E5%8E%BB%E9%99%A4%E7%9F%A5%E4%B9%8E%E8%B7%B3%E8%BD%AC.user.js"}}