{"options":{"awareOfChrome":false,"check_for_updates":true,"comment":null,"compat_arrayleft":false,"compat_foreach":false,"compat_forvarin":false,"compat_metadata":false,"compat_uW_gmonkey":false,"compat_wrappedjsobject":false,"compatopts_for_requires":true,"noframes":null,"override":{"merge_connects":true,"merge_excludes":true,"merge_includes":true,"merge_matches":true,"orig_excludes":[],"orig_includes":[],"orig_matches":["*://*/*"],"orig_noframes":null,"orig_run_at":"document-idle","use_blockers":[],"use_connects":[],"use_excludes":[],"use_includes":[],"use_matches":[]},"run_at":null},"settings":{"enabled":false,"position":21},"meta":{"name":"居中 页面 对齐","uuid":"713654df-06c2-4552-bd0b-95c8d61be4a9","modified":1577422680449,"file_url":"https://greasyfork.org/scripts/391601-%E7%AE%80%E9%99%8B%E7%9A%84-%E5%B1%85%E4%B8%AD-%E9%A1%B5%E9%9D%A2-%E5%AF%B9%E9%BD%90-%E6%8C%89%E9%92%AE/code/%E7%AE%80%E9%99%8B%E7%9A%84%20%E5%B1%85%E4%B8%AD%20%E9%A1%B5%E9%9D%A2%20%E5%AF%B9%E9%BD%90%20%E6%8C%89%E9%92%AE.user.js"}}