{"options":{"awareOfChrome":false,"check_for_updates":true,"comment":null,"compat_arrayleft":false,"compat_foreach":false,"compat_forvarin":false,"compat_metadata":false,"compat_uW_gmonkey":false,"compat_wrappedjsobject":false,"compatopts_for_requires":true,"noframes":null,"override":{"merge_connects":true,"merge_excludes":true,"merge_includes":true,"merge_matches":true,"orig_excludes":[],"orig_includes":[],"orig_matches":["https://www.youtube.com/watch?v=*"],"orig_noframes":null,"orig_run_at":"document-idle","use_blockers":[],"use_connects":[],"use_excludes":[],"use_includes":[],"use_matches":[]},"run_at":null},"settings":{"enabled":false,"position":33},"meta":{"name":"油管视频旋转","uuid":"b19fc049-5f24-4c9a-9aa9-90f116344773","modified":1578395055558,"file_url":"https://greasyfork.org/scripts/375568-%E6%B2%B9%E7%AE%A1%E8%A7%86%E9%A2%91%E6%97%8B%E8%BD%AC/code/%E6%B2%B9%E7%AE%A1%E8%A7%86%E9%A2%91%E6%97%8B%E8%BD%AC.user.js"}}