{"options":{"awareOfChrome":false,"check_for_updates":true,"comment":null,"compat_arrayleft":false,"compat_foreach":false,"compat_forvarin":false,"compat_metadata":false,"compat_uW_gmonkey":false,"compat_wrappedjsobject":false,"compatopts_for_requires":true,"noframes":null,"override":{"merge_connects":true,"merge_excludes":true,"merge_includes":true,"merge_matches":true,"orig_connects":[],"orig_excludes":[],"orig_includes":[],"orig_matches":["https://www.google.com/search?*"],"orig_noframes":null,"orig_run_at":"document-idle","use_blockers":[],"use_connects":[],"use_excludes":[],"use_includes":[],"use_matches":[]},"run_at":null},"settings":{"enabled":true,"position":34},"meta":{"name":"红绿色弱用Google","uuid":"97f420e6-aabd-411e-aa65-4e83a43d0723","modified":1579575532466,"file_url":"https://greasyfork.org/scripts/387441-%E7%BA%A2%E7%BB%BF%E8%89%B2%E5%BC%B1%E7%94%A8google/code/%E7%BA%A2%E7%BB%BF%E8%89%B2%E5%BC%B1%E7%94%A8Google.user.js"}}