{"options":{"awareOfChrome":false,"check_for_updates":true,"comment":null,"compat_arrayleft":false,"compat_foreach":false,"compat_forvarin":false,"compat_metadata":false,"compat_uW_gmonkey":false,"compat_wrappedjsobject":false,"compatopts_for_requires":true,"noframes":null,"override":{"merge_connects":true,"merge_excludes":true,"merge_includes":true,"merge_matches":true,"orig_excludes":[],"orig_includes":[],"orig_matches":["*://pan.baidu.com/*","*://yun.baidu.com/*","*://share.weiyun.com/*","*://*.lanzous.com/*","*://*.newday.me/*"],"orig_noframes":null,"orig_run_at":"document-start","use_blockers":[],"use_connects":[],"use_excludes":[],"use_includes":[],"use_matches":[]},"run_at":null},"settings":{"enabled":false,"position":19},"meta":{"name":"网盘助手","uuid":"424819b7-0baa-406c-b031-179b29993912","modified":1576641289567,"file_url":"https://greasyfork.org/scripts/378301-%E7%BD%91%E7%9B%98%E5%8A%A9%E6%89%8B/code/%E7%BD%91%E7%9B%98%E5%8A%A9%E6%89%8B.user.js"}}