{"options":{"awareOfChrome":false,"check_for_updates":true,"comment":null,"compat_arrayleft":false,"compat_foreach":false,"compat_forvarin":false,"compat_metadata":false,"compat_uW_gmonkey":false,"compat_wrappedjsobject":false,"compatopts_for_requires":true,"noframes":null,"override":{"merge_connects":true,"merge_excludes":true,"merge_includes":true,"merge_matches":true,"orig_excludes":[],"orig_includes":[],"orig_matches":["*://*/*"],"orig_noframes":null,"orig_run_at":"document-idle","use_blockers":[],"use_connects":[],"use_excludes":[],"use_includes":[],"use_matches":[]},"run_at":null},"settings":{"enabled":false,"position":16},"meta":{"name":"获取网站所有图片","uuid":"f0e56957-7dcf-41f5-bc52-60e36206b727","modified":1574938966379,"file_url":"https://greasyfork.org/scripts/388066-%E8%8E%B7%E5%8F%96%E7%BD%91%E7%AB%99%E6%89%80%E6%9C%89%E5%9B%BE%E7%89%87/code/%E8%8E%B7%E5%8F%96%E7%BD%91%E7%AB%99%E6%89%80%E6%9C%89%E5%9B%BE%E7%89%87.user.js"}}