{"options":{"awareOfChrome":false,"check_for_updates":true,"comment":null,"compat_arrayleft":false,"compat_foreach":false,"compat_forvarin":false,"compat_metadata":false,"compat_uW_gmonkey":false,"compat_wrappedjsobject":false,"compatopts_for_requires":true,"noframes":null,"override":{"merge_connects":true,"merge_excludes":true,"merge_includes":true,"merge_matches":true,"orig_excludes":[],"orig_includes":["https://movie.douban.com/"],"orig_matches":["https://movie.douban.com/*","https://book.douban.com/*"],"orig_noframes":null,"orig_run_at":"document-start","use_blockers":[],"use_connects":[],"use_excludes":[],"use_includes":[],"use_matches":[]},"run_at":null},"settings":{"enabled":false,"position":28},"meta":{"name":"豆瓣电影 在线资源观看 BT资源 直接搜索下载","uuid":"f2346b78-5f09-4a8c-8439-0a8aab0ea580","modified":1577440602729,"file_url":"https://greasyfork.org/scripts/25958-%E8%B1%86%E7%93%A3-%E8%B1%86%E7%93%A3%E7%94%B5%E5%BD%B1-%E5%9C%A8%E7%BA%BF%E8%B5%84%E6%BA%90%E8%A7%82%E7%9C%8B-bt%E8%B5%84%E6%BA%90-%E7%9B%B4%E6%8E%A5%E6%90%9C%E7%B4%A2%E4%B8%8B%E8%BD%BD-%E6%9C%80%E6%96%B0%E7%BB%B4%E6%8A%A4%E7%89%88/code/%E8%B1%86%E7%93%A3%20%E8%B1%86%E7%93%A3%E7%94%B5%E5%BD%B1%20%E5%9C%A8%E7%BA%BF%E8%B5%84%E6%BA%90%E8%A7%82%E7%9C%8B%20BT%E8%B5%84%E6%BA%90%20%E7%9B%B4%E6%8E%A5%E6%90%9C%E7%B4%A2%E4%B8%8B%E8%BD%BD%5B%E6%9C%80%E6%96%B0%E7%BB%B4%E6%8A%A4%E7%89%88%5D.user.js"}}