{"options":{"check_for_updates":true,"comment":null,"compatopts_for_requires":true,"compat_wrappedjsobject":false,"compat_metadata":false,"compat_foreach":false,"compat_arrayleft":false,"compat_uW_gmonkey":false,"compat_forvarin":false,"noframes":null,"awareOfChrome":false,"run_at":null,"override":{"use_includes":[],"orig_includes":[],"merge_includes":true,"use_matches":[],"orig_matches":["https://movie.douban.com/subject/*"],"merge_matches":true,"use_excludes":[],"orig_excludes":[],"merge_excludes":true,"use_connects":[],"merge_connects":true,"use_blockers":[],"orig_run_at":"document-idle","orig_noframes":null,"orig_connects":[]}},"settings":{"enabled":false,"position":24},"meta":{"name":"DouPlay豆瓣电影播放","uuid":"866fd333-47a8-4fea-9d78-c3ea7eb865f7","modified":1575684339796,"file_url":"https://greasyfork.org/scripts/377259-douplay%E8%B1%86%E7%93%A3%E7%94%B5%E5%BD%B1%E6%92%AD%E6%94%BE/code/DouPlay%E8%B1%86%E7%93%A3%E7%94%B5%E5%BD%B1%E6%92%AD%E6%94%BE.user.js"}}