{"options":{"check_for_updates":true,"compatopts_for_requires":true,"compat_wrappedjsobject":false,"compat_metadata":false,"compat_foreach":false,"compat_arrayleft":false,"compat_uW_gmonkey":false,"compat_forvarin":false,"noframes":null,"awareOfChrome":false,"run_at":null,"override":{"merge_connects":true,"merge_excludes":true,"merge_includes":true,"merge_matches":true,"orig_excludes":[],"orig_includes":["https://www.google.com/search?*"],"orig_matches":[],"orig_noframes":null,"orig_run_at":"document-end","use_blockers":[],"use_connects":[],"use_excludes":[],"use_includes":[],"use_matches":[],"orig_connects":[]}},"settings":{"enabled":false,"position":12},"meta":{"name":"google_http_warning","uuid":"a9653727-4810-4de3-a420-31e05bbf6b6c","modified":1577422714937,"file_url":"https://greasyfork.org/scripts/378041-google-http-warning/code/google_http_warning.user.js"}}