{"options":{"check_for_updates":true,"comment":null,"compatopts_for_requires":true,"compat_wrappedjsobject":false,"compat_metadata":false,"compat_foreach":false,"compat_arrayleft":false,"compat_uW_gmonkey":false,"compat_forvarin":false,"noframes":null,"awareOfChrome":false,"run_at":null,"override":{"use_includes":[],"orig_includes":[],"merge_includes":true,"use_matches":[],"orig_matches":["https://www.youtube.com/*"],"merge_matches":true,"use_excludes":[],"orig_excludes":[],"merge_excludes":true,"use_connects":[],"merge_connects":true,"use_blockers":[],"orig_run_at":"document-start","orig_noframes":null,"orig_connects":[]}},"settings":{"enabled":false,"position":26},"meta":{"name":"Plain old youtube (2019) Dark","uuid":"b0dc384b-547e-4a73-81f9-a0813accc57a","modified":1575178764868,"file_url":"https://greasyfork.org/scripts/393061-plain-old-youtube-2019-dark/code/Plain%20old%20youtube%20(2019)%20Dark.user.js"}}