{"options":{"check_for_updates":true,"comment":null,"compatopts_for_requires":true,"compat_wrappedjsobject":false,"compat_metadata":false,"compat_foreach":false,"compat_arrayleft":false,"compat_uW_gmonkey":false,"compat_forvarin":false,"noframes":null,"awareOfChrome":false,"run_at":null,"override":{"use_includes":[],"orig_includes":["http*://*youtube.com/*"],"merge_includes":true,"use_matches":[],"orig_matches":[],"merge_matches":true,"use_excludes":[],"orig_excludes":[],"merge_excludes":true,"use_connects":[],"merge_connects":true,"use_blockers":[],"orig_run_at":"document-idle","orig_noframes":null,"orig_connects":[]}},"settings":{"enabled":false,"position":23},"meta":{"name":"youtube播放视频倍速自定义，可记忆","uuid":"7c44c5a2-f3ae-4f7b-bdd8-8ce4600a3725","modified":1575177865386,"file_url":"https://greasyfork.org/scripts/381176-youtube%E6%92%AD%E6%94%BE%E8%A7%86%E9%A2%91%E5%80%8D%E9%80%9F%E8%87%AA%E5%AE%9A%E4%B9%89-%E5%8F%AF%E8%AE%B0%E5%BF%86/code/youtube%E6%92%AD%E6%94%BE%E8%A7%86%E9%A2%91%E5%80%8D%E9%80%9F%E8%87%AA%E5%AE%9A%E4%B9%89%EF%BC%8C%E5%8F%AF%E8%AE%B0%E5%BF%86.user.js"}}