{"options":{"check_for_updates":true,"comment":null,"compatopts_for_requires":true,"compat_wrappedjsobject":false,"compat_metadata":false,"compat_foreach":false,"compat_arrayleft":false,"compat_uW_gmonkey":false,"compat_forvarin":false,"noframes":null,"awareOfChrome":false,"run_at":null,"override":{"use_includes":[],"orig_includes":[],"merge_includes":true,"use_matches":[],"orig_matches":["*://*/*"],"merge_matches":true,"use_excludes":[],"orig_excludes":[],"merge_excludes":true,"use_connects":[],"merge_connects":true,"use_blockers":[],"orig_run_at":"document-idle","orig_noframes":null,"orig_connects":[]}},"settings":{"enabled":false,"position":22},"meta":{"name":"居中 页面 对齐","uuid":"713654df-06c2-4552-bd0b-95c8d61be4a9","modified":1577422680449,"file_url":"https://greasyfork.org/scripts/391601-%E7%AE%80%E9%99%8B%E7%9A%84-%E5%B1%85%E4%B8%AD-%E9%A1%B5%E9%9D%A2-%E5%AF%B9%E9%BD%90-%E6%8C%89%E9%92%AE/code/%E7%AE%80%E9%99%8B%E7%9A%84%20%E5%B1%85%E4%B8%AD%20%E9%A1%B5%E9%9D%A2%20%E5%AF%B9%E9%BD%90%20%E6%8C%89%E9%92%AE.user.js"}}