{"options":{"check_for_updates":true,"comment":null,"compatopts_for_requires":true,"compat_wrappedjsobject":false,"compat_metadata":false,"compat_foreach":false,"compat_arrayleft":false,"compat_uW_gmonkey":false,"compat_forvarin":false,"noframes":null,"awareOfChrome":false,"run_at":null,"override":{"use_includes":[],"orig_includes":[],"merge_includes":true,"use_matches":[],"orig_matches":["https://www.google.com/search*"],"merge_matches":true,"use_excludes":[],"orig_excludes":[],"merge_excludes":true,"use_connects":[],"merge_connects":true,"use_blockers":[],"orig_run_at":"document-start","orig_noframes":null,"orig_connects":[]}},"settings":{"enabled":false,"position":28},"meta":{"name":"谷歌搜索结果居中","uuid":"d87c6836-e7cb-49c4-8457-74c6c2552ed4","modified":1576140604755,"file_url":"https://greasyfork.org/scripts/378203-%E8%B0%B7%E6%AD%8C%E6%90%9C%E7%B4%A2%E7%BB%93%E6%9E%9C%E5%B1%85%E4%B8%AD/code/%E8%B0%B7%E6%AD%8C%E6%90%9C%E7%B4%A2%E7%BB%93%E6%9E%9C%E5%B1%85%E4%B8%AD.user.js"}}