{"options":{"check_for_updates":true,"comment":null,"compatopts_for_requires":true,"compat_wrappedjsobject":false,"compat_metadata":false,"compat_foreach":false,"compat_arrayleft":false,"compat_uW_gmonkey":false,"compat_forvarin":false,"noframes":null,"awareOfChrome":false,"run_at":null,"override":{"use_includes":[],"orig_includes":[],"merge_includes":true,"use_matches":[],"orig_matches":["https://*.douban.com/*"],"merge_matches":true,"use_excludes":[],"orig_excludes":[],"merge_excludes":true,"use_connects":[],"merge_connects":true,"use_blockers":[],"orig_run_at":"document-idle","orig_noframes":null,"orig_connects":[]}},"settings":{"enabled":false,"position":30},"meta":{"name":"豆瓣高清图-douban high resolution image","uuid":"f33c45a0-ad4a-4342-8365-3095c166b1de","modified":1576730225908,"file_url":"https://greasyfork.org/scripts/369448-%E8%B1%86%E7%93%A3%E9%AB%98%E6%B8%85%E5%9B%BE-douban-high-resolution-image/code/%E8%B1%86%E7%93%A3%E9%AB%98%E6%B8%85%E5%9B%BE-douban%20high%20resolution%20image.user.js"}}