{"options":{"check_for_updates":true,"comment":null,"compatopts_for_requires":true,"compat_wrappedjsobject":false,"compat_metadata":false,"compat_foreach":false,"compat_arrayleft":false,"compat_uW_gmonkey":false,"compat_forvarin":false,"noframes":null,"awareOfChrome":false,"run_at":null,"override":{"merge_connects":true,"merge_excludes":true,"merge_includes":true,"merge_matches":true,"orig_excludes":["*/test/*.html*","http://acid3.acidtests.org/*","http://www.acfun.tv/*","http://www.sf-express.com/*","http://furk.net/*"],"orig_includes":["*"],"orig_matches":[],"orig_noframes":null,"orig_run_at":"document-end","use_blockers":[],"use_connects":[],"use_excludes":[],"use_includes":[],"use_matches":[],"orig_connects":["google.com","google.cn","google.com","translate.google.cn"]}},"settings":{"enabled":true,"position":1},"meta":{"name":"Popup Search","uuid":"3880ff3a-0384-4f45-aacd-24aebc0cd220","modified":1573552469882,"file_url":"https://greasyfork.org/scripts/340-popup-search/code/Popup%20Search.user.js"}}