{"action_menu_columns":"1","action_menu_scripts_hide_disabled":false,"action_menu_scripts_sort":"enabled","appearance_badge_color":"#222","appearance_badges":"running_unique","autoReload":true,"configMode":100,"external_update_interval":0,"notification_silentScriptUpdate":false,"scriptUpdateCheckPeriod":0,"scriptUpdateHideNotificationAfter":0,"script_blacklist_server":[{"rules":["/https?:\\/\\/userscripts\\.org\\/scripts\\/(source|version)/(102614).*\\.user\\.js/"],"severity":"2"},{"name":"SaveFrom.net helper","reason":"Shows advertisements","rules":["/https?:\\/\\/sf-addon\\.com\\/.*\\/.*\\.user\\.js/","/https?:\\/\\/.*\\.sf-helper\\.com\\/.*\\.user\\.js/"],"severity":"3"}],"statistics_enabled":false,"enabled":true}