{"options":{"check_for_updates":true,"comment":null,"compatopts_for_requires":true,"compat_wrappedjsobject":false,"compat_metadata":false,"compat_foreach":false,"compat_arrayleft":false,"compat_uW_gmonkey":false,"compat_forvarin":false,"noframes":null,"awareOfChrome":false,"run_at":null,"override":{"use_includes":[],"orig_includes":[],"merge_includes":true,"use_matches":[],"orig_matches":["*://www.bilibili.com/bangumi/play/ep*","*://www.bilibili.com/bangumi/play/ss*","*://www.bilibili.com/video/av*","*://www.bilibili.com/watchlater/*"],"merge_matches":true,"use_excludes":[],"orig_excludes":[],"merge_excludes":true,"use_connects":[],"merge_connects":true,"use_blockers":[],"orig_run_at":"document-idle","orig_noframes":null,"orig_connects":[]}},"settings":{"enabled":true,"position":12},"meta":{"name":"bilibili H5播放器快捷操作","uuid":"f14d386f-d3a5-4fbc-8557-bb8661a80f68","modified":1559720515057,"file_url":"https://greasyfork.org/scripts/26939-bilibili-h5%E6%92%AD%E6%94%BE%E5%99%A8%E5%BF%AB%E6%8D%B7%E6%93%8D%E4%BD%9C/code/bilibili%20%20H5%E6%92%AD%E6%94%BE%E5%99%A8%E5%BF%AB%E6%8D%B7%E6%93%8D%E4%BD%9C.user.js"}}