{"ts":1559723333305,"data":{"dblclick":"n0","hint":"n1","autoHint":"n1","reloadPart":"n0","globalHotKey":"n0","hideSenderBar":"n0","widescreenScroll2Top":"n0","widescreenSetOnTop":"n1","lightOffWhenPlaying":"n1","lightOnWhenPause":"n0","ultraWidescreen":"n0","customUltraWidescreenHeight":"n0","customPlayerHeight":"n0","bottomTitle":"n0","danmukuBoxAfterMultiPage":"n0","danmuColor":"n0","danmuMask":"n0","danmuOFF":"n1","bangumiDanmuOFF":"n0","danmuTopOFF":"n0","danmuBottomOFF":"n0","danmuScrollOFF":"n0","playAndPause":"n1","jump":"n1","lightOff":"n0","fullscreen":"n0","webFullscreen":"n0","widescreen":"n0","highQuality":"n0","vipHighQuality":"n0","moreDescribe":"n1","danmuList":"n0","lightOn":"n1","exitScreen":"n1","exit2WideScreen":"n0","autoJumpContent":"n1","quickDo-fullscreen":"sf","quickDo-webFullscreen":"sw","quickDo-widescreen":"sq","quickDo-subSpeed":"s[","quickDo-addSpeed":"s.","quickDo-resetSpeed":"s/","quickDo-danmu":"sd","quickDo-playAndPause":"sp","quickDo-prevPart":"sk","quickDo-nextPart":"sl","quickDo-showDanmuInput":"senter","quickDo-mirror":"sj","quickDo-danmuTop":"st","quickDo-danmuBottom":"sb","quickDo-danmuScroll":"ss","quickDo-danmuPrevent":"sc","quickDo-rotateRight":"so","quickDo-rotateLeft":"si","quickDo-lightOff":"sm","quickDo-download":"sz","quickDo-seek":"sx","quickDo-mute":"sm","quickDo-jump":"s","quickDo-scroll2Top":"s","quickDo-jumpContent":"s","quickDo-playerSetOnTop":"s","quickDo-setRepeatStart":"s","quickDo-setRepeatEnd":"s","quickDo-resetRepeat":"s","quickDo-subVolume":"s","quickDo-addVolume":"s","quickDo-subProgress":"s","quickDo-addProgress":"s"}}