{"data":{"autoHint":"n1","autoJumpContent":"n1","bangumiDanmuOFF":"n0","bottomTitle":"n1","customPlayerHeight":"n0","customUltraWidescreenHeight":"n0","danmuBottomOFF":"n0","danmuColor":"n0","danmuList":"n0","danmuMask":"n0","danmuOFF":"n1","danmuScrollOFF":"n0","danmuTopOFF":"n0","danmukuBoxAfterMultiPage":"n0","dblclick":"n0","exit2WideScreen":"n0","exitScreen":"n1","fullscreen":"n0","globalHotKey":"n0","hideSenderBar":"n0","highQuality":"n0","hint":"n1","jump":"n0","lightOff":"n0","lightOffWhenPlaying":"n1","lightOn":"n1","lightOnWhenPause":"n1","moreDescribe":"n1","playAndPause":"n0","quickDo-addProgress":"s","quickDo-addSpeed":"s.","quickDo-addVolume":"s","quickDo-danmu":"sd","quickDo-danmuBottom":"sb","quickDo-danmuPrevent":"sc","quickDo-danmuScroll":"ss","quickDo-danmuTop":"st","quickDo-download":"sz","quickDo-fullscreen":"sf","quickDo-jump":"s","quickDo-jumpContent":"s","quickDo-lightOff":"sy","quickDo-mirror":"sj","quickDo-mute":"sm","quickDo-nextPart":"sl","quickDo-playAndPause":"sp","quickDo-playerSetOnTop":"s","quickDo-prevPart":"sk","quickDo-resetRepeat":"s","quickDo-resetSpeed":"s/","quickDo-rotateLeft":"si","quickDo-rotateRight":"so","quickDo-scroll2Top":"s","quickDo-seek":"sx","quickDo-setRepeatEnd":"s","quickDo-setRepeatStart":"s","quickDo-showDanmuInput":"senter","quickDo-subProgress":"s","quickDo-subSpeed":"s[","quickDo-subVolume":"s","quickDo-webFullscreen":"sw","quickDo-widescreen":"sq","reloadPart":"n0","ultraWidescreen":"n0","vipHighQuality":"n0","webFullscreen":"n0","widescreen":"n0","widescreenScroll2Top":"n0","widescreenSetOnTop":"n1"},"ts":1566008757339}