{"data":{"iciba_store":"s{\"core\":{\"defaultProvider\":\"ICIBA\",\"icibaCircleRightClick\":true,\"icibaCircleRightClickProvider\":\"GOOGLE_TRANSLATE\",\"pressCtrlToDrag\":true,\"pressCtrlToShowCircle\":false,\"mouseOverTranslate\":true,\"icibaMainWidth\":300,\"icibaCircleSize\":22,\"icibaCircleOffsetX\":7,\"icibaCircleOffsetY\":7,\"selectionMaxLengthCut\":false,\"selectionMaxLength\":150,\"showPin\":false,\"pinned\":false},\"ICIBA\":{\"icon\":\"iciba_1362193\",\"display\":true},\"GOOGLE_DICT\":{\"icon\":\"type_0_google\",\"display\":false,\"foldStatus\":\"UNFOLD\"},\"GOOGLE_TRANSLATE\":{\"icon\":\"type_1_translate_281759\",\"display\":true,\"translateHost\":\"GOOGLE_CN\",\"targetLanguage\":\"zh-CN\",\"secondTargetLanguage\":\"en\"},\"BAIDU_TRANSLATE\":{\"icon\":\"baiduCircle\",\"display\":true,\"targetLanguage\":\"zh\",\"secondTargetLanguage\":\"en\"},\"SOUGOU_TRANSLATE\":{\"icon\":\"icon_with_circle\",\"display\":false,\"targetLanguage\":\"zh-CHS\",\"secondTargetLanguage\":\"en\"},\"URBAN_DICTIONARY\":{\"icon\":\"urbanDictionary\",\"display\":true}}"},"ts":1562033614563}