{"options":{"awareOfChrome":false,"check_for_updates":true,"comment":null,"compat_arrayleft":false,"compat_foreach":false,"compat_forvarin":false,"compat_metadata":false,"compat_uW_gmonkey":false,"compat_wrappedjsobject":false,"compatopts_for_requires":true,"noframes":null,"override":{"merge_connects":true,"merge_excludes":true,"merge_includes":true,"merge_matches":true,"orig_excludes":[],"orig_includes":["*://*.iqiyi.com/*","*://v.baidu.com/*","*://music.baidu.com/mv/*","*://www.zybus.com/*"],"orig_matches":[],"orig_noframes":null,"orig_run_at":"document-start","use_blockers":[],"use_connects":[],"use_excludes":[],"use_includes":[],"use_matches":[]},"run_at":null},"settings":{"enabled":true,"position":8},"meta":{"name":"iqiyi-player-switch","uuid":"20f68bb6-b806-4510-ba2e-78fe6aac2b3e","modified":1559720504507,"file_url":"https://greasyfork.org/scripts/28356-iqiyi-player-switch/code/iqiyi-player-switch.user.js"}}