{"configMode":100,"notification_silentScriptUpdate":false,"script_blacklist_server":[{"rules":["/https?:\\/\\/userscripts\\.org\\/scripts\\/(source|version)/(102614).*\\.user\\.js/"],"severity":"2"},{"name":"SaveFrom.net helper","reason":"Shows advertisements","rules":["/https?:\\/\\/sf-addon\\.com\\/.*\\/.*\\.user\\.js/","/https?:\\/\\/.*\\.sf-helper\\.com\\/.*\\.user\\.js/"],"severity":"3"}],"statistics_enabled":false,"layout":"default","layout_user_css":"","notification_showUpdate":"changelog","favicon_service":"native","native_import":false,"native_import_post_action":"disable","native_import_path":""}