{"options":{"check_for_updates":true,"comment":null,"compatopts_for_requires":true,"compat_wrappedjsobject":false,"compat_metadata":false,"compat_foreach":false,"compat_arrayleft":false,"compat_uW_gmonkey":false,"compat_forvarin":false,"noframes":null,"awareOfChrome":false,"run_at":null,"override":{"use_includes":[],"orig_includes":[],"merge_includes":true,"use_matches":[],"orig_matches":["*://*.v2ex.com/*"],"merge_matches":true,"use_excludes":[],"orig_excludes":[],"merge_excludes":true,"use_connects":[],"merge_connects":true,"use_blockers":[],"orig_run_at":"document-idle","orig_noframes":null}},"settings":{"enabled":true,"position":5},"meta":{"name":"V2EX新标签打开帖子","uuid":"504b12fb-7168-4de6-8e63-559bb177f27b","modified":1559720498610,"file_url":"https://greasyfork.org/scripts/34829-v2ex%E6%96%B0%E6%A0%87%E7%AD%BE%E6%89%93%E5%BC%80%E5%B8%96%E5%AD%90/code/V2EX%E6%96%B0%E6%A0%87%E7%AD%BE%E6%89%93%E5%BC%80%E5%B8%96%E5%AD%90.user.js"}}