{"options":{"check_for_updates":true,"comment":null,"compatopts_for_requires":true,"compat_wrappedjsobject":false,"compat_metadata":false,"compat_foreach":false,"compat_arrayleft":false,"compat_uW_gmonkey":false,"compat_forvarin":false,"noframes":null,"awareOfChrome":false,"run_at":null,"override":{"use_includes":[],"orig_includes":[],"merge_includes":true,"use_matches":[],"orig_matches":["*://www.v2ex.com/*"],"merge_matches":true,"use_excludes":[],"orig_excludes":[],"merge_excludes":true,"use_connects":[],"merge_connects":true,"use_blockers":[],"orig_run_at":"document-idle","orig_noframes":null}},"settings":{"enabled":true,"position":6},"meta":{"name":"V2EX帖子盖楼显示","uuid":"05f63498-57dd-4fab-9ba5-edba874b893f","modified":1559720500348,"file_url":"https://greasyfork.org/scripts/371199-v2ex%E5%B8%96%E5%AD%90%E7%9B%96%E6%A5%BC%E6%98%BE%E7%A4%BA/code/V2EX%E5%B8%96%E5%AD%90%E7%9B%96%E6%A5%BC%E6%98%BE%E7%A4%BA.user.js"}}