{"options":{"check_for_updates":true,"comment":null,"compatopts_for_requires":true,"compat_wrappedjsobject":false,"compat_metadata":false,"compat_foreach":false,"compat_arrayleft":false,"compat_uW_gmonkey":false,"compat_forvarin":false,"noframes":null,"awareOfChrome":false,"run_at":null,"override":{"use_includes":[],"orig_includes":[],"merge_includes":true,"use_matches":[],"orig_matches":["*://*.v2ex.com/*"],"merge_matches":true,"use_excludes":[],"orig_excludes":[],"merge_excludes":true,"use_connects":[],"merge_connects":true,"use_blockers":[],"orig_run_at":"document-idle","orig_noframes":null}},"settings":{"enabled":true,"position":7},"meta":{"name":"V2EX链接移除楼层标签锚","uuid":"6d8dfd14-5c92-49e4-9148-8fad94ae1ffe","modified":1559720502246,"file_url":"https://greasyfork.org/scripts/375440-v2ex%E9%93%BE%E6%8E%A5%E7%A7%BB%E9%99%A4%E6%A5%BC%E5%B1%82%E6%A0%87%E7%AD%BE%E9%94%9A/code/V2EX%E9%93%BE%E6%8E%A5%E7%A7%BB%E9%99%A4%E6%A5%BC%E5%B1%82%E6%A0%87%E7%AD%BE%E9%94%9A.user.js"}}