{"data":{"debug":"bfalse","extent":"bfalse","long_weibo_cache":"s{\"4406228689896795\":{\"html\":null,\"count\":1474,\"br\":16},\"4406228526556227\":{\"html\":\" 【随笔札记：为啥李嘉诚广告的解读歧异纷呈？香港地产金融权贵集团巧取豪夺，是造成社会剧烈震荡的深层因素！痛定思痛，香港的稳定发展需要设计新战略！】8月16日，我发表微博43条，阅读量达到888.4万在校园领域排名第二。热点话题依然是<a target=\\\"_blank\\\" render=\\\"ext\\\" suda-uatrack=\\\"key=topic_click&value=click_topic\\\" class=\\\"a_topic\\\" extra-data=\\\"type=topic\\\" href=\\\"//s.weibo.com/weibo?q=%23%E5%8F%8D%E5%AF%B9%E6%B0%91%E6%97%8F%E5%88%86%E8%A3%82%EF%BC%8C%E6%8D%8D%E5%8D%AB%E7%A5%96%E5%9B%BD%E7%BB%9F%E4%B8%80%23&from=default\\\">#反对民族分裂，捍卫祖国统一#</a>阅读量超过100万的微博是：昨天上午发布的：【李嘉诚为啥在《大公报》上刊登“黄台之瓜，何堪再摘”？】<a  title=\\\"习五一\\\" href=\\\"http://t.cn/AiHjPRQJ\\\" alt=\\\"http://t.cn/AiHjPRQJ\\\" action-type=\\\"fl_url_addparams\\\" target=\\\"_blank\\\" rel=\\\"noopener noreferrer\\\"><i class=\\\"W_ficon ficon_cd_link\\\">O</i>习五一</a>这条微博24小时的阅读量超过325万。<br><br>这条微博刚刚发布后评论就被关闭，无法与网友互动。我只好自己编写评论，“香港风波持续两月有余。李嘉诚在香港多家报纸上刊出：“黄台之瓜，何堪再摘”。此句出自武则天之子、太子李贤的《黄台瓜辞》，原意为讽喻规劝武后，做事留有余地，切勿对亲子一味猜忌、过度杀戮。全文为：种瓜黄台下，瓜熟子离离。一摘使瓜好，再摘令瓜稀。三摘尚自可，摘绝抱蔓归。”<br><br>随后，将我的评论转发置顶。再次转发的微博，评论没有被关闭，终于可以看到部分网友的评论。我的粉丝绝大多数质疑李嘉诚！有网友发来港废关于李嘉诚广告的宣传画，港废的五大诉求可以与李嘉诚的广告同窗，港废文宣妖言惑众的本领不可小视！为啥李嘉诚广告的解读歧异纷呈？香港地产金融权贵集团巧取豪夺，是造成社会剧烈震荡深层因素！痛定思痛，香港的稳定发展需要设计新战略！\",\"count\":535,\"br\":4},\"4406228371359592\":{\"html\":null,\"count\":931,\"br\":52},\"4406228367239306\":{\"html\":null,\"count\":641,\"br\":14},\"4406228312862774\":{\"html\":\" 【狐狸尾巴露出来了！“港独”集会公然勾结英美<img class=\\\"W_img_face\\\" render=\\\"ext\\\" src=\\\"//img.t.sinajs.cn/t4/appstyle/expression/ext/normal/f6/2018new_nu_org.png\\\" title=\\\"[怒]\\\" alt=    \\\"[怒]\\\" type=\\\"face\\\" />】据香港“东网”8月16日报道，香港“大专院校学生会”16日晚于中环遮打花园举行集会，打出旗号勾英结美，叫嚣“英美港盟”。 本次集会现场示威未见佩戴头盔，穿黑衣人数比例也较以往少，集会示威者估计约有3000人。有示威者挥舞美国国旗、英国国旗和台湾地区的民进党旗帜。 集会演讲者包括香港前立法会议员吴霭仪、香港“港独”组织“众志”秘书长黄之锋、前“民族党”召集人陈浩天、“港独”歌手何韵诗等人。 <a  suda-uatrack=\\\"key=tblog_card&value=click_title:4406228312862774:3000000023-webpage:3000000023%3A0cbe114156e517fb41e746187bffaa2b\\\" title=\\\"狐狸尾巴露出来了！“港独”集会公然勾结英美\\\" href=\\\"http://t.cn/AiH8Hewh\\\" alt=\\\"http://t.cn/AiH8Hewh\\\" action-type=\\\"feed_list_url\\\" target=\\\"_blank\\\" rel=\\\"noopener noreferrer\\\"><i class=\\\"W_ficon ficon_cd_link\\\">O</i>狐狸尾巴露出来了！“港独”集会公然勾结英美</a>\",\"count\":235,\"br\":0},\"4406228287908796\":{\"html\":\" Q2仅增长0.5%，香港政府发半年经济报告：上半年状况为近10年最弱！<br>看来，要是这种低增长情况若持续下去，不用10年，估计5-6年，香港人均GDP就有被深圳超出的风险。啰嗦的边检，让香港和内地联系不如深圳和腹地联系方便，前店后厂的店被深圳慢慢拿走了不少。<br><br>8月16日，香港特区政府发表《二零一九年半年经济报告》和2019年第二季度的本地生产总值修订数字。数据显示，香港今年上半年的经济状况是2009年衰退以来最弱。<br><br>香港特区政府经济顾问欧锡熊在发布会上介绍说，香港经济继续面对显著的下行压力，2019年第二季度同比微增0.5%，较上一季0.6%的增幅稍慢。香港今年上半年的经济状况是2009年衰退以来最弱。今年全年实质本地生产总值增长预测，由五月复检时的2%至3%，下调至此轮复检的0至1%。随着环球经济增长偏软、美中在贸易及科技范畴的摩擦升温，连带亚洲的制造业和贸易活动放缓，外部需求在第二季收缩。香港经济气氛受经济状况欠佳及各种不利因素影响，内部需求因而维持疲软。\",\"count\":408,\"br\":5},\"4406228777844657\":{\"html\":\" 索尼的漫威超级英雄新片<a target=\\\"_blank\\\" render=\\\"ext\\\" suda-uatrack=\\\"key=topic_click&value=click_topic\\\" class=\\\"a_topic\\\" extra-data=\\\"type=topic\\\" href=\\\"//s.weibo.com/weibo?q=%23%E6%AF%92%E6%B6%B22%23&from=default\\\">#毒液2#</a>找到摄影师：常与昆汀、斯科塞斯合作的知名摄影师罗伯特·理查森，作品包括《好莱坞往事》《杀死比尔》《无耻混蛋》《飞行家》《雨果》《禁闭岛》等等。<br>这也显示了《毒液2》进度蛮快。该片不久前定下导演为安迪·瑟金斯，男女主角汤姆·哈迪、米歇尔·威廉姆斯和毒液本液都回归。计划秋天开拍，明年10月北美上映。\",\"count\":159,\"br\":1},\"4406227679567557\":{\"html\":\" TED演讲：如何面对生活中的起起落落?<br>热爱写作的她曾连续6年收到拒信，后来写出了世界级畅销书《美食、祈祷和恋爱》，还被改编为同名电影。Elizabeth Gilbert在享受了成功带来的喜悦后，很快就迷失了方向，甚至一度丧失了创作能力。后来她从以前的经历中找到了答案，我们该如何面对成功与失败。<a  suda-uatrack=\\\"key=tblog_card&value=click_title:4406227679567557:1034-video:1034%3A4311827610594910:weibodetail:1596329427:4406227679567557:1596329427\\\" title=\\\"雅思口语的秒拍视频\\\" href=\\\"http://t.cn/ELHXTYv\\\" alt=\\\"http://t.cn/ELHXTYv\\\" action-type=\\\"feed_list_url\\\" target=\\\"_blank\\\" rel=\\\"noopener noreferrer\\\"><i class=\\\"W_ficon ficon_cd_video\\\">L</i>雅思口语的秒拍视频</a> <a suda-uatrack=\\\"key=minicard&value=pagelink_minicard_click\\\" title=\\\"网页链接\\\" href=\\\"http://t.cn/AiHnIl8V\\\" alt=\\\"http://t.cn/AiHnIl8V\\\" action-type=\\\"feed_list_url\\\" target=\\\"_blank\\\" rel=\\\"noopener noreferrer\\\"><i class=\\\"W_ficon ficon_cd_link\\\">O</i>网页链接</a>\",\"count\":151,\"br\":1},\"4406227922566079\":{\"html\":\" 【<a target=\\\"_blank\\\" render=\\\"ext\\\" suda-uatrack=\\\"key=topic_click&value=click_topic\\\" class=\\\"a_topic\\\" extra-data=\\\"type=topic\\\" href=\\\"//s.weibo.com/weibo?q=%23%E6%9F%B3%E4%BC%A0%E5%BF%97%E8%B0%88%E5%8D%8E%E4%B8%BA%23&from=default\\\">#柳传志谈华为#</a>：芯片市场中国占了32% 真要杠起来美国股东不干】8月17日，在2019<a target=\\\"_blank\\\" render=\\\"ext\\\" suda-uatrack=\\\"key=topic_click&value=click_topic\\\" class=\\\"a_topic\\\" extra-data=\\\"type=topic\\\" href=\\\"//s.weibo.com/weibo?q=%23%E4%BA%9A%E5%B8%83%E5%8A%9B%E8%AE%BA%E5%9D%9B%E5%A4%8F%E5%AD%A3%E9%AB%98%E5%B3%B0%E4%BC%9A%23&from=default\\\">#亚布力论坛夏季高峰会#</a>上，联想控股董事长柳传志表示，<a target=\\\"_blank\\\" render=\\\"ext\\\" suda-uatrack=\\\"key=topic_click&value=click_topic\\\" class=\\\"a_topic\\\" extra-data=\\\"type=topic\\\" href=\\\"//s.weibo.com/weibo?q=%23%E5%8D%8E%E4%B8%BA%E4%B8%80%E6%88%98%E6%98%AF%E9%9D%9E%E6%8A%A2%E4%B8%8D%E5%8F%AF%E7%9A%84%E7%A7%91%E6%8A%80%E6%88%98%E7%95%A5%E5%88%B6%E9%AB%98%E7%82%B9%23&from=default\\\">#华为一战是非抢不可的科技战略制高点#</a>。中国和美国占了全世界芯片市场54%，中国占了32%。凡是跟中国有利益相关的美国商人真要跟中国杠起来，你不想想他的股东干不干。<a  suda-uatrack=\\\"key=tblog_card&value=click_title:4406227922566079:2017607-video:2017607%3A4406223928540762:weibodetail:6153259652:4406227922566079:6153259652\\\" title=\\\"大佬时间的秒拍视频\\\" href=\\\"http://t.cn/AiHn4MXg\\\" alt=\\\"http://t.cn/AiHn4MXg\\\" action-type=\\\"feed_list_url\\\" target=\\\"_blank\\\" rel=\\\"noopener noreferrer\\\"><i class=\\\"W_ficon ficon_cd_video\\\">L</i>大佬时间的秒拍视频</a>\",\"count\":153,\"br\":0},\"4406227754777195\":{\"html\":\" 【韩国人气组合防弹少年团将迎来出道后首次长期休假 聚光灯下那些年轻而疲惫的“爱豆”】&quot;It was like The Beatles were here,&quot; this is how American comedian and talk show host Ellen DeGeneres described the scenes at Los Angeles airport when the South Korean pop band BTS arrived in the U.S. to perform at the 2017 American Music Awards. According to a New York Times article, audience screams during a 2017 concert in Chile, &quot;when the band was not even performing, reached an ear-splitting 127 decibels, well past the noise level at which permanent hearing loss becomes a serious concern.&quot; So if you are still oblivious to &quot;Korean idols&quot; BTS, perhaps it's time for you to surrender to the inevitable because these K-pop sensations are already ruling the world. But there's a twist in the story! BigHit Entertainment, the music company that manages the seven-member all-boy band, announced last week that the group for the first time since their debut in 2013 would be taking &quot;an official and extended period of rest and relaxation,&quot; adding that &quot;this will also provide them with a chance to enjoy ordinary lives of young people in their 20s.&quot; For more: <a suda-uatrack=\\\"key=minicard&value=pagelink_minicard_click\\\" title=\\\"网页链接\\\" href=\\\"http://t.cn/AiHnIuho\\\" alt=\\\"http://t.cn/AiHnIuho\\\" action-type=\\\"feed_list_url\\\" target=\\\"_blank\\\" rel=\\\"noopener noreferrer\\\"><i class=\\\"W_ficon ficon_cd_link\\\">O</i>网页链接</a>\",\"count\":578,\"br\":0},\"4406227838545929\":{\"html\":\" 8月15日收视率报告 《基本演绎法》剧终收视不变<br><a suda-uatrack=\\\"key=minicard&value=pagelink_minicard_click\\\" title=\\\"网页链接\\\" href=\\\"http://t.cn/AiHnMPoS\\\" alt=\\\"http://t.cn/AiHnMPoS\\\" action-type=\\\"feed_list_url\\\" target=\\\"_blank\\\" rel=\\\"noopener noreferrer\\\"><i class=\\\"W_ficon ficon_cd_link\\\">O</i>网页链接</a><br><br>CBS的《<a target=\\\"_blank\\\" render=\\\"ext\\\" suda-uatrack=\\\"key=topic_click&value=click_topic\\\" class=\\\"a_topic\\\" extra-data=\\\"type=topic\\\" href=\\\"//s.weibo.com/weibo?q=%23%E8%80%81%E5%A4%A7%E5%93%A5%23&from=default\\\">#老大哥#</a>》再度与上周四集持平，而终于走到最终集的《<a target=\\\"_blank\\\" render=\\\"ext\\\" suda-uatrack=\\\"key=topic_click&value=click_topic\\\" class=\\\"a_topic\\\" extra-data=\\\"type=topic\\\" href=\\\"//s.weibo.com/weibo?q=%23%E5%9F%BA%E6%9C%AC%E6%BC%94%E7%BB%8E%E6%B3%95%23&from=default\\\">#基本演绎法#</a>》收视不变，留在倒数第二低的位置。<br><br>CW的《前哨》及《<a target=\\\"_blank\\\" render=\\\"ext\\\" suda-uatrack=\\\"key=topic_click&value=click_topic\\\" class=\\\"a_topic\\\" extra-data=\\\"type=topic\\\" href=\\\"//s.weibo.com/weibo?q=%23%E4%B8%A4%E5%8F%A5%E6%81%90%E6%80%96%E6%95%85%E4%BA%8B%23&from=default\\\">#两句恐怖故事#</a>》全体持平，ABC的《暗礁》留在谷底。<br><br>星期四有线节目<br><br>USA 《南方女王 Queen of the South》收视人数88.6万，收视率0.3 →<br>FX 《小丑梦摇篮 Baskets》收视人数32万，收视率0.1 ↑<br><br>发布了头条文章：《8月15日收视率报告 《基本演绎法》剧终收视不变》&nbsp;&nbsp;<a  suda-uatrack=\\\"key=tblog_card&value=click_title:4406227838545929:1022-article:1022%3A2309404406227835683034:weibodetail:1639653827:4406227838545929:1639653827\\\" title=\\\"8月15日收视率报告 《基本演绎法》剧终收视不变\\\" href=\\\"http://t.cn/AiHnMPoi\\\" alt=\\\"http://t.cn/AiHnMPoi\\\" action-type=\\\"feed_list_url\\\" target=\\\"_blank\\\" rel=\\\"noopener noreferrer\\\"><i class=\\\"W_ficon ficon_cd_longwb\\\">&#xb0;</i>8月15日收视率报告 《基本演绎法》剧终收视不变</a>\",\"count\":231,\"br\":12},\"4406227498739220\":{\"html\":\" 主人，火山爆发了！<br>主人，大地震！<br>主人，廚房着火了！<br>主人，我要把你的咖啡都喝光咯！<br>主人，我在你的画紙上撒尿哦！<br>主人，行星要撞地球了！<br>主人，我得了伊波拉病毒！<br>主人，⋯⋯<br> <br>今天早上爬爬就是这样把我弄醒的⋯⋯ ​​​​\",\"count\":105,\"br\":9},\"4406227381115505\":{\"html\":\" 【郭明錤：<a target=\\\"_blank\\\" render=\\\"ext\\\" suda-uatrack=\\\"key=topic_click&value=click_topic\\\" class=\\\"a_topic\\\" extra-data=\\\"type=topic\\\" href=\\\"//s.weibo.com/weibo?q=%23%E7%AC%AC%E4%BA%94%E4%BB%A3AppleWatch%E5%B0%86%E4%BA%8E%E4%B8%8B%E4%B8%AA%E6%9C%88%E5%8F%91%E5%B8%83%23&from=default\\\">#第五代AppleWatch将于下个月发布#</a>，采用日本OLED面板】<br>苹果公司即将在9月推出其下一代Apple Watch及iPhone产品。据著名行业分析师郭明錤预测，苹果第五代Apple Watch的OLED面板或将由Japan Display代工生产。<br><br>据天风证券最新报告显示，预计初期Japan Display将得到最高可达20%的OLED订单，而到了2021年底这一数字将会增长至80%。郭明錤同时还表示，预计苹果未来还将逐步增加LG为iPhone代工生产OLED显示器的比例，同时供应链中还将新增一个中国制造商BOE以实现其供应链多元化。（品玩）\",\"count\":231,\"br\":3},\"4406227364307222\":{\"html\":\" 【三亚旅游】三亚首届帐篷节开幕，现场共设5大主题分区。8月10日，2019三亚首届帐篷节在亚龙湾国际玫瑰谷开幕。活动为期两天，众多市民游客欢聚于此。现场共设5大主题分区，涵盖舞台区、文创集市区、美食区、露营区、红色文化展区，带来了多元文化的交流碰撞。图为三亚亚龙湾玫瑰谷帐篷营地。 <a  suda-uatrack=\\\"key=tblog_card&value=click_title:4406227364307222:1022-place:1022%3A100101B209465CD66BAAFE409E\\\" title=\\\"三亚·亚龙湾国家旅游度假区\\\" href=\\\"http://t.cn/z8AjPof\\\" alt=\\\"http://t.cn/z8AjPof\\\" action-type=\\\"feed_list_url\\\" target=\\\"_blank\\\" rel=\\\"noopener noreferrer\\\"><i class=\\\"W_ficon ficon_cd_place\\\">2</i>三亚·亚龙湾国家旅游度假区</a> via: <a target=\\\"_blank\\\" render=\\\"ext\\\" extra-data=\\\"type=atname\\\" href=\\\"//weibo.com/n/deng%E5%8D%8E%E8%89%BA?from=feed&loc=at\\\" usercard=\\\"name=deng华艺\\\">@deng华艺</a> via: <a target=\\\"_blank\\\" render=\\\"ext\\\" extra-data=\\\"type=atname\\\" href=\\\"//weibo.com/n/%E6%96%87%E5%88%9B%E6%97%85%E8%A1%8C?from=feed&loc=at\\\" usercard=\\\"name=文创旅行\\\">@文创旅行</a>\",\"count\":165,\"br\":0},\"4406229352751522\":{\"html\":\" 【<a target=\\\"_blank\\\" render=\\\"ext\\\" suda-uatrack=\\\"key=topic_click&value=click_topic\\\" class=\\\"a_topic\\\" extra-data=\\\"type=topic\\\" href=\\\"//s.weibo.com/weibo?q=%23%E7%BE%8E%E5%9B%BD%E5%A4%9A%E4%B8%AA%E6%9C%BA%E5%9C%BA%E6%B5%B7%E5%85%B3%E7%94%B5%E8%84%91%E6%95%85%E9%9A%9C%23&from=default\\\">#美国多个机场海关电脑故障#</a> 国际旅客大排长龙】美东时间当天下午3时30分左右，在华盛顿杜勒斯国际机场、纽约肯尼迪国际机场、洛杉矶国际机场等多个国际机场，海关电脑系统突然停止运行，国际旅客入境过程十分缓慢。在一些机场，由于国际航班持续抵达，排队等待入境旅客不断增多。事故发生约3小时后，美国海关与边境保护局在社交媒体上说，海关电脑系统正在重新恢复运行并为国际旅客办理入境手续。该部门将继续进行故障监测，目前没有迹象显示故障系蓄意造成。（新华社）<a  suda-uatrack=\\\"key=tblog_card&value=click_title:4406229352751522:1022-article:1022%3A2309351000124406189436829792:weibodetail:1649173367:4406229352751522:1649173367\\\" title=\\\"美国多个机场海关电脑发生故障 国际旅客大排...\\\" href=\\\"//weibo.com/ttarticle/p/show?id=2309351000124406189436829792\\\" alt=\\\"http://weibo.com/ttarticle/p/show?id=2309351000124406189436829792\\\" action-type=\\\"feed_list_url\\\" target=\\\"_blank\\\" rel=\\\"noopener noreferrer\\\"><i class=\\\"W_ficon ficon_cd_longwb\\\">&#xb0;</i>美国多个机场海关电脑发生故障 国际旅客大排...</a><a href=\\\"javascript:void(0);\\\" action-type=\\\"widget_photoview\\\" action-data=\\\"uid=1649173367&mid=4406229352751522&pid=624c6377gy1g62hfqf2wjj20j60ednc7\\\" suda-uatrack=\\\"key=tblog_fstt&value=pop_butt_home\\\"  imagecard=\\\"pid=624c6377gy1g62hfqf2wjj20j60ednc7\\\"><i class=\\\"W_ficon ficon_cd_img WBficon\\\">¡</i>查看图片</a>\",\"count\":247,\"br\":0},\"4406229239925613\":{\"html\":\" 【男子<a target=\\\"_blank\\\" render=\\\"ext\\\" suda-uatrack=\\\"key=topic_click&value=click_topic\\\" class=\\\"a_topic\\\" extra-data=\\\"type=topic\\\" href=\\\"//s.weibo.com/weibo?q=%23%E8%BD%A6%E7%A5%B8%E4%B8%AD%E6%95%91%E4%BA%BA%E5%8F%8D%E9%81%AD%E4%BC%A4%E8%80%85%E5%AE%B6%E5%B1%9E%E7%BE%A4%E6%AE%B4%23&from=default\\\">#车祸中救人反遭伤者家属群殴#</a>：他们忙着打人却不救人】8月14日，山东单县一辆客车将一辆电动三轮车撞倒，电动三轮车驾驶员刘某英被困。刘某英家属赶到现场后，与客车司机发生肢体冲突，前来救人的曹先生一家上前劝说先救人要紧，却也遭到殴打。警方称，曹先生及其母亲被打伤，打人者已有三名被拘留。<a  suda-uatrack=\\\"key=tblog_card&value=click_title:4406229239925613:2017607-video:2017607%3A4406037227457796:weibodetail:1652484947:4406229239925613:1652484947\\\" title=\\\"新京报我们视频的秒拍视频\\\" href=\\\"http://t.cn/AiHQJo7G\\\" alt=\\\"http://t.cn/AiHQJo7G\\\" action-type=\\\"feed_list_url\\\" target=\\\"_blank\\\" rel=\\\"noopener noreferrer\\\"><i class=\\\"W_ficon ficon_cd_video\\\">L</i>新京报我们视频的秒拍视频</a>新京报我们视频\",\"count\":163,\"br\":0},\"4406229160351832\":{\"html\":\" <a target=\\\"_blank\\\" render=\\\"ext\\\" suda-uatrack=\\\"key=topic_click&value=click_topic\\\" class=\\\"a_topic\\\" extra-data=\\\"type=topic\\\" href=\\\"//s.weibo.com/weibo?q=%23%E5%8F%B0%E6%B9%BE%E6%A6%A8%E8%8F%9C%E5%93%A5%E6%94%B6%E5%88%B0%E4%B8%A4%E7%AE%B1%E6%A6%A8%E8%8F%9C%23&from=default\\\">#台湾榨菜哥收到两箱榨菜#</a>最近台湾电视“名嘴”姓黄名世聪的，在节目中声称“大陆人吃不起榨菜”，引发两岸网友群嘲。<br>然后涪陵榨菜公司给寄送了两箱榨菜给他<img class=\\\"W_img_face\\\" render=\\\"ext\\\" src=\\\"//img.t.sinajs.cn/t4/appstyle/expression/ext/normal/30/2018new_sikao_org.png\\\" title=\\\"[思考]\\\" alt=    \\\"[思考]\\\" type=\\\"face\\\" /><img class=\\\"W_img_face\\\" render=\\\"ext\\\" src=\\\"//img.t.sinajs.cn/t4/appstyle/expression/ext/normal/30/2018new_sikao_org.png\\\" title=\\\"[思考]\\\" alt=    \\\"[思考]\\\" type=\\\"face\\\" />，在16号的时候，这货发文表示已经收到了两箱榨菜，心情无效激动！<img class=\\\"W_img_face\\\" render=\\\"ext\\\" src=\\\"//img.t.sinajs.cn/t4/appstyle/expression/ext/normal/83/2018new_kuxiao_org.png\\\" title=\\\"[允悲]\\\" alt=    \\\"[允悲]\\\" type=\\\"face\\\" /><img class=\\\"W_img_face\\\" render=\\\"ext\\\" src=\\\"//img.t.sinajs.cn/t4/appstyle/expression/ext/normal/83/2018new_kuxiao_org.png\\\" title=\\\"[允悲]\\\" alt=    \\\"[允悲]\\\" type=\\\"face\\\" /><br>这个榨骗F，😂 😂 能做到两岸闻名，果然有两把刷子，够无chi！<img class=\\\"W_img_face\\\" render=\\\"ext\\\" src=\\\"//img.t.sinajs.cn/t4/appstyle/expression/ext/normal/e7/2018new_zuoyi_org.png\\\" title=\\\"[作揖]\\\" alt=    \\\"[作揖]\\\" type=\\\"face\\\" /><img class=\\\"W_img_face\\\" render=\\\"ext\\\" src=\\\"//img.t.sinajs.cn/t4/appstyle/expression/ext/normal/e7/2018new_zuoyi_org.png\\\" title=\\\"[作揖]\\\" alt=    \\\"[作揖]\\\" type=\\\"face\\\" /><img class=\\\"W_img_face\\\" render=\\\"ext\\\" src=\\\"//img.t.sinajs.cn/t4/appstyle/expression/ext/normal/e7/2018new_zuoyi_org.png\\\" title=\\\"[作揖]\\\" alt=    \\\"[作揖]\\\" type=\\\"face\\\" /> <br><img class=\\\"W_img_face\\\" render=\\\"ext\\\" src=\\\"//img.t.sinajs.cn/t4/appstyle/expression/ext/normal/22/2018new_erha_org.png\\\" title=\\\"[二哈]\\\" alt=    \\\"[二哈]\\\" type=\\\"face\\\" /><img class=\\\"W_img_face\\\" render=\\\"ext\\\" src=\\\"//img.t.sinajs.cn/t4/appstyle/expression/ext/normal/22/2018new_erha_org.png\\\" title=\\\"[二哈]\\\" alt=    \\\"[二哈]\\\" type=\\\"face\\\" />话说回来，但凡在座的各位有他一半功力，也不会单身到现在了！<img class=\\\"W_img_face\\\" render=\\\"ext\\\" src=\\\"//img.t.sinajs.cn/t4/appstyle/expression/ext/normal/83/2018new_kuxiao_org.png\\\" title=\\\"[允悲]\\\" alt=    \\\"[允悲]\\\" type=\\\"face\\\" /><img class=\\\"W_img_face\\\" render=\\\"ext\\\" src=\\\"//img.t.sinajs.cn/t4/appstyle/expression/ext/normal/83/2018new_kuxiao_org.png\\\" title=\\\"[允悲]\\\" alt=    \\\"[允悲]\\\" type=\\\"face\\\" />\",\"count\":165,\"br\":3},\"4406229201534691\":{\"html\":\" <a target=\\\"_blank\\\" render=\\\"ext\\\" suda-uatrack=\\\"key=topic_click&value=click_topic\\\" class=\\\"a_topic\\\" extra-data=\\\"type=topic\\\" href=\\\"//s.weibo.com/weibo?q=%23%E7%9B%B4%E6%92%AD%E4%B8%AD%23&from=default\\\">#直播中#</a> <a target=\\\"_blank\\\" render=\\\"ext\\\" suda-uatrack=\\\"key=topic_click&value=click_topic\\\" class=\\\"a_topic\\\" extra-data=\\\"type=topic\\\" href=\\\"//s.weibo.com/weibo?q=%23%E6%82%89%E5%B0%BC%E4%B8%BE%E5%8A%9E%E7%88%B1%E5%9B%BD%E6%B8%B8%E8%A1%8C%23&from=default\\\">#悉尼举办爱国游行#</a> <a target=\\\"_blank\\\" render=\\\"ext\\\" suda-uatrack=\\\"key=topic_click&value=click_topic\\\" class=\\\"a_topic\\\" extra-data=\\\"type=topic\\\" href=\\\"//s.weibo.com/weibo?q=%23%E6%88%91%E4%BB%AC%E5%9C%A8%E7%BA%BF%E5%8F%91%E7%89%8C%E4%BD%A0%E4%BB%AC%E5%9C%A8%E7%BA%BF%E7%A5%88%E7%A5%B7%23&from=default\\\">#我们在线发牌你们在线祈祷#</a> <br>澳大利亚华人团体协会主席吴昌茂在集会中演讲，代表300多个在澳华人社团声援香港政府和香港警察，谴责澳媒对香港报道的断章取义。参加游行的人在不断增加，数百集会者齐唱中国国歌和《团结就是力量》，高呼“中国万岁”🇨🇳🇨🇳🇨🇳🇨🇳🇨🇳<br><br><a target=\\\"_blank\\\" render=\\\"ext\\\" suda-uatrack=\\\"key=topic_click&value=click_topic\\\" class=\\\"a_topic\\\" extra-data=\\\"type=topic\\\" href=\\\"//s.weibo.com/weibo?q=%23%E5%A2%A8%E5%B0%94%E6%9C%AC%E6%83%8A%E7%8E%B0%E6%8A%A2%E5%9B%BD%E6%97%97%23&from=default\\\">#墨尔本惊现抢国旗#</a> <a target=\\\"_blank\\\" render=\\\"ext\\\" suda-uatrack=\\\"key=topic_click&value=click_topic\\\" class=\\\"a_topic\\\" extra-data=\\\"type=topic\\\" href=\\\"//s.weibo.com/weibo?q=%23%E4%B8%AD%E5%9B%BD%E7%95%99%E5%AD%A6%E7%94%9F%E5%8C%85%E5%9B%B4%E6%B8%AF%E7%8B%AC%E6%B8%B8%E8%A1%8C%E9%BD%90%E5%94%B1%E5%9B%BD%E6%AD%8C%23&from=default\\\">#中国留学生包围港独游行齐唱国歌#</a> <br><a suda-uatrack=\\\"key=minicard&value=pagelink_minicard_click\\\" title=\\\"网页链接\\\" href=\\\"http://t.cn/AiHnvOTW\\\" alt=\\\"http://t.cn/AiHnvOTW\\\" action-type=\\\"feed_list_url\\\" target=\\\"_blank\\\" rel=\\\"noopener noreferrer\\\"><i class=\\\"W_ficon ficon_cd_link\\\">O</i>网页链接</a>&nbsp;&nbsp;<a  suda-uatrack=\\\"key=tblog_card&value=click_title:4406229201534691:1034-video:1034%3A4406229020397686:weibodetail:1734779232:4406229201534691:1734779232\\\" title=\\\"今日悉尼的微博视频\\\" href=\\\"http://t.cn/AiHnijEc\\\" alt=\\\"http://t.cn/AiHnijEc\\\" action-type=\\\"feed_list_url\\\" target=\\\"_blank\\\" rel=\\\"noopener noreferrer\\\"><i class=\\\"W_ficon ficon_cd_video\\\">L</i>今日悉尼的微博视频</a>\",\"count\":191,\"br\":4},\"4406229583191275\":{\"html\":\" 奥马尔这货胡搅蛮缠，以色列拒绝奥马尔是因为你反以，而且准备就去巴勒斯坦自治地区搞事，可能发表反以言论。人家有法律依据，怎么可能和之前南非拒绝黑人议员到访相同，再说了以色列基于人道主义原因同意泰莱布访问巴勒斯坦地区探访亲人了，以色列怎么拒绝MSL议员了？！<br>把歪理说得这么高大上，还将以色列根据安全问题做出的决定往种族主义上靠，这也真没谁了。\",\"count\":168,\"br\":1},\"4406229495717347\":{\"html\":\" 【任正非“猛夸”特朗普：没有他宣传 全世界不会知道华为这么厉害】8月16日，英国天空新闻台播出了华为创始人兼CEO任正非的专访。任正非谈及英国新首相约翰逊，认为英国不会拒绝华为5G。当谈及华为被美国列为实体清单后，任正非笑称：没有特朗普宣传，全世界人民不会知道华为这么厉害，这么好。此外，他还提到了女儿孟晚舟。<a  suda-uatrack=\\\"key=tblog_card&value=click_title:4406229495717347:2017607-video:2017607%3A4406178760086070:weibodetail:1649597805:4406229495717347:1649597805\\\" title=\\\"燃新闻的秒拍视频\\\" href=\\\"http://t.cn/AiHRWz8y\\\" alt=\\\"http://t.cn/AiHRWz8y\\\" action-type=\\\"feed_list_url\\\" target=\\\"_blank\\\" rel=\\\"noopener noreferrer\\\"><i class=\\\"W_ficon ficon_cd_video\\\">L</i>燃新闻的秒拍视频</a>\",\"count\":160,\"br\":0}}","search_enable":"bfalse","user1645221270config":"s{\"weibo.tool.load_weibo_by_group.group\":{},\"weibo.tool.load_weibo_by_group\":false,\"weibo.tool.load_weibo_by_multi_group.count\":50,\"weibo.tool.load_weibo_by_multi_group.enabled\":false,\"weibo.tool.load_weibo_by_multi_group.clear\":\"clear\",\"weibo.tool.load_weibo_by_multi_group.whisper\":false,\"weibo.tool.load_weibo_by_multi_group\":[],\"weibo.tool.use_fast_creator\":true,\"weibo.tool.refilter\":true,\"weibo.tool.fast_block_button\":false,\"weibo.tool.block_hidden\":false,\"weibo.tool.disable_lazyload\":true,\"weibo.other.group_account\":true,\"weibo.other.group_same_account\":true,\"weibo.other.auto_load_new_weibo\":false,\"weibo.other.auto_expand.etypes\":false,\"weibo.other.auto_expand.background\":true,\"weibo.other.auto_expand\":false,\"weibo.other.desktop_notification.types\":true,\"weibo.other.desktop_notification.autohide\":true,\"weibo.other.desktop_notification.shorten\":false,\"weibo.other.desktop_notification.shortlen\":50,\"weibo.other.desktop_notification.duration\":3000,\"weibo.other.desktop_notification.durationc\":150,\"weibo.other.desktop_notification.ntypes\":false,\"weibo.other.desktop_notification\":false,\"weibo.filters.keyword.whitelist\":[],\"weibo.filters.keyword.blacklist\":[],\"weibo.filters.keyword.foldlist\":[],\"weibo.filters.regexp.whitelist\":[],\"weibo.filters.regexp.blacklist\":[],\"weibo.filters.regexp.foldlist\":[],\"weibo.content.types_mention\":false,\"weibo.content.types_topic\":false,\"weibo.content.types_stock\":false,\"weibo.content.types_linkt\":false,\"weibo.content.types_linku\":false,\"weibo.content.types_emotion\":false,\"weibo.filters.account.whitelist\":[],\"weibo.filters.account.blacklist\":[],\"weibo.filters.account.foldlist\":[],\"weibo.filters.accountf.blacklist\":[],\"weibo.filters.accountf.foldlist\":[],\"weibo.original.blacklist_d\":true,\"weibo.filters.original.whitelist\":[],\"weibo.filters.original.blacklist\":[],\"weibo.filters.original.foldlist\":[],\"weibo.original.by_follower.enabled\":false,\"weibo.original.by_follower.fans\":10,\"weibo.original.by_follower\":[],\"weibo.filters.mention.whitelist\":[],\"weibo.filters.mention.blacklist\":[],\"weibo.filters.mention.foldlist\":[],\"weibo.filters.topic.whitelist\":[],\"weibo.filters.topic.blacklist\":[],\"weibo.filters.topic.foldlist\":[],\"weibo.filters.rtopic.whitelist\":[],\"weibo.filters.rtopic.blacklist\":[],\"weibo.filters.rtopic.foldlist\":[],\"weibo.filters.source.whitelist\":[],\"weibo.filters.source.blacklist\":[],\"weibo.filters.source.foldlist\":[],\"weibo.filters.hyperlink.whitelist\":[],\"weibo.filters.hyperlink.blacklist\":[],\"weibo.filters.hyperlink.foldlist\":[],\"weibo.filters.linktitle.whitelist\":[],\"weibo.filters.linktitle.blacklist\":[],\"weibo.filters.linktitle.foldlist\":[],\"weibo.other.my_weibo\":false,\"weibo.other.my_original\":false,\"weibo.other.mention_me\":false,\"weibo.other.ad_feed\":true,\"weibo.other.fans_top\":true,\"weibo.other.product_card\":true,\"weibo.other.tb_tm_wb\":true,\"weibo.other.weibo_pay_gift\":true,\"weibo.other.user_like\":false,\"weibo.other.fake_weibo\":false,\"weibo.other.deleted_forward\":false,\"weibo.other.comment_and_reply\":false,\"weibo.other.vote_weibo\":false,\"weibo.other.red2014\":false,\"weibo.other.jinli_forward\":false,\"weibo.other.appitem\":false,\"weibo.other.wenda\":false,\"weibo.other.wenwodr\":false,\"weibo.other.yizhibo.type\":\"all\",\"weibo.other.yizhibo\":false,\"weibo.other.stock\":false,\"weibo.other.paid\":false,\"weibo.other.multi_topic.num\":5,\"weibo.other.multi_topic\":false,\"weibo.other.too_long\":false,\"weibo.other.wei_huati\":false,\"weibo.other.wei_qun\":false,\"weibo.other.wei_fangtan\":false,\"weibo.other.wei_gongyi\":false,\"weibo.other.unauth_source\":false,\"weibo.other.same_account.number\":5,\"weibo.other.same_account.action\":\"fold\",\"weibo.other.same_account\":false,\"weibo.other.same_forward.number\":3,\"weibo.other.same_forward.action\":\"fold\",\"weibo.other.same_forward\":false,\"weibo.filters.ckeyword.whitelist\":[],\"weibo.filters.ckeyword.blacklist\":[],\"weibo.filters.cregexp.whitelist\":[],\"weibo.filters.cregexp.blacklist\":[],\"weibo.filters.cuser.whitelist\":[],\"weibo.filters.cuser.blacklist\":[],\"weibo.filters.ctopic.whitelist\":[],\"weibo.filters.ctopic.blacklist\":[],\"weibo.comment.my_comment\":true,\"weibo.comment.emoji_count.number\":8,\"weibo.comment.emoji_count\":false,\"weibo.comment.emoji_types.number\":4,\"weibo.comment.emoji_types\":false,\"weibo.comment.no_content\":false,\"weibo.comment.with_forward\":false,\"weibo.comment.with_picture.act\":\"fold\",\"weibo.comment.with_picture\":false,\"weibo.comment.delete_comment\":false,\"weibo.layoutHideIconLevel\":false,\"weibo.layoutHideIconMember\":false,\"weibo.layoutHideIconApprove\":false,\"weibo.layoutHideIconApproveCo\":false,\"weibo.layoutHideIconApproveDead\":false,\"weibo.layoutHideIconClub\":false,\"weibo.layoutHideIconVGirl\":false,\"weibo.layoutHideIconSupervisor\":false,\"weibo.layoutHideIconTaobao\":false,\"weibo.layoutHideIconCheng\":false,\"weibo.layoutHideIconGongyi\":false,\"weibo.layoutHideIconZongyika\":false,\"weibo.layoutHideIconOther\":false,\"weibo.layoutHideFollowSingle\":false,\"weibo.layoutHideFollowAtMe\":false,\"weibo.layoutHideFollowDiscover\":false,\"weibo.layoutHideFollowWhisper\":false,\"weibo.layoutHideFollowVideo\":false,\"weibo.layoutHideFollowRecommend\":false,\"weibo.layoutHideNavLogoImg\":false,\"weibo.layoutHideNavMain\":false,\"weibo.layoutHideNavTV\":false,\"weibo.layoutHideNavHot\":false,\"weibo.layoutHideNavGame\":false,\"weibo.layoutHideNavHotSearch\":false,\"weibo.layoutHideNavNoticeNew\":false,\"weibo.layoutHideNavNew\":false,\"weibo.layoutHideNavHotTip\":false,\"weibo.layoutHideLeftHome\":false,\"weibo.layoutHideLeftFav\":false,\"weibo.layoutHideLeftLike\":false,\"weibo.layoutHideLeftHot\":false,\"weibo.layoutHideLeftTV\":false,\"weibo.layoutHideLeftFriends\":false,\"weibo.layoutHideLeftGroupToMe\":true,\"weibo.layoutHideLeftSpecial\":false,\"weibo.layoutHideLeftWhisper\":true,\"weibo.layoutHideLeftVPlus\":false,\"weibo.layoutHideLeftNew\":false,\"weibo.layoutHideLeftNews\":false,\"weibo.layoutHideLeftCount\":false,\"weibo.layoutHideMiddleRecommendedTopic\":true,\"weibo.layoutHideMiddleFeedRecommand\":false,\"weibo.layoutHideMiddleMemberTip\":false,\"weibo.layoutHideRightInfo\":true,\"weibo.layoutHideRightRecomMusicRank\":true,\"weibo.layoutHideRightHotTopic\":true,\"weibo.layoutHideRightHotTopicExpand\":true,\"weibo.layoutHideRightInterest\":true,\"weibo.layoutHideRightMember\":true,\"weibo.layoutHideRightGroups\":true,\"weibo.layoutHideRightRecomGroupUser\":false,\"weibo.layoutHideRightHongbaoRank\":true,\"weibo.layoutHideRightMovie\":true,\"weibo.layoutHideRightAttFeed\":true,\"weibo.layoutHideRightTaobaoMovie\":true,\"weibo.layoutHideRightNotice\":true,\"weibo.layoutHideWeiboRecomFeed\":false,\"weibo.layoutHideWeiboFeedOuterTip\":true,\"weibo.layoutHideWeiboFeedTip\":false,\"weibo.layoutHideWeiboGroupTip\":false,\"weibo.layoutHideWeiboVIPBackground\":false,\"weibo.layoutHideWeiboLastPic\":false,\"weibo.layoutHideWeiboPicTag\":false,\"weibo.layoutHideWeiboSonTitle\":false,\"weibo.layoutHideWeiboCard\":false,\"weibo.layoutHideWeiboArticalPay\":false,\"weibo.layoutHideWeiboTag\":false,\"weibo.layoutHideWeiboMovieTag\":false,\"weibo.layoutHideWeiboSource\":false,\"weibo.layoutHideWeiboPop\":false,\"weibo.layoutHideWeiboLike\":false,\"weibo.layoutHideWeiboLikeComment\":false,\"weibo.layoutHideWeiboLikePopup\":false,\"weibo.layoutHideWeiboForward\":false,\"weibo.layoutHideWeiboFavourite\":false,\"weibo.layoutHideWeiboPromoteOther\":false,\"weibo.layoutHideWeiboReport\":false,\"weibo.layoutHideWeiboUseCardBackground\":false,\"weibo.layoutHidePersonMoveThings\":false,\"weibo.layoutHidePersonCover\":false,\"weibo.layoutHidePersonBGImg\":false,\"weibo.layoutHidePersonBadgeIcon\":false,\"weibo.layoutHidePersonVerify\":false,\"weibo.layoutHidePersonEditPersonInfo\":false,\"weibo.layoutHidePersonStats\":false,\"weibo.layoutHidePersonMyData\":false,\"weibo.layoutHidePersonSuggestUser\":false,\"weibo.layoutHidePersonGroup\":false,\"weibo.layoutHidePersonRelation\":false,\"weibo.layoutHidePersonAlbum\":false,\"weibo.layoutHidePersonHotTopic\":false,\"weibo.layoutHidePersonHotWeibo\":false,\"weibo.layoutHidePersonUserList\":false,\"weibo.layoutHidePersonHongbao\":false,\"weibo.layoutHidePersonWenwoDr\":false,\"weibo.layoutHidePersonTimeline\":false,\"weibo.layout.pleft\":[],\"weibo.layoutHideMessagesHelp\":false,\"weibo.layoutHideMessagesFeedback\":false,\"weibo.layoutHideMessagesYoudao\":false,\"weibo.layoutHideOtherAds\":true,\"weibo.layoutHideOtherMusic\":true,\"weibo.layoutHideOtherTemplate\":true,\"weibo.layoutHideOtherHomeTip\":false,\"weibo.layoutHideOtherFooter\":true,\"weibo.layoutHideOtherWbIm\":false,\"weibo.layoutHideOtherIM\":true,\"weibo.layoutHideOtherIMNews\":false,\"weibo.layoutHideOtherTip\":false,\"weibo.layoutHideOtherRelatedWB\":false,\"weibo.layoutHideOtherRelatedVideo\":false,\"weibo.layoutHideOtherRelatedArtical\":false,\"weibo.layoutHideOtherSendWeibo\":false,\"weibo.tool.showAllMsgNav.atme\":true,\"weibo.tool.showAllMsgNav.cmt\":true,\"weibo.tool.showAllMsgNav.like\":false,\"weibo.tool.showAllMsgNav.dm\":false,\"weibo.tool.showAllMsgNav.msgbox\":false,\"weibo.tool.showAllMsgNav.group\":false,\"weibo.tool.showAllMsgNav.dmsub\":false,\"weibo.tool.showAllMsgNav\":false,\"weibo.tool.showAllGroup\":true,\"weibo.tool.mergeColumns.side\":\"right\",\"weibo.tool.mergeColumns\":true,\"weibo.tool.chose_side.side\":\"right\",\"weibo.tool.chose_side\":false,\"weibo.tool.filte_right_topic\":false,\"weibo.tool.filte_right_topic_count.number\":200,\"weibo.tool.filte_right_topic_count\":false,\"weibo.tool.right_user_list\":[],\"weibo.tool.right_user_list_notice._records\":[],\"weibo.tool.right_user_list_notice._last\":{},\"weibo.tool.right_user_list_notice\":false,\"weibo.tool.hide_nav_bar\":true,\"weibo.tool.fixedLeft\":true,\"weibo.tool.fixedRight\":true,\"weibo.tool.fixedNewFeedTip\":false,\"weibo.tool.fixedOthers\":true,\"weibo.tool.auto_unfold_weibo.count\":1020,\"weibo.tool.auto_unfold_weibo.br\":30,\"weibo.tool.auto_unfold_weibo\":true,\"weibo.tool.clear_def_topic\":true,\"weibo.tool.redirectWeibo\":true,\"weibo.tool.cardButton\":false,\"weibo.tool.viewOriginal.open\":\"image\",\"weibo.tool.viewOriginal.direct\":false,\"weibo.tool.viewOriginal.method\":\"default\",\"weibo.tool.viewOriginal.url\":\"default\",\"weibo.tool.viewOriginal\":true,\"weibo.tool.downloadImage.direct\":false,\"weibo.tool.downloadImage\":false,\"weibo.tool.noTagDialog\":false,\"weibo.tool.use_built_in_video_player.volume\":100,\"weibo.tool.use_built_in_video_player.memorize\":false,\"weibo.tool.use_built_in_video_player\":false,\"weibo.tool.pause_animated_image\":true,\"weibo.tool.disable_video_menu\":true,\"weibo.tool.replace_link\":false,\"weibo.tool.replace_image_emoji\":false,\"weibo.other.customize_source\":false,\"weibo.other.fold_child_comment\":false,\"weibo.other.comment_show_all\":false,\"weibo.tool.auto_check_following.frequency\":\"3\",\"weibo.tool.auto_check_following\":false,\"weibo.tool.auto_unfold_ttartical\":true,\"weibo.tool.uncheck_follow_presenter\":true,\"weibo.tool.fast_emoji.top\":[null,null,null,null,null,null,null,null,null,null],\"weibo.tool.fast_emoji.recent\":[null,null,null,null,null,null,null,null,null,null],\"weibo.tool.fast_emoji\":false,\"weibo.tool.disable_desktop_notification\":true,\"weibo.tool.disable_live_photo\":true,\"weibo.tool.disable_video_click_pop\":true,\"weibo.tool.no_pop_but_full_screen\":false,\"weibo.tool.video_no_auto_next\":false,\"weibo.tool.custom_font_family.wf\":\"Times\",\"weibo.tool.custom_font_family.cf\":\"中易宋体\",\"weibo.tool.custom_font_family\":false,\"weibo.tool.weibo_large_font.ratio\":\"120\",\"weibo.tool.weibo_large_font\":true,\"weibo.tool.avatar_shape.shape\":\"square\",\"weibo.tool.avatar_shape\":false,\"weibo.tool.dark_nav_bar\":false,\"weibo.tool.reorder_nav_bar\":false,\"weibo.tool.nav_hide_name.act\":\"hidden\",\"weibo.tool.nav_hide_name\":true,\"weibo.tool.width_weibo.width\":750,\"weibo.tool.width_weibo\":true,\"weibo.tool.weibo_only.width\":600,\"weibo.tool.weibo_only.key\":119,\"weibo.tool.weibo_only.switch\":false,\"weibo.tool.weibo_only._enabled\":false,\"weibo.tool.weibo_only\":false,\"weibo.tool.set_skin.skin\":\"skin058\",\"weibo.tool.set_skin\":false,\"weibo.tool.unwrapText\":false,\"weibo.tool.unwrapContent.text\":\"⏎\",\"weibo.tool.unwrapContent\":false,\"weibo.tool.image_size.repost\":false,\"weibo.tool.image_size\":false,\"weibo.tool.no_weibo_space\":false,\"weibo.tool.from_in_bottom\":false,\"weibo.tool.user_page_no_author.who\":\"all\",\"weibo.tool.user_page_no_author\":false,\"weibo.tool.hover_show_fold\":false,\"weibo.tool.fold_text.text\":\"author-reason\",\"weibo.tool.fold_text\":false,\"weibo.layout.reorder.1\":\"pop\",\"weibo.layout.reorder.2\":\"favorite\",\"weibo.layout.reorder.3\":\"forward\",\"weibo.layout.reorder.4\":\"comment\",\"weibo.layout.reorder.5\":\"like\",\"weibo.layout.reorder\":true,\"weibo.layout.cmtorder.1\":\"report\",\"weibo.layout.cmtorder.2\":\"delete\",\"weibo.layout.cmtorder.3\":\"conversition\",\"weibo.layout.cmtorder.4\":\"reply\",\"weibo.layout.cmtorder.5\":\"like\",\"weibo.layout.cmtorder\":true,\"weibo.tool.whitelist_highlight.color\":\"#dafee4\",\"weibo.tool.whitelist_highlight.transparency\":0,\"weibo.tool.whitelist_highlight\":false,\"weibo.tool.color_override.color1\":\"#f6f6f6\",\"weibo.tool.color_override.transparency1\":30,\"weibo.tool.color_override.color2\":\"#ffffff\",\"weibo.tool.color_override.transparency2\":30,\"weibo.tool.color_override.color3\":\"#ffffff\",\"weibo.tool.color_override.transparency3\":30,\"weibo.tool.color_override\":false,\"weibo.tool.userstyle\":\"\",\"weibo._yawf_version\":504,\"script.other.auto_complete\":true,\"weibo.tool.message_current_page\":false,\"weibo.tool.load_weibo_by_newest\":true,\"weibo.layoutHideLeftNewFeed\":false,\"weibo.layoutHideIconBigFun\":false,\"weibo.tool.highlight_low_reading.count\":100,\"weibo.tool.highlight_low_reading\":false}","whatsnew":"btrue"},"ts":1566010464918}