{"options":{"check_for_updates":true,"comment":null,"compatopts_for_requires":true,"compat_wrappedjsobject":true,"compat_metadata":false,"compat_foreach":false,"compat_arrayleft":false,"compat_uW_gmonkey":false,"compat_forvarin":false,"noframes":null,"awareOfChrome":false,"run_at":null,"override":{"merge_connects":true,"merge_excludes":true,"merge_includes":true,"merge_matches":true,"orig_excludes":["https://weibo.com/a/bind/*","https://weibo.com/nguide/*","https://weibo.com/"],"orig_includes":["https://www.weibo.com/*","https://weibo.com/*","https://d.weibo.com/*","https://s.weibo.com/*"],"orig_matches":[],"orig_noframes":null,"orig_run_at":"document-start","use_blockers":[],"use_connects":[],"use_excludes":[],"use_includes":[],"use_matches":[],"orig_connects":["weibo.com","www.weibo.com","s.weibo.com","video.weibo.com","t.cn","www.miaopai.com","ent.v.sina.cn","sinaimg.cn"]}},"settings":{"enabled":true,"position":9},"meta":{"name":"Yet Another Weibo Filter","uuid":"3df087eb-dd86-4cf0-b20b-d26977e3887f","modified":1562034043283,"file_url":"https://greasyfork.org/scripts/3249-yet-another-weibo-filter/code/Yet%20Another%20Weibo%20Filter.user.js"}}