{"data":{"debug":"bfalse","extent":"bfalse","long_weibo_cache":"s{\"4392562523749245\":{\"html\":\" 【那些为人工智能打工的人：无人驾驶车撞了人 跟他们有直接关系】河南平顶山郏县，有一群为人工智能打工的人，年龄17-30岁，基本都是高中或以下学历。他们采集和标注的AI数据，最终应用到“一键瘦脸”和无人驾驶等技术上，而他们大多不知道自己工作的意义是什么。经理这样告诉他们：“如果有一天无人驾驶车上路了，撞到人，跟你有直接关系。”<a target=\\\"_blank\\\" render=\\\"ext\\\" suda-uatrack=\\\"key=topic_click&value=click_topic\\\" class=\\\"a_topic\\\" extra-data=\\\"type=topic\\\" href=\\\"//s.weibo.com/weibo?q=%23%E5%8D%81%E5%88%86%E8%A7%86%E9%A2%91%23&from=default\\\">#十分视频#</a> <a target=\\\"_blank\\\" render=\\\"ext\\\" extra-data=\\\"type=atname\\\" href=\\\"//weibo.com/n/%E8%85%BE%E8%AE%AF%E6%96%B0%E9%97%BB%E5%87%BA%E5%93%81?from=feed&loc=at\\\" usercard=\\\"name=腾讯新闻出品\\\">@腾讯新闻出品</a> <a  suda-uatrack=\\\"key=tblog_card&value=click_title:4392562523749245:2358773-video:2358773%3A4392541399786767:weibodetail:2806170583:4392562523749245:2806170583\\\" title=\\\"腾讯新闻出品的酷燃视频\\\" href=\\\"http://t.cn/AiOgAldB\\\" alt=\\\"http://t.cn/AiOgAldB\\\" action-type=\\\"feed_list_url\\\" target=\\\"_blank\\\" rel=\\\"noopener noreferrer\\\"><i class=\\\"W_ficon ficon_cd_video\\\">L</i>腾讯新闻出品的酷燃视频</a>\",\"count\":184,\"br\":0},\"4392561483882328\":{\"html\":\" 【古埃及<a target=\\\"_blank\\\" render=\\\"ext\\\" suda-uatrack=\\\"key=topic_click&value=click_topic\\\" class=\\\"a_topic\\\" extra-data=\\\"type=topic\\\" href=\\\"//s.weibo.com/weibo?q=%23%E6%9C%A8%E4%B9%83%E4%BC%8A%E7%8E%B03000%E5%B9%B4%E5%89%8D%E5%A4%B4%E5%8F%91%23&from=default\\\">#木乃伊现3000年前头发#</a> 用特质香油护发超3000年】7月9日 ，媒体报道称俄罗斯科学家从古埃及木乃伊中发现保存良好的头发。头发属于古埃及贵族，至今已保存超3000年。科学家团队试图找出头发能保存至今的原因。他们从头发中发现一种特制的香油，含牛油、蓖麻油、蜜蜡和松脂等成分。<a  suda-uatrack=\\\"key=tblog_card&value=click_title:4392561483882328:1022-topic:1022%3A100808949ba693bffb1fc0cafe8bb830d4619e\\\" title=\\\"永和九年\\\" href=\\\"http://huati.weibo.com/4281927\\\" alt=\\\"http://huati.weibo.com/4281927\\\" action-type=\\\"feed_list_url\\\" target=\\\"_blank\\\" rel=\\\"noopener noreferrer\\\"><i class=\\\"W_ficon ficon_supertopic\\\">&#xe627;</i>永和九年</a> 脱发的程序猿们，你们心理阴影究竟有多大啊<img class=\\\"W_img_face\\\" render=\\\"ext\\\" src=\\\"//img.t.sinajs.cn/t4/appstyle/expression/ext/normal/83/2018new_kuxiao_org.png\\\" title=\\\"[允悲]\\\" alt=    \\\"[允悲]\\\" type=\\\"face\\\" /><a  suda-uatrack=\\\"key=tblog_card&value=click_title:4392561483882328:1007002-video:1007002%3A4392560022492095:weibodetail:5033541046:4392561483882328:5033541046\\\" title=\\\"古埃及木乃伊现3000年前头发 用特质香油护发...\\\" href=\\\"http://t.cn/AiOgW5sD\\\" alt=\\\"http://t.cn/AiOgW5sD\\\" action-type=\\\"feed_list_url\\\" target=\\\"_blank\\\" rel=\\\"noopener noreferrer\\\"><i class=\\\"W_ficon ficon_cd_video\\\">L</i>古埃及木乃伊现3000年前头发 用特质香油护发...</a>\",\"count\":183,\"br\":0},\"4392562456158540\":{\"html\":\" 【<a target=\\\"_blank\\\" render=\\\"ext\\\" suda-uatrack=\\\"key=topic_click&value=click_topic\\\" class=\\\"a_topic\\\" extra-data=\\\"type=topic\\\" href=\\\"//s.weibo.com/weibo?q=%23%E6%95%B0%E8%AF%B4%E4%B8%AD%E8%B6%85%23&from=default\\\">#数说中超#</a>：深足新援迭戈·索萨】<a target=\\\"_blank\\\" render=\\\"ext\\\" suda-uatrack=\\\"key=topic_click&value=click_topic\\\" class=\\\"a_topic\\\" extra-data=\\\"type=topic\\\" href=\\\"//s.weibo.com/weibo?q=%23%E4%B8%AD%E8%B6%85%E8%81%94%E8%B5%9B%23&from=default\\\">#中超联赛#</a> <br>深圳佳兆业今天官宣，葡萄牙国脚迭戈·索萨正式加盟。现年30岁的迭戈·索萨司职前锋，曾效力葡甲、葡超多支球队，2018-19赛季，他代表布拉加出场41次打进20球并有8次助攻。<br>迭戈·索萨今年3月首次入选葡萄牙国家队，出战2场并于6月随队夺得首届欧国联冠军。对于这名锋霸新援，你有什么期待？<img class=\\\"W_img_face\\\" render=\\\"ext\\\" src=\\\"//img.t.sinajs.cn/t4/appstyle/expression/ext/normal/c9/2018new_chongjing_org.png\\\" title=\\\"[憧憬]\\\" alt=    \\\"[憧憬]\\\" type=\\\"face\\\" />\",\"count\":156,\"br\":2},\"4392561957274671\":{\"html\":\" 科瓦奇表示，新赛季的雄心非常大，拜仁想要卫冕双冠王，并且在欧战赛场有好得多的表现。<br><br>”这个赛季的雄心非常大，我们新赛季的目标是清晰的：想要卫冕双冠王，并且在欧战比上赛季表现好得多。我们想要提升做得好的地方，以及做得不好的地方。历史上拜仁夺得过5次欧冠，从1976年至今只有2次，这并不容易。我们想要做得更好，但没人能够保证它。“<br><br>”这不再是俱乐部对抗俱乐部了，我们拜仁现在必须与国家和亿万富翁竞争，如果你看看阿布扎比，卡塔尔和迪拜，他们比拜仁这样一个俱乐部的钱多得多。这对德甲俱乐部而言会更困难，最好的球员们在英格兰和西班牙踢球。因为相同的表现下，他们可以获得两倍的薪水。“<br><br>”上赛季我们有19名非门将球员，有很多伤病出现。作为一名教练，你必须预计到最糟糕的情况。我谈到了一个19-20名球员组成的球队，我们这里也有很多年轻人，像阿尔普，戴维斯和卢卡斯-迈。我们需要3-4名年轻球员，但你不能期待他们立刻有所表现，因此我们新赛季在说的是16+4。但只有17名球员的话，这是不够的。\",\"count\":426,\"br\":6},\"4392562196492822\":{\"html\":\" <a target=\\\"_blank\\\" render=\\\"ext\\\" suda-uatrack=\\\"key=topic_click&value=click_topic\\\" class=\\\"a_topic\\\" extra-data=\\\"type=topic\\\" href=\\\"//s.weibo.com/weibo?q=%23%E6%99%8B%E5%9F%8E%E8%BA%AB%E8%BE%B9%E4%BA%8B%23&from=default\\\">#晋城身边事#</a> 【2019年阳城一中获奖学金名单公布！】今年高考阳城一中取得了历史性突破，宋笑谊同学以655分(裸分)夺得全省文科第一，卫蕴泽同学以690分（裸分）夺得全省第三名，晋城市文理科双第一双双花落阳城！为了进一步发扬我县崇文重教的优良传统，进一步激励广大学子刻苦学习，县委县政府奖学助困名单发布。请以上获奖学生及家长于7月11日到阳城一中照相。奖学助困资金发放仪式拟于8月12日在阳城一中报告厅举行。<br>阳城一中<br>2019年7月9日 <a  suda-uatrack=\\\"key=tblog_card&value=click_title:4392562196492822:1022-place:1022%3A1001018008614010000000000\\\" title=\\\"太原\\\" href=\\\"http://t.cn/R2Wxau6\\\" alt=\\\"http://t.cn/R2Wxau6\\\" action-type=\\\"feed_list_url\\\" target=\\\"_blank\\\" rel=\\\"noopener noreferrer\\\"><i class=\\\"W_ficon ficon_cd_place\\\">2</i>太原</a>\",\"count\":208,\"br\":2},\"4392561776701264\":{\"html\":\" <a  suda-uatrack=\\\"key=tblog_card&value=click_title:4392561776701264:1022-topic:1022%3A1008087f7db8cf0ce7593e909d8246c2e0cb36\\\" title=\\\"山猫科普\\\" href=\\\"http://huati.weibo.com/4005259\\\" alt=\\\"http://huati.weibo.com/4005259\\\" action-type=\\\"feed_list_url\\\" target=\\\"_blank\\\" rel=\\\"noopener noreferrer\\\"><i class=\\\"W_ficon ficon_supertopic\\\">&#xe627;</i>山猫科普</a> 昨天晚上，一则《医生手术中突发心梗，咬牙为患者做完手术》的报道在中国新闻网刊登，为很多媒体所转载。这个报道引起了我医大同学们的强烈批评。他们都是临床一线的医疗专家。因此，我来写这个文章。<br>如果一个公交车司机突发心梗了，医生已经明确告诉他心梗了，要马上治疗，要靠边停车。司机却没有在路边靠边停车，而是继续坚持一个小时开车到终点，你会认为这个司机最敬业吗？同样的道理，为什么医生带病开刀就是最美医生，是有大爱的医生呢？难道有人认为，医生做手术就和剁猪肉做饺子馅一样，可以忍痛随便剁几刀就可以的吗？ <a  suda-uatrack=\\\"key=tblog_card&value=click_title:4392561776701264:1022-article:1022%3A2309404392561774034953:weibodetail:2423757750:4392561776701264:2423757750\\\" title=\\\"为了病人的生命安全，我们该提倡医生带病上手...\\\" href=\\\"http://t.cn/AiOgYHx5\\\" alt=\\\"http://t.cn/AiOgYHx5\\\" action-type=\\\"feed_list_url\\\" target=\\\"_blank\\\" rel=\\\"noopener noreferrer\\\"><i class=\\\"W_ficon ficon_cd_longwb\\\">&#xb0;</i>为了病人的生命安全，我们该提倡医生带病上手...</a>\",\"count\":275,\"br\":1},\"4392561453879344\":{\"html\":\" 【调查显示近1/4美国人不打算退休<img class=\\\"W_img_face\\\" render=\\\"ext\\\" src=\\\"//img.t.sinajs.cn/t4/appstyle/expression/ext/normal/5c/yw_org.gif\\\" title=\\\"[疑问]\\\" alt=    \\\"[疑问]\\\" type=\\\"face\\\" />原因多数与钱有关】美联社8日发布一项调查，显示将近四分之一的美国成年人根本不打算退休。调查显示，23%的美国人不打算退休，年过半百者中这一比例接近20%。另有大约25%的调查对象打算65岁以后继续工作。美国政府数据显示，大约两成65岁及以上老人今年6月仍在工作或求职。<br><br>美联社援引多名专家的话报道，不少年龄较大的员工之所以决定继续工作，多数与钱相关。例如，对意外生病或受伤者而言，高昂的医疗费和储蓄不足让他们生活捉襟见肘。而且，疾病、受伤、裁员或照顾家人等原因时常让他们无法如愿，只能离开工作岗位。（<a target=\\\"_blank\\\" render=\\\"ext\\\" extra-data=\\\"type=atname\\\" href=\\\"//weibo.com/n/%E6%96%B0%E5%8D%8E%E5%9B%BD%E9%99%85?from=feed&loc=at\\\" usercard=\\\"name=新华国际\\\">@新华国际</a> ）\",\"count\":264,\"br\":2},\"4392561441198297\":{\"html\":\" <a target=\\\"_blank\\\" render=\\\"ext\\\" suda-uatrack=\\\"key=topic_click&value=click_topic\\\" class=\\\"a_topic\\\" extra-data=\\\"type=topic\\\" href=\\\"//s.weibo.com/weibo?q=%23%E6%98%8E%E6%97%A5%E7%B2%BE%E5%BD%A9%E6%97%A9%E7%9F%A5%E9%81%93%23&from=default\\\">#明日精彩早知道#</a> 7月11日周四CCTV5+精彩节目抢先看！<br><br>20:00&nbsp;&nbsp;直播 温布尔登网球公开赛 女单半决赛<br><br>您还可以在CCTV5收看更多直播：<br><br>08:30&nbsp;&nbsp;世界男排联赛 总决赛小组赛 美国-法国<br><br>18:30&nbsp;&nbsp;全国田径锦标赛 多项决赛<br><br>20:00&nbsp;&nbsp;中超第17轮 天津泰达-广州恒大<br><br>22:30&nbsp;&nbsp;温布尔登网球公开赛 女单半决赛<br><br>您还可以在CCTV5客户端收看更多直播：<br><br>00:00&nbsp;&nbsp;第30届世界大学生运动会 游泳多项决赛<br><br>16:00&nbsp;&nbsp;第30届世界大学生运动会 乒乓球多项决赛\",\"count\":193,\"br\":18},\"4392561487507208\":{\"html\":\" 【一个时代的结束！<a target=\\\"_blank\\\" render=\\\"ext\\\" suda-uatrack=\\\"key=topic_click&value=click_topic\\\" class=\\\"a_topic\\\" extra-data=\\\"type=topic\\\" href=\\\"//s.weibo.com/weibo?q=%23%E7%94%B2%E5%A3%B3%E8%99%AB%E5%81%9C%E4%BA%A7%23&from=default\\\">#甲壳虫停产#</a>，最后一批车在大众墨西哥工厂下线】7月10日，大众汽车在墨西哥普埃布拉工厂装配线正式下线最后一批甲壳虫，这意味着以后再不会有甲壳虫量产。甲壳虫已有80多年历史，第一款经典车型由保时捷创始人费迪南德·波尔舍设计，1938年由希特勒批准正式生产。<a  suda-uatrack=\\\"key=tblog_card&value=click_title:4392561487507208:2017607-video:2017607%3A4392518465304781:weibodetail:1644114654:4392561487507208:1644114654\\\" title=\\\"全球消费情报的秒拍视频\\\" href=\\\"http://t.cn/AiOrRRUM\\\" alt=\\\"http://t.cn/AiOrRRUM\\\" action-type=\\\"feed_list_url\\\" target=\\\"_blank\\\" rel=\\\"noopener noreferrer\\\"><i class=\\\"W_ficon ficon_cd_video\\\">L</i>全球消费情报的秒拍视频</a>（梨视频）\",\"count\":148,\"br\":0},\"4392564725134974\":{\"html\":\" 【创历史！动漫人物助力，<a target=\\\"_blank\\\" render=\\\"ext\\\" suda-uatrack=\\\"key=topic_click&value=click_topic\\\" class=\\\"a_topic\\\" extra-data=\\\"type=topic\\\" href=\\\"//s.weibo.com/weibo?q=%23%E4%B8%9C%E4%BA%AC%E5%A5%A5%E8%BF%90%E8%B5%9E%E5%8A%A9%E8%B6%8531%E4%BA%BF%E7%BE%8E%E5%85%83%23&from=default\\\">#东京奥运赞助超31亿美元#</a> [哆啦A梦吃惊]】国际奥委会官方宣布，东京奥运会企业赞助费已超31亿美元。这个数字接近伦敦/巴西奥运会的三倍，同时63家赞助也创造了奥运会赞助商的纪录。东京奥组委借助二次元造势，不仅让让海贼王、火影忍者、蜡笔小新等卡通形象成为奥运大使，明年还准备将动漫《机动战士高达》人物送上太空。<img class=\\\"W_img_face\\\" render=\\\"ext\\\" src=\\\"//img.t.sinajs.cn/t4/appstyle/expression/ext/normal/75/2018new_gui_org.png\\\" title=\\\"[跪了]\\\" alt=    \\\"[跪了]\\\" type=\\\"face\\\" /><a  suda-uatrack=\\\"key=tblog_card&value=click_title:4392564725134974:2017607-video:2017607%3A4392539634258798:weibodetail:1638781994:4392564725134974:1638781994\\\" title=\\\"梨视频体育的秒拍视频\\\" href=\\\"http://t.cn/AiOduFQp\\\" alt=\\\"http://t.cn/AiOduFQp\\\" action-type=\\\"feed_list_url\\\" target=\\\"_blank\\\" rel=\\\"noopener noreferrer\\\"><i class=\\\"W_ficon ficon_cd_video\\\">L</i>梨视频体育的秒拍视频</a>\",\"count\":173,\"br\":0},\"4392549974216719\":{\"html\":\" 千呼万唤始出来，wuli最最可爱的小清新<a  suda-uatrack=\\\"key=tblog_card&value=click_title:4392549974216719:1022-topic:1022%3A100808400f47abec102d10a5ba8d11d682525e\\\" title=\\\"郑益昕\\\" href=\\\"http://huati.weibo.com/5334561\\\" alt=\\\"http://huati.weibo.com/5334561\\\" action-type=\\\"feed_list_url\\\" target=\\\"_blank\\\" rel=\\\"noopener noreferrer\\\"><i class=\\\"W_ficon ficon_supertopic\\\">&#xe627;</i>郑益昕</a> 同学在这次<a target=\\\"_blank\\\" render=\\\"ext\\\" suda-uatrack=\\\"key=topic_click&value=click_topic\\\" class=\\\"a_topic\\\" extra-data=\\\"type=topic\\\" href=\\\"//s.weibo.com/weibo?q=%232019%E4%B8%96%E7%95%8C%E5%A5%B3%E6%8E%92%E8%81%94%E8%B5%9B%E6%80%BB%E5%86%B3%E8%B5%9B%23&from=default\\\">#2019世界女排联赛总决赛#</a>&nbsp;&nbsp;&nbsp;中国女排的全部四场比赛的得分集锦来啦~就像<a target=\\\"_blank\\\" render=\\\"ext\\\" extra-data=\\\"type=atname\\\" href=\\\"//weibo.com/n/%E8%82%A5%E8%82%A5%E5%BE%88%E8%9C%A1%E7%AC%94?from=feed&loc=at\\\" usercard=\\\"name=肥肥很蜡笔\\\">@肥肥很蜡笔</a> 同学赛后采访时说的那样，是集体的力量、是球迷的支持推动着不断前进。就像那句名言说的那样：If you want to go fast , go alone . if you want to go far ,&nbsp;&nbsp;go together ! <a  suda-uatrack=\\\"key=tblog_card&value=click_title:4392549974216719:1022-topic:1022%3A1008088e9f42b8f67e6976099b521f9f5c000e\\\" title=\\\"中国女排\\\" href=\\\"http://huati.weibo.com/106555\\\" alt=\\\"http://huati.weibo.com/106555\\\" action-type=\\\"feed_list_url\\\" target=\\\"_blank\\\" rel=\\\"noopener noreferrer\\\"><i class=\\\"W_ficon ficon_supertopic\\\">&#xe627;</i>中国女排</a> 好样的！<img class=\\\"W_img_face\\\" render=\\\"ext\\\" src=\\\"//img.t.sinajs.cn/t4/appstyle/expression/ext/normal/8a/2018new_good_org.png\\\" title=\\\"[good]\\\" alt=    \\\"[good]\\\" type=\\\"face\\\" />加油！！！ <img class=\\\"W_img_face\\\" render=\\\"ext\\\" src=\\\"//img.t.sinajs.cn/t4/appstyle/expression/ext/normal/9f/2018new_jiayou_org.png\\\" title=\\\"[加油]\\\" alt=    \\\"[加油]\\\" type=\\\"face\\\" /> BGM:《Listen To The Sound》《What Faith Can Do》《Together》 <a  suda-uatrack=\\\"key=tblog_card&value=click_title:4392549974216719:1034-video:1034%3A4392545309137450:weibodetail:6183860120:4392549974216719:6183860120\\\" title=\\\"为你的梦想插上翅膀的微博视频\\\" href=\\\"http://t.cn/AiOgb7zM\\\" alt=\\\"http://t.cn/AiOgb7zM\\\" action-type=\\\"feed_list_url\\\" target=\\\"_blank\\\" rel=\\\"noopener noreferrer\\\"><i class=\\\"W_ficon ficon_cd_video\\\">L</i>为你的梦想插上翅膀的微博视频</a>\",\"count\":210,\"br\":0}}","search_enable":"bfalse","user1645221270config":"s{\"weibo.tool.load_weibo_by_group.group\":{},\"weibo.tool.load_weibo_by_group\":false,\"weibo.tool.load_weibo_by_multi_group.count\":50,\"weibo.tool.load_weibo_by_multi_group.enabled\":false,\"weibo.tool.load_weibo_by_multi_group.clear\":\"clear\",\"weibo.tool.load_weibo_by_multi_group.whisper\":false,\"weibo.tool.load_weibo_by_multi_group\":[],\"weibo.tool.use_fast_creator\":true,\"weibo.tool.refilter\":true,\"weibo.tool.fast_block_button\":false,\"weibo.tool.block_hidden\":false,\"weibo.tool.disable_lazyload\":false,\"weibo.other.group_account\":true,\"weibo.other.group_same_account\":true,\"weibo.other.auto_load_new_weibo\":false,\"weibo.other.auto_expand.etypes\":false,\"weibo.other.auto_expand.background\":true,\"weibo.other.auto_expand\":false,\"weibo.other.desktop_notification.types\":true,\"weibo.other.desktop_notification.autohide\":true,\"weibo.other.desktop_notification.shorten\":false,\"weibo.other.desktop_notification.shortlen\":50,\"weibo.other.desktop_notification.duration\":3000,\"weibo.other.desktop_notification.durationc\":150,\"weibo.other.desktop_notification.ntypes\":false,\"weibo.other.desktop_notification\":false,\"weibo.filters.keyword.whitelist\":[],\"weibo.filters.keyword.blacklist\":[],\"weibo.filters.keyword.foldlist\":[],\"weibo.filters.regexp.whitelist\":[],\"weibo.filters.regexp.blacklist\":[],\"weibo.filters.regexp.foldlist\":[],\"weibo.content.types_mention\":true,\"weibo.content.types_topic\":true,\"weibo.content.types_stock\":true,\"weibo.content.types_linkt\":true,\"weibo.content.types_linku\":false,\"weibo.content.types_emotion\":false,\"weibo.filters.account.whitelist\":[],\"weibo.filters.account.blacklist\":[],\"weibo.filters.account.foldlist\":[],\"weibo.filters.accountf.blacklist\":[],\"weibo.filters.accountf.foldlist\":[],\"weibo.original.blacklist_d\":true,\"weibo.filters.original.whitelist\":[],\"weibo.filters.original.blacklist\":[],\"weibo.filters.original.foldlist\":[],\"weibo.original.by_follower.enabled\":false,\"weibo.original.by_follower.fans\":10,\"weibo.original.by_follower\":[],\"weibo.filters.mention.whitelist\":[],\"weibo.filters.mention.blacklist\":[],\"weibo.filters.mention.foldlist\":[],\"weibo.filters.topic.whitelist\":[],\"weibo.filters.topic.blacklist\":[],\"weibo.filters.topic.foldlist\":[],\"weibo.filters.rtopic.whitelist\":[],\"weibo.filters.rtopic.blacklist\":[],\"weibo.filters.rtopic.foldlist\":[],\"weibo.filters.source.whitelist\":[],\"weibo.filters.source.blacklist\":[],\"weibo.filters.source.foldlist\":[],\"weibo.filters.hyperlink.whitelist\":[],\"weibo.filters.hyperlink.blacklist\":[],\"weibo.filters.hyperlink.foldlist\":[],\"weibo.filters.linktitle.whitelist\":[],\"weibo.filters.linktitle.blacklist\":[],\"weibo.filters.linktitle.foldlist\":[],\"weibo.other.my_weibo\":false,\"weibo.other.my_original\":false,\"weibo.other.mention_me\":false,\"weibo.other.ad_feed\":false,\"weibo.other.fans_top\":false,\"weibo.other.product_card\":false,\"weibo.other.tb_tm_wb\":false,\"weibo.other.weibo_pay_gift\":false,\"weibo.other.user_like\":false,\"weibo.other.fake_weibo\":false,\"weibo.other.deleted_forward\":false,\"weibo.other.comment_and_reply\":false,\"weibo.other.vote_weibo\":false,\"weibo.other.red2014\":false,\"weibo.other.jinli_forward\":false,\"weibo.other.appitem\":false,\"weibo.other.wenda\":false,\"weibo.other.wenwodr\":false,\"weibo.other.yizhibo.type\":\"all\",\"weibo.other.yizhibo\":false,\"weibo.other.stock\":false,\"weibo.other.paid\":false,\"weibo.other.multi_topic.num\":5,\"weibo.other.multi_topic\":false,\"weibo.other.too_long\":false,\"weibo.other.wei_huati\":false,\"weibo.other.wei_qun\":false,\"weibo.other.wei_fangtan\":false,\"weibo.other.wei_gongyi\":false,\"weibo.other.unauth_source\":false,\"weibo.other.same_account.number\":5,\"weibo.other.same_account.action\":\"fold\",\"weibo.other.same_account\":false,\"weibo.other.same_forward.number\":3,\"weibo.other.same_forward.action\":\"fold\",\"weibo.other.same_forward\":false,\"weibo.filters.ckeyword.whitelist\":[],\"weibo.filters.ckeyword.blacklist\":[],\"weibo.filters.cregexp.whitelist\":[],\"weibo.filters.cregexp.blacklist\":[],\"weibo.filters.cuser.whitelist\":[],\"weibo.filters.cuser.blacklist\":[],\"weibo.filters.ctopic.whitelist\":[],\"weibo.filters.ctopic.blacklist\":[],\"weibo.comment.my_comment\":true,\"weibo.comment.emoji_count.number\":8,\"weibo.comment.emoji_count\":false,\"weibo.comment.emoji_types.number\":4,\"weibo.comment.emoji_types\":false,\"weibo.comment.no_content\":false,\"weibo.comment.with_forward\":false,\"weibo.comment.with_picture.act\":\"fold\",\"weibo.comment.with_picture\":false,\"weibo.comment.delete_comment\":false,\"weibo.layoutHideIconLevel\":false,\"weibo.layoutHideIconMember\":false,\"weibo.layoutHideIconApprove\":false,\"weibo.layoutHideIconApproveCo\":false,\"weibo.layoutHideIconApproveDead\":false,\"weibo.layoutHideIconClub\":false,\"weibo.layoutHideIconVGirl\":false,\"weibo.layoutHideIconSupervisor\":false,\"weibo.layoutHideIconTaobao\":false,\"weibo.layoutHideIconCheng\":false,\"weibo.layoutHideIconGongyi\":false,\"weibo.layoutHideIconZongyika\":false,\"weibo.layoutHideIconOther\":false,\"weibo.layoutHideFollowSingle\":false,\"weibo.layoutHideFollowAtMe\":false,\"weibo.layoutHideFollowDiscover\":false,\"weibo.layoutHideFollowWhisper\":false,\"weibo.layoutHideFollowVideo\":false,\"weibo.layoutHideFollowRecommend\":false,\"weibo.layoutHideNavLogoImg\":false,\"weibo.layoutHideNavMain\":false,\"weibo.layoutHideNavTV\":false,\"weibo.layoutHideNavHot\":false,\"weibo.layoutHideNavGame\":false,\"weibo.layoutHideNavHotSearch\":false,\"weibo.layoutHideNavNoticeNew\":false,\"weibo.layoutHideNavNew\":false,\"weibo.layoutHideNavHotTip\":false,\"weibo.layoutHideLeftHome\":false,\"weibo.layoutHideLeftFav\":false,\"weibo.layoutHideLeftLike\":false,\"weibo.layoutHideLeftHot\":false,\"weibo.layoutHideLeftTV\":false,\"weibo.layoutHideLeftFriends\":false,\"weibo.layoutHideLeftGroupToMe\":true,\"weibo.layoutHideLeftSpecial\":false,\"weibo.layoutHideLeftWhisper\":true,\"weibo.layoutHideLeftVPlus\":false,\"weibo.layoutHideLeftNew\":false,\"weibo.layoutHideLeftNews\":false,\"weibo.layoutHideLeftCount\":false,\"weibo.layoutHideMiddleRecommendedTopic\":true,\"weibo.layoutHideMiddleFeedRecommand\":false,\"weibo.layoutHideMiddleMemberTip\":false,\"weibo.layoutHideRightInfo\":true,\"weibo.layoutHideRightRecomMusicRank\":true,\"weibo.layoutHideRightHotTopic\":true,\"weibo.layoutHideRightHotTopicExpand\":true,\"weibo.layoutHideRightInterest\":true,\"weibo.layoutHideRightMember\":true,\"weibo.layoutHideRightGroups\":true,\"weibo.layoutHideRightRecomGroupUser\":false,\"weibo.layoutHideRightHongbaoRank\":true,\"weibo.layoutHideRightMovie\":true,\"weibo.layoutHideRightAttFeed\":true,\"weibo.layoutHideRightTaobaoMovie\":true,\"weibo.layoutHideRightNotice\":true,\"weibo.layoutHideWeiboRecomFeed\":false,\"weibo.layoutHideWeiboFeedOuterTip\":true,\"weibo.layoutHideWeiboFeedTip\":false,\"weibo.layoutHideWeiboGroupTip\":false,\"weibo.layoutHideWeiboVIPBackground\":false,\"weibo.layoutHideWeiboLastPic\":false,\"weibo.layoutHideWeiboPicTag\":false,\"weibo.layoutHideWeiboSonTitle\":false,\"weibo.layoutHideWeiboCard\":false,\"weibo.layoutHideWeiboArticalPay\":false,\"weibo.layoutHideWeiboTag\":false,\"weibo.layoutHideWeiboMovieTag\":false,\"weibo.layoutHideWeiboSource\":false,\"weibo.layoutHideWeiboPop\":false,\"weibo.layoutHideWeiboLike\":false,\"weibo.layoutHideWeiboLikeComment\":false,\"weibo.layoutHideWeiboLikePopup\":false,\"weibo.layoutHideWeiboForward\":false,\"weibo.layoutHideWeiboFavourite\":false,\"weibo.layoutHideWeiboPromoteOther\":false,\"weibo.layoutHideWeiboReport\":false,\"weibo.layoutHideWeiboUseCardBackground\":false,\"weibo.layoutHidePersonMoveThings\":false,\"weibo.layoutHidePersonCover\":false,\"weibo.layoutHidePersonBGImg\":false,\"weibo.layoutHidePersonBadgeIcon\":false,\"weibo.layoutHidePersonVerify\":false,\"weibo.layoutHidePersonEditPersonInfo\":false,\"weibo.layoutHidePersonStats\":false,\"weibo.layoutHidePersonMyData\":false,\"weibo.layoutHidePersonSuggestUser\":false,\"weibo.layoutHidePersonGroup\":false,\"weibo.layoutHidePersonRelation\":false,\"weibo.layoutHidePersonAlbum\":false,\"weibo.layoutHidePersonHotTopic\":false,\"weibo.layoutHidePersonHotWeibo\":false,\"weibo.layoutHidePersonUserList\":false,\"weibo.layoutHidePersonHongbao\":false,\"weibo.layoutHidePersonWenwoDr\":false,\"weibo.layoutHidePersonTimeline\":false,\"weibo.layout.pleft\":[],\"weibo.layoutHideMessagesHelp\":false,\"weibo.layoutHideMessagesFeedback\":false,\"weibo.layoutHideMessagesYoudao\":false,\"weibo.layoutHideOtherAds\":true,\"weibo.layoutHideOtherMusic\":true,\"weibo.layoutHideOtherTemplate\":true,\"weibo.layoutHideOtherHomeTip\":false,\"weibo.layoutHideOtherFooter\":true,\"weibo.layoutHideOtherWbIm\":false,\"weibo.layoutHideOtherIM\":true,\"weibo.layoutHideOtherIMNews\":false,\"weibo.layoutHideOtherTip\":false,\"weibo.layoutHideOtherRelatedWB\":false,\"weibo.layoutHideOtherRelatedVideo\":false,\"weibo.layoutHideOtherRelatedArtical\":false,\"weibo.layoutHideOtherSendWeibo\":false,\"weibo.tool.showAllMsgNav.atme\":true,\"weibo.tool.showAllMsgNav.cmt\":true,\"weibo.tool.showAllMsgNav.like\":false,\"weibo.tool.showAllMsgNav.dm\":false,\"weibo.tool.showAllMsgNav.msgbox\":false,\"weibo.tool.showAllMsgNav.group\":false,\"weibo.tool.showAllMsgNav.dmsub\":false,\"weibo.tool.showAllMsgNav\":false,\"weibo.tool.showAllGroup\":true,\"weibo.tool.mergeColumns.side\":\"right\",\"weibo.tool.mergeColumns\":true,\"weibo.tool.chose_side.side\":\"right\",\"weibo.tool.chose_side\":false,\"weibo.tool.filte_right_topic\":false,\"weibo.tool.filte_right_topic_count.number\":200,\"weibo.tool.filte_right_topic_count\":false,\"weibo.tool.right_user_list\":[],\"weibo.tool.right_user_list_notice._records\":[],\"weibo.tool.right_user_list_notice._last\":{},\"weibo.tool.right_user_list_notice\":false,\"weibo.tool.hide_nav_bar\":true,\"weibo.tool.fixedLeft\":true,\"weibo.tool.fixedRight\":true,\"weibo.tool.fixedNewFeedTip\":false,\"weibo.tool.fixedOthers\":true,\"weibo.tool.auto_unfold_weibo.count\":2000,\"weibo.tool.auto_unfold_weibo.br\":30,\"weibo.tool.auto_unfold_weibo\":true,\"weibo.tool.clear_def_topic\":true,\"weibo.tool.redirectWeibo\":true,\"weibo.tool.cardButton\":false,\"weibo.tool.viewOriginal.open\":\"image\",\"weibo.tool.viewOriginal.direct\":false,\"weibo.tool.viewOriginal.method\":\"default\",\"weibo.tool.viewOriginal.url\":\"default\",\"weibo.tool.viewOriginal\":true,\"weibo.tool.downloadImage.direct\":false,\"weibo.tool.downloadImage\":false,\"weibo.tool.noTagDialog\":false,\"weibo.tool.use_built_in_video_player.volume\":100,\"weibo.tool.use_built_in_video_player.memorize\":false,\"weibo.tool.use_built_in_video_player\":false,\"weibo.tool.pause_animated_image\":true,\"weibo.tool.disable_video_menu\":true,\"weibo.tool.replace_link\":false,\"weibo.tool.replace_image_emoji\":false,\"weibo.other.customize_source\":false,\"weibo.other.fold_child_comment\":false,\"weibo.other.comment_show_all\":false,\"weibo.tool.auto_check_following.frequency\":\"3\",\"weibo.tool.auto_check_following\":false,\"weibo.tool.auto_unfold_ttartical\":true,\"weibo.tool.uncheck_follow_presenter\":true,\"weibo.tool.fast_emoji.top\":[null,null,null,null,null,null,null,null,null,null],\"weibo.tool.fast_emoji.recent\":[null,null,null,null,null,null,null,null,null,null],\"weibo.tool.fast_emoji\":false,\"weibo.tool.disable_desktop_notification\":true,\"weibo.tool.disable_live_photo\":true,\"weibo.tool.disable_video_click_pop\":true,\"weibo.tool.no_pop_but_full_screen\":false,\"weibo.tool.video_no_auto_next\":false,\"weibo.tool.custom_font_family.wf\":\"Times\",\"weibo.tool.custom_font_family.cf\":\"中易宋体\",\"weibo.tool.custom_font_family\":false,\"weibo.tool.weibo_large_font.ratio\":\"120\",\"weibo.tool.weibo_large_font\":true,\"weibo.tool.avatar_shape.shape\":\"square\",\"weibo.tool.avatar_shape\":false,\"weibo.tool.dark_nav_bar\":false,\"weibo.tool.reorder_nav_bar\":false,\"weibo.tool.nav_hide_name.act\":\"hidden\",\"weibo.tool.nav_hide_name\":true,\"weibo.tool.width_weibo.width\":750,\"weibo.tool.width_weibo\":true,\"weibo.tool.weibo_only.width\":600,\"weibo.tool.weibo_only.key\":119,\"weibo.tool.weibo_only.switch\":false,\"weibo.tool.weibo_only._enabled\":false,\"weibo.tool.weibo_only\":false,\"weibo.tool.set_skin.skin\":\"skin058\",\"weibo.tool.set_skin\":false,\"weibo.tool.unwrapText\":false,\"weibo.tool.unwrapContent.text\":\"⏎\",\"weibo.tool.unwrapContent\":false,\"weibo.tool.image_size.repost\":false,\"weibo.tool.image_size\":false,\"weibo.tool.no_weibo_space\":false,\"weibo.tool.from_in_bottom\":false,\"weibo.tool.user_page_no_author.who\":\"all\",\"weibo.tool.user_page_no_author\":false,\"weibo.tool.hover_show_fold\":false,\"weibo.tool.fold_text.text\":\"author-reason\",\"weibo.tool.fold_text\":false,\"weibo.layout.reorder.1\":\"pop\",\"weibo.layout.reorder.2\":\"favorite\",\"weibo.layout.reorder.3\":\"forward\",\"weibo.layout.reorder.4\":\"comment\",\"weibo.layout.reorder.5\":\"like\",\"weibo.layout.reorder\":true,\"weibo.layout.cmtorder.1\":\"report\",\"weibo.layout.cmtorder.2\":\"delete\",\"weibo.layout.cmtorder.3\":\"conversition\",\"weibo.layout.cmtorder.4\":\"reply\",\"weibo.layout.cmtorder.5\":\"like\",\"weibo.layout.cmtorder\":true,\"weibo.tool.whitelist_highlight.color\":\"#dafee4\",\"weibo.tool.whitelist_highlight.transparency\":0,\"weibo.tool.whitelist_highlight\":false,\"weibo.tool.color_override.color1\":\"#f6f6f6\",\"weibo.tool.color_override.transparency1\":30,\"weibo.tool.color_override.color2\":\"#ffffff\",\"weibo.tool.color_override.transparency2\":30,\"weibo.tool.color_override.color3\":\"#ffffff\",\"weibo.tool.color_override.transparency3\":30,\"weibo.tool.color_override\":false,\"weibo.tool.userstyle\":\"\",\"weibo._yawf_version\":504,\"script.other.auto_complete\":true,\"weibo.tool.message_current_page\":false,\"weibo.tool.load_weibo_by_newest\":true,\"weibo.layoutHideLeftNewFeed\":false,\"weibo.layoutHideIconBigFun\":false,\"weibo.tool.highlight_low_reading.count\":100,\"weibo.tool.highlight_low_reading\":false}","whatsnew":"btrue"},"ts":1562753109603}