{"data":{"debug":"bfalse","extent":"bfalse","long_weibo_cache":"s{\"4379454308508565\":{\"html\":null,\"count\":191,\"br\":2},\"4379507752242749\":{\"html\":\" 【一个照片，两个帝国】从两人看，一个1926年4月21日出生，已93岁；一个1946年6月14日出生，近73岁。从两国看，一个老态龙钟，代表的是曾经的日不落帝国，如今已经垂垂老矣；一个傲睨万物，代表的是当今的管全球帝国，如今已经独霸权天下。从中国传统习俗看，“七十三，八十四，阎王爷不叫自己去。”93岁已经过了两道坎，73岁正迎来第一道坎，这样来说，老特还不一定熬得过老太太呢。<img class=\\\"W_img_face\\\" render=\\\"ext\\\" src=\\\"//img.t.sinajs.cn/t4/appstyle/expression/ext/normal/83/2018new_kuxiao_org.png\\\" title=\\\"[允悲]\\\" alt=    \\\"[允悲]\\\" type=\\\"face\\\" /><img class=\\\"W_img_face\\\" render=\\\"ext\\\" src=\\\"//img.t.sinajs.cn/t4/appstyle/expression/ext/normal/83/2018new_kuxiao_org.png\\\" title=\\\"[允悲]\\\" alt=    \\\"[允悲]\\\" type=\\\"face\\\" />开个玩笑啦，不过真能应验大家别忘记打赏哟！<img class=\\\"W_img_face\\\" render=\\\"ext\\\" src=\\\"//img.t.sinajs.cn/t4/appstyle/expression/ext/normal/33/2018new_xixi_org.png\\\" title=\\\"[嘻嘻]\\\" alt=    \\\"[嘻嘻]\\\" type=\\\"face\\\" /><img class=\\\"W_img_face\\\" render=\\\"ext\\\" src=\\\"//img.t.sinajs.cn/t4/appstyle/expression/ext/normal/33/2018new_xixi_org.png\\\" title=\\\"[嘻嘻]\\\" alt=    \\\"[嘻嘻]\\\" type=\\\"face\\\" />\",\"count\":200,\"br\":0},\"4379729504916905\":{\"html\":\" 【中国两天连发三条预警后 美国有人“坐不住”了】6月4日，中国外交部、文化和旅游部接连发布赴美旅游安全预警，提醒中国游客<a target=\\\"_blank\\\" render=\\\"ext\\\" suda-uatrack=\\\"key=topic_click&value=click_topic\\\" class=\\\"a_topic\\\" extra-data=\\\"type=topic\\\" href=\\\"//s.weibo.com/weibo?q=%23%E8%BF%91%E6%9C%9F%E8%B0%A8%E6%85%8E%E5%89%8D%E5%BE%80%E7%BE%8E%E5%9B%BD%E6%97%85%E6%B8%B8%23&from=default\\\">#近期谨慎前往美国旅游#</a>。此前1天，教育部发布2019年第1号留学预警。面对这一转变，美国各大城市、旅游景点和购物中心等心急如焚，推出各种措施迎合中国游客的需求，如提供中文导览、接入中国的移动支付软件等。(参考消息)<a target=\\\"_blank\\\" render=\\\"ext\\\" suda-uatrack=\\\"key=topic_click&value=click_topic\\\" class=\\\"a_topic\\\" extra-data=\\\"type=topic\\\" href=\\\"//s.weibo.com/weibo?q=%23%E6%96%87%E6%97%85%E9%83%A8%E6%8F%90%E9%86%92%E4%B8%AD%E5%9B%BD%E6%B8%B8%E5%AE%A2%E8%B0%A8%E6%85%8E%E8%B5%B4%E7%BE%8E%23&from=default\\\">#文旅部提醒中国游客谨慎赴美#</a>\",\"count\":176,\"br\":0},\"4379501460743183\":{\"html\":null,\"count\":306,\"br\":3},\"4379431940792609\":{\"html\":\" 【美国施压升级之际，华为拟出售华为海洋51%股权】- 中国最大的电力和光纤网络制造商之一江苏亨通光电周一在提交给上交所的一份公告中表示，已于上周五签署一份意向书，拟通过现金和发行股票的方式收购华为海洋51%的股份。将华为海洋的股份出售给亨通光电将使一项具有战略重要意义的业务保留在中国人手中，同时也可能使华为海洋免受华为相关争议的影响。详见：<a suda-uatrack=\\\"key=minicard&value=pagelink_minicard_click\\\" title=\\\"网页链接\\\" href=\\\"http://t.cn/Ai9C01Zr\\\" alt=\\\"http://t.cn/Ai9C01Zr\\\" action-type=\\\"feed_list_url\\\" target=\\\"_blank\\\" rel=\\\"noopener noreferrer\\\"><i class=\\\"W_ficon ficon_cd_link\\\">O</i>网页链接</a>\",\"count\":172,\"br\":0},\"4378140992284123\":{\"html\":null,\"count\":559,\"br\":30},\"4379757258790743\":{\"html\":null,\"count\":236,\"br\":13},\"4379568712301975\":{\"html\":null,\"count\":221,\"br\":6},\"4379459517831980\":{\"html\":null,\"count\":433,\"br\":16},\"4379630528119338\":{\"html\":null,\"count\":369,\"br\":3},\"4379487703394394\":{\"html\":null,\"count\":183,\"br\":2},\"4379574127094513\":{\"html\":\" 【父亲是中国首富她却无缘接班，做生意被骗5亿元，37岁仍单身】“对于我来说，娃哈哈只有一个。它是我的整个人生，所有的梦。它是我在这个世界上存在过的证明。”2018年12月，宗庆后在演讲中这样描述自己对娃哈哈的情感。经营30余载，75岁的老人仍很难退休。2013年，娃哈哈实现营业收入783亿元，宗庆后也以700亿身家登上了<a target=\\\"_blank\\\" render=\\\"ext\\\" suda-uatrack=\\\"key=topic_click&value=click_topic\\\" class=\\\"a_topic\\\" extra-data=\\\"type=topic\\\" href=\\\"//s.weibo.com/weibo?q=%23%E6%96%B0%E8%B4%A2%E5%AF%8C500%E5%AF%8C%E4%BA%BA%E6%A6%9C%23&from=default\\\">#新财富500富人榜#</a>首富之位。<a  title=\\\"父亲是中国首富她却无缘接班，做生意被骗5亿...\\\" href=\\\"http://t.cn/Ai966OJt\\\" alt=\\\"http://t.cn/Ai966OJt\\\" action-type=\\\"feed_list_url\\\" target=\\\"_blank\\\" rel=\\\"noopener noreferrer\\\"><i class=\\\"W_ficon ficon_cd_link\\\">O</i>父亲是中国首富她却无缘接班，做生意被骗5亿...</a>\",\"count\":186,\"br\":0},\"4379762925443435\":{\"html\":null,\"count\":569,\"br\":12},\"4379599473399963\":{\"html\":\" 【开门红！中国女排横扫日本女排，<a target=\\\"_blank\\\" render=\\\"ext\\\" suda-uatrack=\\\"key=topic_click&value=click_topic\\\" class=\\\"a_topic\\\" extra-data=\\\"type=topic\\\" href=\\\"//s.weibo.com/weibo?q=%23%E6%9C%B1%E5%A9%B7%E6%9A%B4%E5%8A%9B%E6%89%A3%E7%90%83%E6%97%B6%E9%80%9F%E8%BF%91%E7%99%BE%E5%85%AC%E9%87%8C%23&from=default\\\">#朱婷暴力扣球时速近百公里#</a><img class=\\\"W_img_face\\\" render=\\\"ext\\\" src=\\\"//img.t.sinajs.cn/t4/appstyle/expression/ext/normal/14/2018new_weiwu_org.png\\\" title=\\\"[威武]\\\" alt=    \\\"[威武]\\\" type=\\\"face\\\" />】2019年国际排联世界女排联赛中国香港站，中国女排直落三局，以27-25、25-18和25-21横扫日本女排，取得开门红。此役，朱婷得到全场最多的18分，多次上演暴力扣球，其中一球时速达到97.2km/h，不愧是国际巨星！<img class=\\\"W_img_face\\\" render=\\\"ext\\\" src=\\\"//img.t.sinajs.cn/t4/appstyle/expression/ext/normal/6d/2018new_zhongguozan_org.png\\\" title=\\\"[中国赞]\\\" alt=    \\\"[中国赞]\\\" type=\\\"face\\\" /><a target=\\\"_blank\\\" render=\\\"ext\\\" extra-data=\\\"type=atname\\\" href=\\\"//weibo.com/n/%E6%A2%A8%E8%A7%86%E9%A2%91%E4%BD%93%E8%82%B2?from=feed&loc=at\\\" usercard=\\\"name=梨视频体育\\\">@梨视频体育</a> <a target=\\\"_blank\\\" render=\\\"ext\\\" suda-uatrack=\\\"key=topic_click&value=click_topic\\\" class=\\\"a_topic\\\" extra-data=\\\"type=topic\\\" href=\\\"//s.weibo.com/weibo?q=%23%E4%B8%AD%E5%9B%BD%E5%A5%B3%E6%8E%923-0%E6%97%A5%E6%9C%AC%E5%A5%B3%E6%8E%92%23&from=default\\\">#中国女排3-0日本女排#</a><a target=\\\"_blank\\\" render=\\\"ext\\\" suda-uatrack=\\\"key=topic_click&value=click_topic\\\" class=\\\"a_topic\\\" extra-data=\\\"type=topic\\\" href=\\\"//s.weibo.com/weibo?q=%23%E6%9C%B1%E5%A9%B7%E6%89%A3%E7%90%83%23&from=default\\\">#朱婷扣球#</a> （视频来源：央视）<a  suda-uatrack=\\\"key=tblog_card&value=click_title:4379599473399963:2017607-video:2017607%3A4379596028601135:weibodetail:6004281123:4379599473399963:6004281123\\\" title=\\\"梨视频体育的秒拍视频\\\" href=\\\"http://t.cn/Ai9lI5bP\\\" alt=\\\"http://t.cn/Ai9lI5bP\\\" action-type=\\\"feed_list_url\\\" target=\\\"_blank\\\" rel=\\\"noopener noreferrer\\\"><i class=\\\"W_ficon ficon_cd_video\\\">L</i>梨视频体育的秒拍视频</a>\",\"count\":169,\"br\":0},\"4379800799743338\":{\"html\":null,\"count\":170,\"br\":5},\"4379804294302293\":{\"html\":null,\"count\":172,\"br\":6},\"4379818722452304\":{\"html\":null,\"count\":287,\"br\":4},\"4379783179702112\":{\"html\":null,\"count\":850,\"br\":16},\"4379767329158108\":{\"html\":\" 【时间提前车减少！<a target=\\\"_blank\\\" render=\\\"ext\\\" suda-uatrack=\\\"key=topic_click&value=click_topic\\\" class=\\\"a_topic\\\" extra-data=\\\"type=topic\\\" href=\\\"//s.weibo.com/weibo?q=%23%E6%AF%9B%E5%9D%A6%E5%8E%822%E5%88%86%E9%92%9F%E4%BD%8E%E8%B0%83%E9%80%81%E8%80%83%23&from=default\\\">#毛坦厂2分钟低调送考#</a>，居民：家长没到车就走了<img class=\\\"W_img_face\\\" render=\\\"ext\\\" src=\\\"//img.t.sinajs.cn/t4/appstyle/expression/ext/normal/48/2018new_huatong_org.png\\\" title=\\\"[话筒]\\\" alt=    \\\"[话筒]\\\" type=\\\"face\\\" />】6月5日，安徽毛坦厂中学9辆大巴送考生出征。与去年一样，头车司机依然姓马属马，车牌“91666”。今年送考规模较去年少了很多，出发时间提前了半小时。附近居民称，今年很多家长还没到，考生就已经被送走了。祝考生们高考顺利！<a target=\\\"_blank\\\" render=\\\"ext\\\" suda-uatrack=\\\"key=topic_click&value=click_topic\\\" class=\\\"a_topic\\\" extra-data=\\\"type=topic\\\" href=\\\"//s.weibo.com/weibo?q=%23%E6%AF%9B%E5%9D%A6%E5%8E%82%E9%80%81%E8%80%83%E5%A4%A7%E5%B7%B4%E8%BD%A6%E7%89%8C91666%23&from=default\\\">#毛坦厂送考大巴车牌91666#</a><a target=\\\"_blank\\\" render=\\\"ext\\\" extra-data=\\\"type=atname\\\" href=\\\"//weibo.com/n/%E4%B8%80%E6%89%8BVideo?from=feed&loc=at\\\" usercard=\\\"name=一手Video\\\">@一手Video</a> <a  suda-uatrack=\\\"key=tblog_card&value=click_title:4379767329158108:2017607-video:2017607%3A4379764816048562:weibodetail:6004281123:4379767329158108:6004281123\\\" title=\\\"一手video的秒拍视频\\\" href=\\\"http://t.cn/Ai9Twb9z\\\" alt=\\\"http://t.cn/Ai9Twb9z\\\" action-type=\\\"feed_list_url\\\" target=\\\"_blank\\\" rel=\\\"noopener noreferrer\\\"><i class=\\\"W_ficon ficon_cd_video\\\">L</i>一手video的秒拍视频</a>\",\"count\":166,\"br\":0},\"4379173424344093\":{\"html\":null,\"count\":230,\"br\":0},\"4379779173839576\":{\"html\":\" 山东警校那个女性录取比例问题，有朋友说女性确实不适合很多警察的岗位。我的观点是，在社会发展的现阶段，在现阶段的物质条件和由此产生的认知下，认为女性不适合某些岗位有一定道理。但这不应该是一个固定的认知，而是在不断改变的。也就是说，随着社会的发展，物质条件的改变，女性也将逐渐可以胜任这些现在认为不适合他们的岗位。\",\"count\":156,\"br\":0},\"4379112837516788\":{\"html\":\" 世上最危险工作之一 —— 阿拉斯加捕蟹人，捕捞帝王蟹。这种工作死亡率是普通工人的50倍，平均每7天便会有1人丧生。捕蟹人每次出海时间约5天到12天不等，每天的工作时间近20个小时，极度的疲劳加上寒冷的气候，会使捕蟹人的反应逐渐变得迟钝，在颠簸打滑的甲板上开始站立不稳，因此，很多人被海浪击中、溺水身亡。但高风险也伴随着高收益，平均每艘捕蟹船可以捕获大约20吨的螃蟹，每位捕蟹人平均5天就可以赚进2到10万美元。\",\"count\":197,\"br\":0},\"4379596336109233\":{\"html\":null,\"count\":509,\"br\":24},\"4379849592181693\":{\"html\":\" 华为麦芒 8 今天下午正式发布：机身尺寸 155.2*73.4*7.95mm，重 160g，采用 6.21 英寸 LCD 水滴屏（2340*1080） ，搭载海思麒麟 710 处理器，6GB 内存，128GB 存储空间，后置 2400 万+ 1600 万+ 200 万像素三摄，前置 800 万像素摄像头，3400mAh 电池，搭配 5V/2A 充电，Micro USB 接口，保留 3.5mm 耳机孔，后置指纹解锁，不支持 NFC。提供幻夜黑和宝石蓝两款配色。售价 1899 元。\",\"count\":178,\"br\":0},\"4379848463943712\":{\"html\":null,\"count\":710,\"br\":18},\"4379416497368444\":{\"html\":null,\"count\":196,\"br\":3},\"4379848074109391\":{\"html\":\" 距离高考还剩不到48小时，鸡汤文我就懒得发了，大家估计都听腻了。况且我石某人根本就没有高考过，并没有什么经历，体验，甚至资格分享给大家…所以鼓励我就懒得鼓励了。不过呢，现实一点的话，这次考试，会直接关系到各位，接下来4年到底是用麦本本，神船，炫龙，雷神，机械革命，联想，惠普，戴尔，MSI又或是外星人和ROG。大家可以不喜欢学习，毕竟每个人的天赋不同。但希望各位务必尽自己所能，给自己一个交代 祝好运~\",\"count\":196,\"br\":0},\"4379533853293381\":{\"html\":\" 【女子健身多次喊疼教练却让坚持 结果悲剧了...】大学女生小周3月份在一家健身房办理私教课，在使用器械时，猛一下感到肌肉疼痛多次喊停，教练却不为所动，称正常现象不要太矫气↓↓几天后越来越到医院检查后发现是拉伤。小周要求健身房提供私教上岗的相关证书，然而对方却这样说↓↓<a  suda-uatrack=\\\"key=tblog_card&value=click_title:4379533853293381:2026736001-webpage:2026736001%3Acomos%3Ahvhiqay3582461\\\" title=\\\"女子健身多次喊疼教练却让坚持 结果悲剧了...\\\" href=\\\"http://feed.mix.sina.com.cn/link_card/redirect?url=https%3A%2F%2Fzx.sina.cn%2Fn%2F2019-06-04%2Fzx-ihvhiqay3582461.d.html%3Fwm%3D3049_0018\\\" alt=\\\"http://feed.mix.sina.com.cn/link_card/redirect?url=https%3A%2F%2Fzx.sina.cn%2Fn%2F2019-06-04%2Fzx-ihvhiqay3582461.d.html%3Fwm%3D3049_0018\\\" action-type=\\\"feed_list_url\\\" target=\\\"_blank\\\" rel=\\\"noopener noreferrer\\\"><i class=\\\"W_ficon ficon_cd_link\\\">O</i>女子健身多次喊疼教练却让坚持 结果悲剧了...</a>\",\"count\":154,\"br\":0},\"4379847176595545\":{\"html\":null,\"count\":197,\"br\":1},\"4379845742341448\":{\"html\":null,\"count\":120,\"br\":10},\"4379842910722255\":{\"html\":\" 【<a target=\\\"_blank\\\" render=\\\"ext\\\" suda-uatrack=\\\"key=topic_click&value=click_topic\\\" class=\\\"a_topic\\\" extra-data=\\\"type=topic\\\" href=\\\"//s.weibo.com/weibo?q=%23%E5%A5%B3%E5%AD%90%E6%88%B3%E7%A0%B4%E7%89%B9%E6%9C%97%E6%99%AE%E5%AE%9D%E5%AE%9D%E6%B0%94%E7%90%83%E8%A2%AB%E6%8D%95%23&from=default\\\">#女子戳破特朗普宝宝气球被捕#</a> <img class=\\\"W_img_face\\\" render=\\\"ext\\\" src=\\\"//img.t.sinajs.cn/t4/appstyle/expression/ext/normal/aa/2018new_bingbujiandan_org.png\\\" title=\\\"[并不简单]\\\" alt=    \\\"[并不简单]\\\" type=\\\"face\\\" />】6月3日，特朗普抵达英国开启了为期3天的国事访问，期间英国民众的抗议一波接着一波，去年的“特朗普宝宝”也再度现身伦敦上空。不过汹涌的抗议声中，还是有特朗普的支持者现身。其中就有一名女子，录下了自己扎破“特朗普宝宝”的全程，随后其因涉嫌“持有尖锐物品”罪名被警方逮捕。（微丢）<a  suda-uatrack=\\\"key=tblog_card&value=click_title:4379842910722255:2017607-video:2017607%3A4379824773656636:weibodetail:1686546714:4379842910722255:1686546714\\\" title=\\\"微丢的秒拍视频\\\" href=\\\"http://t.cn/Ai9Hesut\\\" alt=\\\"http://t.cn/Ai9Hesut\\\" action-type=\\\"feed_list_url\\\" target=\\\"_blank\\\" rel=\\\"noopener noreferrer\\\"><i class=\\\"W_ficon ficon_cd_video\\\">L</i>微丢的秒拍视频</a>\",\"count\":160,\"br\":0},\"4379844844328466\":{\"html\":\" 【<a target=\\\"_blank\\\" render=\\\"ext\\\" suda-uatrack=\\\"key=topic_click&value=click_topic\\\" class=\\\"a_topic\\\" extra-data=\\\"type=topic\\\" href=\\\"//s.weibo.com/weibo?q=%23%E4%B9%90%E8%A7%86%E8%B5%84%E4%BA%A7%E4%B8%89%E5%BA%A6%E6%8B%8D%E5%8D%96%23&from=default\\\">#乐视资产三度拍卖#</a> 两次流拍后降价1.15亿】6月2日起，乐视持有的北京财富时代置业有限公司全部股权开始拍卖，将持续至<a  suda-uatrack=\\\"key=tblog_card&value=click_title:4379844844328466:1022-webpage:1022%3A231116_28335345931559719847c93e09ba76a243e88590116f46cb0aa1\\\" title=\\\"8月1日10时\\\" href=\\\"http://t.cn/Ai9QjXcc\\\" alt=\\\"http://t.cn/Ai9QjXcc\\\" action-type=\\\"feed_list_url\\\" target=\\\"_blank\\\" rel=\\\"noopener noreferrer\\\"><i class=\\\"W_ficon ficon_cd_link\\\">O</i>8月1日10时</a> 。流拍两次后，这次起拍价较第一次下调1.15亿元，为21.87亿元。此外，乐视原副董事长刘弘所持有的乐视影业股权也将于6月17日拍卖。网友：贾跃亭也搞促销？<a target=\\\"_blank\\\" render=\\\"ext\\\" extra-data=\\\"type=atname\\\" href=\\\"//weibo.com/n/%E4%BA%94%E7%8E%AF%E7%9F%AD%E8%A7%86%E9%A2%91?from=feed&loc=at\\\" usercard=\\\"name=五环短视频\\\">@五环短视频</a><a  suda-uatrack=\\\"key=tblog_card&value=click_title:4379844844328466:2017607-video:2017607%3A4379801965027846:weibodetail:2833534593:4379844844328466:2833534593\\\" title=\\\"五环短视频的秒拍视频\\\" href=\\\"http://t.cn/Ai9HV4Jc\\\" alt=\\\"http://t.cn/Ai9HV4Jc\\\" action-type=\\\"feed_list_url\\\" target=\\\"_blank\\\" rel=\\\"noopener noreferrer\\\"><i class=\\\"W_ficon ficon_cd_video\\\">L</i>五环短视频的秒拍视频</a>\",\"count\":151,\"br\":0},\"4379846366775261\":{\"html\":\" 【没了美国 华为还能保证5G质量吗？任正非：没问题】华为被美国商务部封杀，很多人认为这是给华为判了死刑，因为美国公司在法规要求下已经不能给华为供应芯片及软件了。针对记者“最近大家的关注点都在5G技术上，没有了美国供应商，华为还能保证5G产品的质量吗？”的提问，任正非表示“5G没有问题，我们在最先进的产品上都有能力自己管理自己。”\",\"count\":161,\"br\":0},\"4379846048406525\":{\"html\":\" <a target=\\\"_blank\\\" render=\\\"ext\\\" suda-uatrack=\\\"key=topic_click&value=click_topic\\\" class=\\\"a_topic\\\" extra-data=\\\"type=topic\\\" href=\\\"//s.weibo.com/weibo?q=%23%E5%87%B0%E5%AE%B6%E5%BF%AB%E8%AE%AF%23&from=default\\\">#凰家快讯#</a> 【全新宝马 M8 Coupe官图发布：4.4L+V8】近日，外媒发布一组宝马 M8 Competition Coupe新车官图。据悉新车将于六月底首次公开亮相，其外观与全新8系保持高度一致，配备xDrive四驱系统。宝马方面表示，M8 Coupe版的百公里加速时间仅为3.1秒。起价约为13.3万美元。<a target=\\\"_blank\\\" render=\\\"ext\\\" suda-uatrack=\\\"key=topic_click&value=click_topic\\\" class=\\\"a_topic\\\" extra-data=\\\"type=topic\\\" href=\\\"//s.weibo.com/weibo?q=%23%E5%AE%9D%E9%A9%AC%23&from=default\\\">#宝马#</a> 各位老板准备好提一辆了吗？<img class=\\\"W_img_face\\\" render=\\\"ext\\\" src=\\\"//img.t.sinajs.cn/t4/appstyle/expression/ext/normal/7b/2018new_miaomiao_org.png\\\" title=\\\"[喵喵]\\\" alt=    \\\"[喵喵]\\\" type=\\\"face\\\" /><img class=\\\"W_img_face\\\" render=\\\"ext\\\" src=\\\"//img.t.sinajs.cn/t4/appstyle/expression/ext/normal/a1/2018new_doge02_org.png\\\" title=\\\"[doge]\\\" alt=    \\\"[doge]\\\" type=\\\"face\\\" />\",\"count\":144,\"br\":0},\"4379572314833081\":{\"html\":\" 和几个做自媒体平台的朋友聊了一下，他们写华为相关的稿子有几百万阅读，包括华为处理器，鸿蒙操作系统，相机优势的相关正面报道，评论成百上千人喊着支持华为，结果往稿子插入华为的手机购买链接，买的总共不超过十个。。。网上的精神华为粉丝还是太多，还是线下的长辈们靠谱些，说买就买，不说空话。<img class=\\\"W_img_face\\\" render=\\\"ext\\\" src=\\\"//img.t.sinajs.cn/t4/appstyle/expression/ext/normal/83/2018new_kuxiao_org.png\\\" title=\\\"[允悲]\\\" alt=    \\\"[允悲]\\\" type=\\\"face\\\" />\",\"count\":141,\"br\":0},\"4372878071743672\":{\"html\":null,\"count\":43,\"br\":10},\"4368885740337262\":{\"html\":null,\"count\":232,\"br\":4},\"4379825357476030\":{\"html\":\" 【苹果CEO库克：苹果没有搞垄断 应该接受监督 】苹果公司CEO库克在接受媒体采访时表示，不管从任何标准来衡量我们，我们都不是垄断者。库克表示，进行审查没有问题，苹果的市场份额真的不高，在任何一个市场，都没有支配地位。Gartner研究报告显示，2019年第一季度，苹果在全球智能手机市场的份额降至11.9%，华为手机市场份额从10.5%上升至15.7%，超过苹果位居第二；而第一名一直被三星牢牢占据着..<img class=\\\"W_img_face\\\" render=\\\"ext\\\" src=\\\"//img.t.sinajs.cn/t4/appstyle/expression/ext/normal/a1/2018new_doge02_org.png\\\" title=\\\"[doge]\\\" alt=    \\\"[doge]\\\" type=\\\"face\\\" /> <a  suda-uatrack=\\\"key=tblog_card&value=click_title:4379825357476030:1034-video:1034%3A4379784550004361:weibodetail:1649597805:4379825357476030:1649597805\\\" title=\\\"知未科技的秒拍视频\\\" href=\\\"http://t.cn/Ai9TmSu8\\\" alt=\\\"http://t.cn/Ai9TmSu8\\\" action-type=\\\"feed_list_url\\\" target=\\\"_blank\\\" rel=\\\"noopener noreferrer\\\"><i class=\\\"W_ficon ficon_cd_video\\\">L</i>知未科技的秒拍视频</a>\",\"count\":196,\"br\":0},\"4379822501793080\":{\"html\":\" 【<a target=\\\"_blank\\\" render=\\\"ext\\\" suda-uatrack=\\\"key=topic_click&value=click_topic\\\" class=\\\"a_topic\\\" extra-data=\\\"type=topic\\\" href=\\\"//s.weibo.com/weibo?q=%23%E5%AD%99%E5%AE%87%E6%99%A8%E5%9B%9E%E5%BA%94%E6%8B%8D%E5%B7%B4%E8%8F%B2%E7%89%B9%E5%8D%88%E9%A4%90%E8%B4%A8%E7%96%91%23&from=default\\\">#孙宇晨回应拍巴菲特午餐质疑#</a>：我不是富二代，不是炒作，3000万拍款来自公司广告收入】中国90后区块链创业者孙宇晨以3153万元人民币拍下与巴菲特午餐。4日，孙宇晨接受梨视频采访回应质疑，本次午餐捐献的钱完全来自于BitTorrent公司的广告业务，将会用于公益，这只是公司每年花在公益事业上非常小的一笔钱，拍下来很值得。面对质疑他表示理解：“我不是富二代，这次也不是炒作”。<a target=\\\"_blank\\\" render=\\\"ext\\\" extra-data=\\\"type=atname\\\" href=\\\"//weibo.com/n/%E8%80%81%E6%9D%BF%E8%81%94%E6%92%AD?from=feed&loc=at\\\" usercard=\\\"name=老板联播\\\">@老板联播</a> <a  suda-uatrack=\\\"key=tblog_card&value=click_title:4379822501793080:2017607-video:2017607%3A4379525145121562:weibodetail:1891330474:4379822501793080:1891330474\\\" title=\\\"老板联播的秒拍视频\\\" href=\\\"http://t.cn/Ai9OJBRt\\\" alt=\\\"http://t.cn/Ai9OJBRt\\\" action-type=\\\"feed_list_url\\\" target=\\\"_blank\\\" rel=\\\"noopener noreferrer\\\"><i class=\\\"W_ficon ficon_cd_video\\\">L</i>老板联播的秒拍视频</a>\",\"count\":194,\"br\":0},\"4379812989093332\":{\"html\":\" 【苹果CEO库克：苹果没有搞垄断 应该接受监督 】库克近日在接受采访时表示，不管从任何标准来衡量，苹果都不是垄断者。库克表示，审查没有问题，苹果的市场份额真的不高，没有支配地位。Gartner研究报告显示，2019年第一季度，苹果在全球智能手机市场的份额降至11.9%，华为手机市场份额从10.5%上升至15.7%。<a  suda-uatrack=\\\"key=tblog_card&value=click_title:4379812989093332:1034-video:1034%3A4379784550004361:weibodetail:1891330474:4379812989093332:1891330474\\\" title=\\\"知未科技的秒拍视频\\\" href=\\\"http://t.cn/Ai9TmSu8\\\" alt=\\\"http://t.cn/Ai9TmSu8\\\" action-type=\\\"feed_list_url\\\" target=\\\"_blank\\\" rel=\\\"noopener noreferrer\\\"><i class=\\\"W_ficon ficon_cd_video\\\">L</i>知未科技的秒拍视频</a>\",\"count\":153,\"br\":0},\"4379760152623298\":{\"html\":\" 【高考加油！<a target=\\\"_blank\\\" render=\\\"ext\\\" suda-uatrack=\\\"key=topic_click&value=click_topic\\\" class=\\\"a_topic\\\" extra-data=\\\"type=topic\\\" href=\\\"//s.weibo.com/weibo?q=%23%E6%AF%9B%E5%9D%A6%E5%8E%82%E9%80%81%E8%80%83%E5%A4%A7%E5%B7%B4%E8%BD%A6%E7%89%8C91666%23&from=default\\\">#毛坦厂送考大巴车牌91666#</a>，首辆大巴车司机姓“马”属“马”💪】6月5日早7点半，毛坦厂中学考生集体出征。为了讨彩头，首辆送考大巴车牌号“91666”，希望考生“就要666(顺利)&quot;。开车的师傅姓马，属马，寓意“马到成功”。今年，毛坦厂取消以往盛大的“万人送考”仪式，送考规模缩减大半，全过程只有1分钟多。<a  suda-uatrack=\\\"key=tblog_card&value=click_title:4379760152623298:2017607-video:2017607%3A4379742258810961:weibodetail:1642482194:4379760152623298:1642482194\\\" title=\\\"梨视频的秒拍视频\\\" href=\\\"http://t.cn/Ai9YKiMn\\\" alt=\\\"http://t.cn/Ai9YKiMn\\\" action-type=\\\"feed_list_url\\\" target=\\\"_blank\\\" rel=\\\"noopener noreferrer\\\"><i class=\\\"W_ficon ficon_cd_video\\\">L</i>梨视频的秒拍视频</a>\",\"count\":160,\"br\":0},\"4379774447158173\":{\"html\":\" 【美国科罗拉多州推出“性侵者提示APP”，<a target=\\\"_blank\\\" render=\\\"ext\\\" suda-uatrack=\\\"key=topic_click&value=click_topic\\\" class=\\\"a_topic\\\" extra-data=\\\"type=topic\\\" href=\\\"//s.weibo.com/weibo?q=%23APP%E5%8F%AF%E6%8E%A8%E9%80%81%E9%99%84%E8%BF%91%E6%90%AC%E6%9D%A5%E7%9A%84%E6%80%A7%E4%BE%B5%E8%80%85%23&from=default\\\">#APP可推送附近搬来的性侵者#</a><img class=\\\"W_img_face\\\" render=\\\"ext\\\" src=\\\"//img.t.sinajs.cn/t4/appstyle/expression/ext/normal/30/2018new_sikao_org.png\\\" title=\\\"[思考]\\\" alt=    \\\"[思考]\\\" type=\\\"face\\\" />】担心安全问题，怕有性侵者住在你附近的街区？美国科罗拉多州推出一款app，每周向注册的用户推送家附近是否有性犯罪者搬来。若有性犯罪者搬到住户附近，点击消息可查看到该罪犯的所有信息，让居民生活更加安心。<a  suda-uatrack=\\\"key=tblog_card&value=click_title:4379774447158173:2017607-video:2017607%3A4379570183317905:weibodetail:1891330474:4379774447158173:1891330474\\\" title=\\\"时差视频的秒拍视频\\\" href=\\\"http://t.cn/Ai9WjGhD\\\" alt=\\\"http://t.cn/Ai9WjGhD\\\" action-type=\\\"feed_list_url\\\" target=\\\"_blank\\\" rel=\\\"noopener noreferrer\\\"><i class=\\\"W_ficon ficon_cd_video\\\">L</i>时差视频的秒拍视频</a>\",\"count\":142,\"br\":0},\"4365244543363879\":{\"html\":\" 对于正在修改论文、整理报告、或是在构思方案的人来说，除了内容之外，最让人头疼的应该就是排版了。今天就和大家分享一款叫做【小恐龙公文排版助手】的插件，让你 5 分钟完成格式排版，大学生和职场码字党的救命插件！<a  suda-uatrack=\\\"key=tblog_card&value=click_title:4365244543363879:1022-topic:1022%3A100808f27b59fafea3e9ffcf3f6993c1c1439e\\\" title=\\\"互联网\\\" href=\\\"http://huati.weibo.com/43631\\\" alt=\\\"http://huati.weibo.com/43631\\\" action-type=\\\"feed_list_url\\\" target=\\\"_blank\\\" rel=\\\"noopener noreferrer\\\"><i class=\\\"W_ficon ficon_supertopic\\\">&#xe627;</i>互联网</a> <a target=\\\"_blank\\\" render=\\\"ext\\\" suda-uatrack=\\\"key=topic_click&value=click_topic\\\" class=\\\"a_topic\\\" extra-data=\\\"type=topic\\\" href=\\\"//s.weibo.com/weibo?q=%23%E8%AE%BA%E6%96%87%E6%8E%92%E7%89%88%23&from=default\\\">#论文排版#</a> <a  suda-uatrack=\\\"key=tblog_card&value=click_title:4365244543363879:1022-topic:1022%3A1008080b7dcde9565d642e74382fc9cbae0ad5\\\" title=\\\"论文\\\" href=\\\"http://huati.weibo.com/4998118\\\" alt=\\\"http://huati.weibo.com/4998118\\\" action-type=\\\"feed_list_url\\\" target=\\\"_blank\\\" rel=\\\"noopener noreferrer\\\"><i class=\\\"W_ficon ficon_supertopic\\\">&#xe627;</i>论文</a> <a target=\\\"_blank\\\" render=\\\"ext\\\" suda-uatrack=\\\"key=topic_click&value=click_topic\\\" class=\\\"a_topic\\\" extra-data=\\\"type=topic\\\" href=\\\"//s.weibo.com/weibo?q=%23%E6%AF%95%E4%B8%9A%23&from=default\\\">#毕业#</a> <a  suda-uatrack=\\\"key=tblog_card&value=click_title:4365244543363879:1022-topic:1022%3A1008081ca9d263ff5d415af681e9516f2d2374\\\" title=\\\"大学生\\\" href=\\\"http://huati.weibo.com/42881\\\" alt=\\\"http://huati.weibo.com/42881\\\" action-type=\\\"feed_list_url\\\" target=\\\"_blank\\\" rel=\\\"noopener noreferrer\\\"><i class=\\\"W_ficon ficon_supertopic\\\">&#xe627;</i>大学生</a> <a target=\\\"_blank\\\" render=\\\"ext\\\" suda-uatrack=\\\"key=topic_click&value=click_topic\\\" class=\\\"a_topic\\\" extra-data=\\\"type=topic\\\" href=\\\"//s.weibo.com/weibo?q=%23word%23&from=default\\\">#word#</a> <a  suda-uatrack=\\\"key=tblog_card&value=click_title:4365244543363879:1034-video:1034%3A4364940325384034:weibodetail:5946097522:4365244543363879:5946097522\\\" title=\\\"iTopbook的微博视频\\\" href=\\\"http://t.cn/Ea1MD3C\\\" alt=\\\"http://t.cn/Ea1MD3C\\\" action-type=\\\"feed_list_url\\\" target=\\\"_blank\\\" rel=\\\"noopener noreferrer\\\"><i class=\\\"W_ficon ficon_cd_video\\\">L</i>iTopbook的微博视频</a>\",\"count\":137,\"br\":0},\"4360280824299261\":{\"html\":null,\"count\":216,\"br\":4},\"4379825529272446\":{\"html\":\" 据网友爆料，<a target=\\\"_blank\\\" render=\\\"ext\\\" suda-uatrack=\\\"key=topic_click&value=click_topic\\\" class=\\\"a_topic\\\" extra-data=\\\"type=topic\\\" href=\\\"//s.weibo.com/weibo?q=%23%E4%B8%80%E4%B8%AA%E4%B8%BB%E6%92%AD%E4%B8%BA%E4%BA%86%E7%BA%A2%23&from=default\\\">#一个主播为了红#</a>拉了四袋别人已经收拾好的垃圾，到北京一公园里摆拍，先和已经收拾好的垃圾拍了自拍照 ，再把垃圾倒出来后再自拍一次，然后把图片顺序调换，给别人感觉是她把散了一地的垃圾收拾的干净，发出来倡导别人要保护环境。事实是她拍完后留了一地垃圾扬长而去，不料这一切都被监控拍到了。对于这样的主播，你们怎么看？\",\"count\":159,\"br\":0},\"4376620921842239\":{\"html\":null,\"count\":243,\"br\":10},\"4379853929384226\":{\"html\":null,\"count\":141,\"br\":4},\"4379853216773949\":{\"html\":null,\"count\":207,\"br\":0},\"4379854017084902\":{\"html\":null,\"count\":261,\"br\":6},\"4379851567621459\":{\"html\":null,\"count\":312,\"br\":16},\"4379851521398612\":{\"html\":null,\"count\":203,\"br\":2},\"4379851999474731\":{\"html\":\" 【HWiNFO即将推出新版 率先支持Intel 7nm处理器】从HWiNFO公布的即将到来的升级说明来看，HWiNFO v6.07除了改进对Willow Cove平台、EVGA、超微等硬件的支持之外，新增的硬件主要就是Intel的Sapphire Rapids，虽然它们没有明确说明，但是这个Sapphire Rapids就是最近才被曝光的Intel 7nm服务器处理器平台。\",\"count\":142,\"br\":0},\"4379851853470469\":{\"html\":null,\"count\":393,\"br\":4},\"4379851936695148\":{\"html\":\" <a target=\\\"_blank\\\" render=\\\"ext\\\" suda-uatrack=\\\"key=topic_click&value=click_topic\\\" class=\\\"a_topic\\\" extra-data=\\\"type=topic\\\" href=\\\"//s.weibo.com/weibo?q=%23%E5%87%B0%E5%AE%B6%E5%BF%AB%E8%AE%AF%23&from=default\\\">#凰家快讯#</a>&nbsp;&nbsp;【IOS 13源代码泄密：9月除了新iPhone可能还有这个新品~】通过分析IOS 13的代码，<a  suda-uatrack=\\\"key=tblog_card&value=click_title:4379851936695148:1022-topic:1022%3A100808e6803e21b9c61f9ab3d04088638cecd2\\\" title=\\\"苹果\\\" href=\\\"http://huati.weibo.com/29318\\\" alt=\\\"http://huati.weibo.com/29318\\\" action-type=\\\"feed_list_url\\\" target=\\\"_blank\\\" rel=\\\"noopener noreferrer\\\"><i class=\\\"W_ficon ficon_supertopic\\\">&#xe627;</i>苹果</a> 可能会在今年的秋季发布会上推出可用于追踪的硬件设备。该追踪器可以拴在钥匙、钱包或者背包等任意物品上，当物品丢失时，可以通过你的苹果设备寻找这个硬件，从而找回丢失的物品。妈妈再也不用担心我丢掉家门钥匙了！<img class=\\\"W_img_face\\\" render=\\\"ext\\\" src=\\\"//img.t.sinajs.cn/t4/appstyle/expression/ext/normal/a1/2018new_doge02_org.png\\\" title=\\\"[doge]\\\" alt=    \\\"[doge]\\\" type=\\\"face\\\" /><img class=\\\"W_img_face\\\" render=\\\"ext\\\" src=\\\"//img.t.sinajs.cn/t4/appstyle/expression/ext/normal/a1/2018new_doge02_org.png\\\" title=\\\"[doge]\\\" alt=    \\\"[doge]\\\" type=\\\"face\\\" />\",\"count\":149,\"br\":0},\"4379884786573495\":{\"html\":\" 【美式肌肉跑车教父 道奇Charger特别版官图发布】日前，我们从官方获悉，道奇发布了一组道奇Charger SRT Hellcat Octane Edition车型（辛烷值版车型）的官图，其中Octane Edition套件将单独出售，其售价为1495美元，约合人民币1.04万元，将于今年9月份在美国市场开售。值得一提的是Octane Edition套件还包括20英寸的黑色锻造轮圈、前6活塞/后4活塞的Brembo红色制动系统、亮黑色后扰流板，以及专属的铭牌等。\",\"count\":190,\"br\":0},\"4379883792569673\":{\"html\":\" 【高考耐克“满分”T恤天猫618秒罄300件 解压惨叫鸡受追捧】民间传说，高考要穿Nike（品牌logo是一个勾勾）和Champion（冠军），不能穿特步（特步的标志是一个叉号）。耐克一款印有“满分”字样的限量T恤，6月1日天猫618首日零点刚过10秒钟，就售罄了328件；而Champion（冠军）的爆款T恤仅仅10分钟就卖出了1000件。<a  suda-uatrack=\\\"key=tblog_card&value=click_title:4379883792569673:3000000140-webpage:3000000140%3Ae0d85495b0eb41f541ef20af35817f2b\\\" title=\\\"高考耐克“满分”T恤天猫618秒罄300件 解压惨叫...\\\" href=\\\"http://t.cn/Ai9RPtyo\\\" alt=\\\"http://t.cn/Ai9RPtyo\\\" action-type=\\\"feed_list_url\\\" target=\\\"_blank\\\" rel=\\\"noopener noreferrer\\\"><i class=\\\"W_ficon ficon_cd_link\\\">O</i>高考耐克“满分”T恤天猫618秒罄300件 解压惨叫...</a>\",\"count\":171,\"br\":0},\"4379883197242828\":{\"html\":\" 【地表最强钢炮诞生！奔驰AMG A45输出动力确认：2.0T 422马力】近日，据海外媒体报道，奔驰AMG A45/CLA45将搭载一款代号为M139四缸涡轮增压发动机，最大功率达到422马力，峰值扭矩500牛·米。可谓系列史上最强。新车预计日内瓦车展正式发布。全新A 45将全系搭载四驱系统，其中A45 S版本将配备漂移模式，经过模式的切换，改变前后轮的动力输出，从而达到漂移的效果，这在上一代车型中是没有的。\",\"count\":183,\"br\":0},\"4379881762826269\":{\"html\":null,\"count\":212,\"br\":0},\"4379881016042776\":{\"html\":null,\"count\":204,\"br\":2},\"4379880193720054\":{\"html\":null,\"count\":229,\"br\":2},\"4379879778400117\":{\"html\":null,\"count\":192,\"br\":2},\"4379877102856399\":{\"html\":null,\"count\":270,\"br\":2},\"4379877085638155\":{\"html\":null,\"count\":218,\"br\":7},\"4379800950786247\":{\"html\":null,\"count\":660,\"br\":4},\"4379852209602701\":{\"html\":null,\"count\":325,\"br\":3},\"4379883776379445\":{\"html\":null,\"count\":279,\"br\":0},\"4379887496151277\":{\"html\":null,\"count\":290,\"br\":0},\"4379866449062686\":{\"html\":null,\"count\":925,\"br\":12},\"4379886514396329\":{\"html\":\" 代理国防部长帕特里克·M·沙纳汉与大韩民国总统文在寅举行了会晤，以讨论韩朝半岛的安全环境，以及对于支持外交谈判和加强美韩联盟的共同意愿。对于韩国继续支持执行联合国安全理事会决议，直到北朝鲜实现最终、完全可核实的无核化，代理国防部长沙纳汉感谢文在寅总统。 双方都认为美韩联盟是牢固的，并继续密切协调，以确保这一联盟的共同防御有助于该地区的和平与安全。链接：<a suda-uatrack=\\\"key=minicard&value=pagelink_minicard_click\\\" title=\\\"网页链接\\\" href=\\\"http://t.cn/Ai9RAiqu\\\" alt=\\\"http://t.cn/Ai9RAiqu\\\" action-type=\\\"feed_list_url\\\" target=\\\"_blank\\\" rel=\\\"noopener noreferrer\\\"><i class=\\\"W_ficon ficon_cd_link\\\">O</i>网页链接</a>\",\"count\":180,\"br\":0},\"4379884559874644\":{\"html\":null,\"count\":263,\"br\":2},\"4379882412346951\":{\"html\":null,\"count\":261,\"br\":1},\"4379883327008702\":{\"html\":null,\"count\":1012,\"br\":18},\"4379874837463197\":{\"html\":\" 【昆州2岁男童从自家农场不慎走失 鳄鱼野生动物众多家人忧其安危<img class=\\\"W_img_face\\\" render=\\\"ext\\\" src=\\\"//img.t.sinajs.cn/t4/appstyle/expression/ext/normal/6c/2018new_xinsui_org.png\\\" title=\\\"[伤心]\\\" alt=    \\\"[伤心]\\\" type=\\\"face\\\" />】昨天下午5点，2岁的男孩Ruben Scott在位于昆州北部偏远地区的自家农场走失，由于农行附近常常有鳄鱼出没，男孩家人紧急找寻了一天一夜仍未发现其踪迹。而在这片地区，晚上的最低温度低至15℃。目前已经有数百名志愿者加入搜救行动。Ruben Scott的婶婶在Facebook上号召附近的居民帮助寻找孩子，希望Ruben早日回家。\",\"count\":177,\"br\":0},\"4379880739140798\":{\"html\":\" 由中国豪华SUV领导者WEY品牌与中国航天联合打造的CZ-11 WEY号火箭成功完成中国首次海上发射，中国航天和WEY品牌已经在各自领域奏响了华美的中国旋律，这不仅为“中国制造2025”添砖加瓦，还将“高高在上”的航天科技带入到了我们的生活。我们有理由相信，在不远的未来，这两位业内“王者”的联手将会为我们带来更多的“惊喜”！<a target=\\\"_blank\\\" render=\\\"ext\\\" extra-data=\\\"type=atname\\\" href=\\\"//weibo.com/n/WEYSUV?from=feed&loc=at\\\" usercard=\\\"name=WEYSUV\\\">@WEYSUV</a> <a target=\\\"_blank\\\" render=\\\"ext\\\" extra-data=\\\"type=atname\\\" href=\\\"//weibo.com/n/%E4%B8%AD%E5%9B%BD%E8%88%AA%E5%A4%A9%E7%A7%91%E6%8A%80%E9%9B%86%E5%9B%A2?from=feed&loc=at\\\" usercard=\\\"name=中国航天科技集团\\\">@中国航天科技集团</a> <a target=\\\"_blank\\\" render=\\\"ext\\\" suda-uatrack=\\\"key=topic_click&value=click_topic\\\" class=\\\"a_topic\\\" extra-data=\\\"type=topic\\\" href=\\\"//s.weibo.com/weibo?q=%23%E7%A5%9D%E8%B4%BACZ-11+WEY%E4%B8%AD%E5%9B%BD%E9%A6%96%E6%AC%A1%E6%B5%B7%E4%B8%8A%E5%8F%91%E5%B0%84%E5%9C%86%E6%BB%A1%E6%88%90%E5%8A%9F%23&from=default\\\">#祝贺CZ-11 WEY中国首次海上发射圆满成功#</a>\",\"count\":185,\"br\":0},\"4379782021856658\":{\"html\":\" 貉（Nyctereutes procyonoides）与北美浣熊（Procyon lotor），堪称犬形亚目的“生存双杰”，虽然并没有很近的亲缘关系（前者属于犬科，后者属于浣熊科），但它俩却趋同演化出了非常接近的外表（以至于鬼佬称貉为“raccoon dog”即“浣熊狗”）和类似的习性，都是能有效利用各种食物资源的杂食性动物，对自然环境与人类的城市都有着过人的适应能力，也都成功的作为入侵物种在原产地以外的地区站稳了脚跟。<img class=\\\"W_img_face\\\" render=\\\"ext\\\" src=\\\"//img.t.sinajs.cn/t4/appstyle/expression/ext/normal/a1/2018new_doge02_org.png\\\" title=\\\"[doge]\\\" alt=    \\\"[doge]\\\" type=\\\"face\\\" />\",\"count\":189,\"br\":0},\"4379882412681995\":{\"html\":null,\"count\":247,\"br\":0},\"4379859885056028\":{\"html\":null,\"count\":242,\"br\":0},\"4379871645879017\":{\"html\":null,\"count\":176,\"br\":4},\"4379871838506194\":{\"html\":null,\"count\":185,\"br\":3},\"4379869045802999\":{\"html\":\" <a target=\\\"_blank\\\" render=\\\"ext\\\" suda-uatrack=\\\"key=topic_click&value=click_topic\\\" class=\\\"a_topic\\\" extra-data=\\\"type=topic\\\" href=\\\"//s.weibo.com/weibo?q=%23%E5%86%9B%E4%BA%8B%E5%8E%86%E5%8F%B2%E5%85%A8%E8%A7%A6%E8%BE%BE%23&from=default\\\">#军事历史全触达#</a>1956年的国庆阅兵，是新中国成立后唯一一次雨中阅兵。阅兵式在滂沱大雨中进行，受阅官兵的军装湿透，精神却越发饱满，迈着矫健的步伐踏着水花前进。这年阅兵的总指挥是彭帅，受阅官兵乘坐的是第一批出厂的国产解放牌汽车。遗憾的是因为大雨，原定参加阅兵式的新服役的国产喷气式飞机未能参加。<a target=\\\"_blank\\\" render=\\\"ext\\\" suda-uatrack=\\\"key=topic_click&value=click_topic\\\" class=\\\"a_topic\\\" extra-data=\\\"type=topic\\\" href=\\\"//s.weibo.com/weibo?q=%23%E8%BF%99%E6%98%AF%E7%BE%8E%E4%B8%BD%E7%9A%84%E7%A5%96%E5%9B%BD%23&from=default\\\">#这是美丽的祖国#</a> <a  suda-uatrack=\\\"key=tblog_card&value=click_title:4379869045802999:1034-video:1034%3A4379868880673689:weibodetail:3775056661:4379869045802999:3775056661\\\" title=\\\"巍岳钦禹的微博视频\\\" href=\\\"http://t.cn/Ai98CBRu\\\" alt=\\\"http://t.cn/Ai98CBRu\\\" action-type=\\\"feed_list_url\\\" target=\\\"_blank\\\" rel=\\\"noopener noreferrer\\\"><i class=\\\"W_ficon ficon_cd_video\\\">L</i>巍岳钦禹的微博视频</a>\",\"count\":163,\"br\":0},\"4379869422924575\":{\"html\":\" <a target=\\\"_blank\\\" render=\\\"ext\\\" suda-uatrack=\\\"key=topic_click&value=click_topic\\\" class=\\\"a_topic\\\" extra-data=\\\"type=topic\\\" href=\\\"//s.weibo.com/weibo?q=%23%E5%BE%B7%E5%9B%BD%E9%AD%85%E5%8A%9B%E5%90%8D%E5%9F%8E%23&from=default\\\">#德国魅力名城#</a> 两位小哥哥<a target=\\\"_blank\\\" render=\\\"ext\\\" extra-data=\\\"type=atname\\\" href=\\\"//weibo.com/n/%E8%8B%91%E5%AD%90%E8%B1%AA?from=feed&loc=at\\\" usercard=\\\"name=苑子豪\\\">@苑子豪</a> <a target=\\\"_blank\\\" render=\\\"ext\\\" extra-data=\\\"type=atname\\\" href=\\\"//weibo.com/n/%E8%8B%91%E5%AD%90%E6%96%87?from=feed&loc=at\\\" usercard=\\\"name=苑子文\\\">@苑子文</a> 飞赴德国拍摄的宣传短片新鲜出炉，这是一场文艺遇见古典的魅力德国之旅，也是一次新奇发现之旅。他们游览过一幢幢古朴的历史建筑，聆听了一个个时代的传奇故事，品味了辉煌的德意志文化底蕴……过去与现在，文艺与古典，探索与发现，他们的旅程有多精彩？来欣赏视频：<a suda-uatrack=\\\"key=minicard&value=pagelink_minicard_click\\\" title=\\\"网页链接\\\" href=\\\"http://t.cn/Ai9Qm4gR\\\" alt=\\\"http://t.cn/Ai9Qm4gR\\\" action-type=\\\"feed_list_url\\\" target=\\\"_blank\\\" rel=\\\"noopener noreferrer\\\"><i class=\\\"W_ficon ficon_cd_link\\\">O</i>网页链接</a>&nbsp;&nbsp;<a  suda-uatrack=\\\"key=tblog_card&value=click_title:4379869422924575:1034-video:1034%3A4379868146665223:weibodetail:1930081091:4379869422924575:1930081091\\\" title=\\\"德国国家旅游局的微博视频\\\" href=\\\"http://t.cn/Ai98NWJM\\\" alt=\\\"http://t.cn/Ai98NWJM\\\" action-type=\\\"feed_list_url\\\" target=\\\"_blank\\\" rel=\\\"noopener noreferrer\\\"><i class=\\\"W_ficon ficon_cd_video\\\">L</i>德国国家旅游局的微博视频</a>\",\"count\":163,\"br\":0},\"4379868643412382\":{\"html\":null,\"count\":205,\"br\":0},\"4379867312838869\":{\"html\":null,\"count\":428,\"br\":2},\"4379863034738187\":{\"html\":null,\"count\":241,\"br\":3},\"4379780155967019\":{\"html\":null,\"count\":202,\"br\":0},\"4379870181834303\":{\"html\":\" 【男子模仿周口婴儿丢失案谎称2岁女儿被抱走 目的竟然...】5月22日，杭州一男子赵某报警称2岁女儿被陌生女子抱走，自己追出来后，陌生女子放下孩子逃走。然而警方在多方调查后发出并无异常，反而赵某却越来越紧张↓↓赵某交代因受周口婴儿丢失案启发报假警，目的竟然是为了这个↓↓<a  suda-uatrack=\\\"key=tblog_card&value=click_title:4379870181834303:2026736001-webpage:2026736001%3Acomos%3Ahvhiqay3737473\\\" title=\\\"男子谎称2岁女儿被陌生女人抱走 目的竟然...\\\" href=\\\"http://feed.mix.sina.com.cn/link_card/redirect?url=http%3A%2F%2Fzx.sina.cn%2F2019-06-05%2Fzx-ihvhiqay3737473.d.html%3Fwm%3D3049_0018\\\" alt=\\\"http://feed.mix.sina.com.cn/link_card/redirect?url=http%3A%2F%2Fzx.sina.cn%2F2019-06-05%2Fzx-ihvhiqay3737473.d.html%3Fwm%3D3049_0018\\\" action-type=\\\"feed_list_url\\\" target=\\\"_blank\\\" rel=\\\"noopener noreferrer\\\"><i class=\\\"W_ficon ficon_cd_link\\\">O</i>男子谎称2岁女儿被陌生女人抱走 目的竟然...</a>\",\"count\":152,\"br\":0},\"4379858753229212\":{\"html\":\" 【<a target=\\\"_blank\\\" render=\\\"ext\\\" suda-uatrack=\\\"key=topic_click&value=click_topic\\\" class=\\\"a_topic\\\" extra-data=\\\"type=topic\\\" href=\\\"//s.weibo.com/weibo?q=%23%E4%B8%BB%E4%BA%BA%E4%B8%BA%E8%B6%85%E9%87%8D%E7%8B%97%E5%AD%90%E8%AF%B7%E7%A7%81%E6%95%99%23&from=default\\\">#主人为超重狗子请私教#</a>】韩国一位网友养了只叫Kan的阿拉斯加，只爱吃不爱动，体重一度高达62.75公斤！然而主人却说：它一直在减肥，之前还到过68公斤呢！为了Kan的健康，主人特意为它办了健身卡，还请了一对一的专业私教....Kan最终瘦身成功，也更加活泼好动了。真是让主人操碎了心~<img class=\\\"W_img_face\\\" render=\\\"ext\\\" src=\\\"//img.t.sinajs.cn/t4/appstyle/expression/ext/normal/4a/2018new_xiaoku_thumb.png\\\" title=\\\"[笑cry]\\\" alt=    \\\"[笑cry]\\\" type=\\\"face\\\" />via. YouTube精彩视频 <a  suda-uatrack=\\\"key=tblog_card&value=click_title:4379858753229212:1034-video:1034%3A4379853781197437:weibodetail:1734779232:4379858753229212:1734779232\\\" title=\\\"今日悉尼的微博视频\\\" href=\\\"http://t.cn/Ai98PfLK\\\" alt=\\\"http://t.cn/Ai98PfLK\\\" action-type=\\\"feed_list_url\\\" target=\\\"_blank\\\" rel=\\\"noopener noreferrer\\\"><i class=\\\"W_ficon ficon_cd_video\\\">L</i>今日悉尼的微博视频</a>\",\"count\":153,\"br\":0},\"4379857272309294\":{\"html\":\" 【美式“范跑跑”：校园枪击案时校警溜了，如今面临11项刑事指控】4日，因在枪击案发生时躲墙角延误救援，美国前布劳沃德县副警长彼得森被捕入狱。他将面临11项刑事指控，合计近100年的刑期。去年，美国一个高中发生严重枪击案件，造成17人死亡。然而作为驻校警员的彼得森却开着巡逻车躲了起来，而且一躲就是27分钟......<a  suda-uatrack=\\\"key=tblog_card&value=click_title:4379857272309294:2017607-video:2017607%3A4379829408055601:weibodetail:1887344341:4379857272309294:1887344341\\\" title=\\\"微丢的秒拍视频\\\" href=\\\"http://t.cn/Ai9Qwizy\\\" alt=\\\"http://t.cn/Ai9Qwizy\\\" action-type=\\\"feed_list_url\\\" target=\\\"_blank\\\" rel=\\\"noopener noreferrer\\\"><i class=\\\"W_ficon ficon_cd_video\\\">L</i>微丢的秒拍视频</a>&nbsp;&nbsp;<a target=\\\"_blank\\\" render=\\\"ext\\\" extra-data=\\\"type=atname\\\" href=\\\"//weibo.com/n/%E5%BE%AE%E4%B8%A2?from=feed&loc=at\\\" usercard=\\\"name=微丢\\\">@微丢</a>\",\"count\":161,\"br\":0},\"4379796815252106\":{\"html\":\" 【转！祝贺！<a target=\\\"_blank\\\" render=\\\"ext\\\" suda-uatrack=\\\"key=topic_click&value=click_topic\\\" class=\\\"a_topic\\\" extra-data=\\\"type=topic\\\" href=\\\"//s.weibo.com/weibo?q=%23%E4%B8%AD%E5%9B%BD%E8%88%AA%E5%A4%A9%E5%AE%8C%E6%88%90%E9%A6%96%E6%AC%A1%E6%B5%B7%E4%B8%8A%E5%8F%91%E5%B0%84%23&from=default\\\">#中国航天完成首次海上发射#</a> 长征十一号一箭七星！<img class=\\\"W_img_face\\\" render=\\\"ext\\\" src=\\\"//img.t.sinajs.cn/t4/appstyle/expression/ext/normal/36/2018new_geili_org.png\\\" title=\\\"[给力]\\\" alt=    \\\"[给力]\\\" type=\\\"face\\\" />】今天12时06分，我国在黄海海域使用长征十一号运载火箭（CZ-11 WEY号）成功完成“一箭七星”海上发射技术试验，这是我国首次在海上进行航天发射，填补了我国运载火箭海上发射空白，为我国快速进入太空提供了新的发射方式！<a  suda-uatrack=\\\"key=tblog_card&value=click_title:4379796815252106:1042194-video:1042194%3A4379800203409914:weibodetail:2656274875:4379796815252106:2656274875\\\" title=\\\"央视新闻的酷燃视频\\\" href=\\\"http://t.cn/Ai9H5HfZ\\\" alt=\\\"http://t.cn/Ai9H5HfZ\\\" action-type=\\\"feed_list_url\\\" target=\\\"_blank\\\" rel=\\\"noopener noreferrer\\\"><i class=\\\"W_ficon ficon_cd_video\\\">L</i>央视新闻的酷燃视频</a>（央视记者崔霞 李厦）\",\"count\":154,\"br\":0},\"4379825768562194\":{\"html\":null,\"count\":483,\"br\":7}}","search_enable":"bfalse","user1645221270config":"s{\"weibo.tool.load_weibo_by_group.group\":{},\"weibo.tool.load_weibo_by_group\":false,\"weibo.tool.load_weibo_by_multi_group.count\":50,\"weibo.tool.load_weibo_by_multi_group.enabled\":false,\"weibo.tool.load_weibo_by_multi_group.clear\":\"clear\",\"weibo.tool.load_weibo_by_multi_group.whisper\":false,\"weibo.tool.load_weibo_by_multi_group\":[],\"weibo.tool.use_fast_creator\":true,\"weibo.tool.refilter\":true,\"weibo.tool.fast_block_button\":false,\"weibo.tool.block_hidden\":false,\"weibo.tool.disable_lazyload\":true,\"weibo.other.group_account\":false,\"weibo.other.group_same_account\":false,\"weibo.other.auto_load_new_weibo\":false,\"weibo.other.auto_expand.etypes\":false,\"weibo.other.auto_expand.background\":true,\"weibo.other.auto_expand\":false,\"weibo.other.desktop_notification.types\":true,\"weibo.other.desktop_notification.autohide\":true,\"weibo.other.desktop_notification.shorten\":false,\"weibo.other.desktop_notification.shortlen\":50,\"weibo.other.desktop_notification.duration\":3000,\"weibo.other.desktop_notification.durationc\":150,\"weibo.other.desktop_notification.ntypes\":false,\"weibo.other.desktop_notification\":false,\"weibo.filters.keyword.whitelist\":[],\"weibo.filters.keyword.blacklist\":[],\"weibo.filters.keyword.foldlist\":[],\"weibo.filters.regexp.whitelist\":[],\"weibo.filters.regexp.blacklist\":[],\"weibo.filters.regexp.foldlist\":[],\"weibo.content.types_mention\":true,\"weibo.content.types_topic\":true,\"weibo.content.types_stock\":true,\"weibo.content.types_linkt\":true,\"weibo.content.types_linku\":false,\"weibo.content.types_emotion\":false,\"weibo.filters.account.whitelist\":[],\"weibo.filters.account.blacklist\":[],\"weibo.filters.account.foldlist\":[],\"weibo.filters.accountf.blacklist\":[],\"weibo.filters.accountf.foldlist\":[],\"weibo.original.blacklist_d\":true,\"weibo.filters.original.whitelist\":[],\"weibo.filters.original.blacklist\":[],\"weibo.filters.original.foldlist\":[],\"weibo.original.by_follower.enabled\":false,\"weibo.original.by_follower.fans\":10,\"weibo.original.by_follower\":[],\"weibo.filters.mention.whitelist\":[],\"weibo.filters.mention.blacklist\":[],\"weibo.filters.mention.foldlist\":[],\"weibo.filters.topic.whitelist\":[],\"weibo.filters.topic.blacklist\":[],\"weibo.filters.topic.foldlist\":[],\"weibo.filters.rtopic.whitelist\":[],\"weibo.filters.rtopic.blacklist\":[],\"weibo.filters.rtopic.foldlist\":[],\"weibo.filters.source.whitelist\":[],\"weibo.filters.source.blacklist\":[],\"weibo.filters.source.foldlist\":[],\"weibo.filters.hyperlink.whitelist\":[],\"weibo.filters.hyperlink.blacklist\":[],\"weibo.filters.hyperlink.foldlist\":[],\"weibo.filters.linktitle.whitelist\":[],\"weibo.filters.linktitle.blacklist\":[],\"weibo.filters.linktitle.foldlist\":[],\"weibo.other.my_weibo\":false,\"weibo.other.my_original\":false,\"weibo.other.mention_me\":false,\"weibo.other.ad_feed\":false,\"weibo.other.fans_top\":false,\"weibo.other.product_card\":false,\"weibo.other.tb_tm_wb\":false,\"weibo.other.weibo_pay_gift\":false,\"weibo.other.user_like\":false,\"weibo.other.fake_weibo\":false,\"weibo.other.deleted_forward\":false,\"weibo.other.comment_and_reply\":false,\"weibo.other.vote_weibo\":false,\"weibo.other.red2014\":false,\"weibo.other.jinli_forward\":false,\"weibo.other.appitem\":false,\"weibo.other.wenda\":false,\"weibo.other.wenwodr\":false,\"weibo.other.yizhibo.type\":\"all\",\"weibo.other.yizhibo\":false,\"weibo.other.stock\":false,\"weibo.other.paid\":false,\"weibo.other.multi_topic.num\":5,\"weibo.other.multi_topic\":false,\"weibo.other.too_long\":false,\"weibo.other.wei_huati\":false,\"weibo.other.wei_qun\":false,\"weibo.other.wei_fangtan\":false,\"weibo.other.wei_gongyi\":false,\"weibo.other.unauth_source\":false,\"weibo.other.same_account.number\":5,\"weibo.other.same_account.action\":\"fold\",\"weibo.other.same_account\":false,\"weibo.other.same_forward.number\":3,\"weibo.other.same_forward.action\":\"fold\",\"weibo.other.same_forward\":false,\"weibo.filters.ckeyword.whitelist\":[],\"weibo.filters.ckeyword.blacklist\":[],\"weibo.filters.cregexp.whitelist\":[],\"weibo.filters.cregexp.blacklist\":[],\"weibo.filters.cuser.whitelist\":[],\"weibo.filters.cuser.blacklist\":[],\"weibo.filters.ctopic.whitelist\":[],\"weibo.filters.ctopic.blacklist\":[],\"weibo.comment.my_comment\":true,\"weibo.comment.emoji_count.number\":8,\"weibo.comment.emoji_count\":false,\"weibo.comment.emoji_types.number\":4,\"weibo.comment.emoji_types\":false,\"weibo.comment.no_content\":false,\"weibo.comment.with_forward\":false,\"weibo.comment.with_picture.act\":\"fold\",\"weibo.comment.with_picture\":false,\"weibo.comment.delete_comment\":false,\"weibo.layoutHideIconLevel\":false,\"weibo.layoutHideIconMember\":false,\"weibo.layoutHideIconApprove\":false,\"weibo.layoutHideIconApproveCo\":false,\"weibo.layoutHideIconApproveDead\":false,\"weibo.layoutHideIconClub\":false,\"weibo.layoutHideIconVGirl\":false,\"weibo.layoutHideIconSupervisor\":false,\"weibo.layoutHideIconTaobao\":false,\"weibo.layoutHideIconCheng\":false,\"weibo.layoutHideIconGongyi\":false,\"weibo.layoutHideIconZongyika\":false,\"weibo.layoutHideIconOther\":false,\"weibo.layoutHideFollowSingle\":false,\"weibo.layoutHideFollowAtMe\":false,\"weibo.layoutHideFollowDiscover\":false,\"weibo.layoutHideFollowWhisper\":false,\"weibo.layoutHideFollowVideo\":false,\"weibo.layoutHideFollowRecommend\":false,\"weibo.layoutHideNavLogoImg\":false,\"weibo.layoutHideNavMain\":false,\"weibo.layoutHideNavTV\":false,\"weibo.layoutHideNavHot\":false,\"weibo.layoutHideNavGame\":false,\"weibo.layoutHideNavHotSearch\":false,\"weibo.layoutHideNavNoticeNew\":false,\"weibo.layoutHideNavNew\":false,\"weibo.layoutHideNavHotTip\":false,\"weibo.layoutHideLeftHome\":false,\"weibo.layoutHideLeftFav\":false,\"weibo.layoutHideLeftLike\":false,\"weibo.layoutHideLeftHot\":false,\"weibo.layoutHideLeftTV\":false,\"weibo.layoutHideLeftFriends\":false,\"weibo.layoutHideLeftGroupToMe\":true,\"weibo.layoutHideLeftSpecial\":false,\"weibo.layoutHideLeftWhisper\":true,\"weibo.layoutHideLeftVPlus\":false,\"weibo.layoutHideLeftNew\":false,\"weibo.layoutHideLeftNews\":false,\"weibo.layoutHideLeftCount\":false,\"weibo.layoutHideMiddleRecommendedTopic\":true,\"weibo.layoutHideMiddleFeedRecommand\":false,\"weibo.layoutHideMiddleMemberTip\":false,\"weibo.layoutHideRightInfo\":true,\"weibo.layoutHideRightRecomMusicRank\":true,\"weibo.layoutHideRightHotTopic\":true,\"weibo.layoutHideRightHotTopicExpand\":true,\"weibo.layoutHideRightInterest\":true,\"weibo.layoutHideRightMember\":true,\"weibo.layoutHideRightGroups\":true,\"weibo.layoutHideRightRecomGroupUser\":false,\"weibo.layoutHideRightHongbaoRank\":true,\"weibo.layoutHideRightMovie\":true,\"weibo.layoutHideRightAttFeed\":true,\"weibo.layoutHideRightTaobaoMovie\":true,\"weibo.layoutHideRightNotice\":true,\"weibo.layoutHideWeiboRecomFeed\":false,\"weibo.layoutHideWeiboFeedOuterTip\":true,\"weibo.layoutHideWeiboFeedTip\":false,\"weibo.layoutHideWeiboGroupTip\":false,\"weibo.layoutHideWeiboVIPBackground\":false,\"weibo.layoutHideWeiboLastPic\":false,\"weibo.layoutHideWeiboPicTag\":false,\"weibo.layoutHideWeiboSonTitle\":false,\"weibo.layoutHideWeiboCard\":false,\"weibo.layoutHideWeiboArticalPay\":false,\"weibo.layoutHideWeiboTag\":false,\"weibo.layoutHideWeiboMovieTag\":false,\"weibo.layoutHideWeiboSource\":false,\"weibo.layoutHideWeiboPop\":false,\"weibo.layoutHideWeiboLike\":false,\"weibo.layoutHideWeiboLikeComment\":false,\"weibo.layoutHideWeiboLikePopup\":false,\"weibo.layoutHideWeiboForward\":false,\"weibo.layoutHideWeiboFavourite\":false,\"weibo.layoutHideWeiboPromoteOther\":false,\"weibo.layoutHideWeiboReport\":false,\"weibo.layoutHideWeiboUseCardBackground\":false,\"weibo.layoutHidePersonMoveThings\":false,\"weibo.layoutHidePersonCover\":false,\"weibo.layoutHidePersonBGImg\":false,\"weibo.layoutHidePersonBadgeIcon\":false,\"weibo.layoutHidePersonVerify\":false,\"weibo.layoutHidePersonEditPersonInfo\":false,\"weibo.layoutHidePersonStats\":false,\"weibo.layoutHidePersonMyData\":false,\"weibo.layoutHidePersonSuggestUser\":false,\"weibo.layoutHidePersonGroup\":false,\"weibo.layoutHidePersonRelation\":false,\"weibo.layoutHidePersonAlbum\":false,\"weibo.layoutHidePersonHotTopic\":false,\"weibo.layoutHidePersonHotWeibo\":false,\"weibo.layoutHidePersonUserList\":false,\"weibo.layoutHidePersonHongbao\":false,\"weibo.layoutHidePersonWenwoDr\":false,\"weibo.layoutHidePersonTimeline\":false,\"weibo.layout.pleft\":[],\"weibo.layoutHideMessagesHelp\":false,\"weibo.layoutHideMessagesFeedback\":false,\"weibo.layoutHideMessagesYoudao\":false,\"weibo.layoutHideOtherAds\":true,\"weibo.layoutHideOtherMusic\":true,\"weibo.layoutHideOtherTemplate\":true,\"weibo.layoutHideOtherHomeTip\":false,\"weibo.layoutHideOtherFooter\":true,\"weibo.layoutHideOtherWbIm\":false,\"weibo.layoutHideOtherIM\":true,\"weibo.layoutHideOtherIMNews\":false,\"weibo.layoutHideOtherTip\":false,\"weibo.layoutHideOtherRelatedWB\":false,\"weibo.layoutHideOtherRelatedVideo\":false,\"weibo.layoutHideOtherRelatedArtical\":false,\"weibo.layoutHideOtherSendWeibo\":false,\"weibo.tool.showAllMsgNav.atme\":true,\"weibo.tool.showAllMsgNav.cmt\":true,\"weibo.tool.showAllMsgNav.like\":false,\"weibo.tool.showAllMsgNav.dm\":false,\"weibo.tool.showAllMsgNav.msgbox\":false,\"weibo.tool.showAllMsgNav.group\":false,\"weibo.tool.showAllMsgNav.dmsub\":false,\"weibo.tool.showAllMsgNav\":false,\"weibo.tool.showAllGroup\":true,\"weibo.tool.mergeColumns.side\":\"right\",\"weibo.tool.mergeColumns\":true,\"weibo.tool.chose_side.side\":\"right\",\"weibo.tool.chose_side\":false,\"weibo.tool.filte_right_topic\":false,\"weibo.tool.filte_right_topic_count.number\":200,\"weibo.tool.filte_right_topic_count\":false,\"weibo.tool.right_user_list\":[],\"weibo.tool.right_user_list_notice._records\":[],\"weibo.tool.right_user_list_notice._last\":{},\"weibo.tool.right_user_list_notice\":false,\"weibo.tool.hide_nav_bar\":true,\"weibo.tool.fixedLeft\":true,\"weibo.tool.fixedRight\":true,\"weibo.tool.fixedNewFeedTip\":false,\"weibo.tool.fixedOthers\":true,\"weibo.tool.auto_unfold_weibo.count\":200,\"weibo.tool.auto_unfold_weibo.br\":30,\"weibo.tool.auto_unfold_weibo\":true,\"weibo.tool.clear_def_topic\":true,\"weibo.tool.redirectWeibo\":true,\"weibo.tool.cardButton\":false,\"weibo.tool.viewOriginal.open\":\"image\",\"weibo.tool.viewOriginal.direct\":false,\"weibo.tool.viewOriginal.method\":\"default\",\"weibo.tool.viewOriginal.url\":\"default\",\"weibo.tool.viewOriginal\":true,\"weibo.tool.downloadImage.direct\":false,\"weibo.tool.downloadImage\":false,\"weibo.tool.noTagDialog\":false,\"weibo.tool.use_built_in_video_player.volume\":100,\"weibo.tool.use_built_in_video_player.memorize\":false,\"weibo.tool.use_built_in_video_player\":false,\"weibo.tool.pause_animated_image\":true,\"weibo.tool.disable_video_menu\":true,\"weibo.tool.replace_link\":false,\"weibo.tool.replace_image_emoji\":false,\"weibo.other.customize_source\":false,\"weibo.other.fold_child_comment\":false,\"weibo.other.comment_show_all\":false,\"weibo.tool.auto_check_following.frequency\":\"3\",\"weibo.tool.auto_check_following\":false,\"weibo.tool.auto_unfold_ttartical\":false,\"weibo.tool.uncheck_follow_presenter\":false,\"weibo.tool.fast_emoji.top\":[null,null,null,null,null,null,null,null,null,null],\"weibo.tool.fast_emoji.recent\":[null,null,null,null,null,null,null,null,null,null],\"weibo.tool.fast_emoji\":false,\"weibo.tool.disable_desktop_notification\":true,\"weibo.tool.disable_live_photo\":true,\"weibo.tool.disable_video_click_pop\":true,\"weibo.tool.no_pop_but_full_screen\":false,\"weibo.tool.video_no_auto_next\":false,\"weibo.tool.custom_font_family.wf\":\"Times\",\"weibo.tool.custom_font_family.cf\":\"中易宋体\",\"weibo.tool.custom_font_family\":false,\"weibo.tool.weibo_large_font.ratio\":\"120\",\"weibo.tool.weibo_large_font\":true,\"weibo.tool.avatar_shape.shape\":\"square\",\"weibo.tool.avatar_shape\":false,\"weibo.tool.dark_nav_bar\":false,\"weibo.tool.reorder_nav_bar\":false,\"weibo.tool.nav_hide_name.act\":\"hidden\",\"weibo.tool.nav_hide_name\":true,\"weibo.tool.width_weibo.width\":750,\"weibo.tool.width_weibo\":true,\"weibo.tool.weibo_only.width\":600,\"weibo.tool.weibo_only.key\":119,\"weibo.tool.weibo_only.switch\":false,\"weibo.tool.weibo_only._enabled\":false,\"weibo.tool.weibo_only\":false,\"weibo.tool.set_skin.skin\":\"skin058\",\"weibo.tool.set_skin\":false,\"weibo.tool.unwrapText\":false,\"weibo.tool.unwrapContent.text\":\"⏎\",\"weibo.tool.unwrapContent\":false,\"weibo.tool.image_size.repost\":false,\"weibo.tool.image_size\":false,\"weibo.tool.no_weibo_space\":false,\"weibo.tool.from_in_bottom\":false,\"weibo.tool.user_page_no_author.who\":\"all\",\"weibo.tool.user_page_no_author\":false,\"weibo.tool.hover_show_fold\":false,\"weibo.tool.fold_text.text\":\"author-reason\",\"weibo.tool.fold_text\":false,\"weibo.layout.reorder.1\":\"pop\",\"weibo.layout.reorder.2\":\"favorite\",\"weibo.layout.reorder.3\":\"forward\",\"weibo.layout.reorder.4\":\"comment\",\"weibo.layout.reorder.5\":\"like\",\"weibo.layout.reorder\":true,\"weibo.layout.cmtorder.1\":\"report\",\"weibo.layout.cmtorder.2\":\"delete\",\"weibo.layout.cmtorder.3\":\"conversition\",\"weibo.layout.cmtorder.4\":\"reply\",\"weibo.layout.cmtorder.5\":\"like\",\"weibo.layout.cmtorder\":true,\"weibo.tool.whitelist_highlight.color\":\"#dafee4\",\"weibo.tool.whitelist_highlight.transparency\":0,\"weibo.tool.whitelist_highlight\":false,\"weibo.tool.color_override.color1\":\"#f6f6f6\",\"weibo.tool.color_override.transparency1\":30,\"weibo.tool.color_override.color2\":\"#ffffff\",\"weibo.tool.color_override.transparency2\":30,\"weibo.tool.color_override.color3\":\"#ffffff\",\"weibo.tool.color_override.transparency3\":30,\"weibo.tool.color_override\":false,\"weibo.tool.userstyle\":\"\",\"weibo._yawf_version\":500,\"script.other.auto_complete\":true,\"weibo.tool.message_current_page\":false,\"weibo.tool.load_weibo_by_newest\":true,\"weibo.layoutHideLeftNewFeed\":false}","whatsnew":"btrue"},"ts":1561271697061}