{"options":{"check_for_updates":true,"comment":null,"compatopts_for_requires":true,"compat_wrappedjsobject":false,"compat_metadata":false,"compat_foreach":false,"compat_arrayleft":false,"compat_uW_gmonkey":false,"compat_forvarin":false,"noframes":null,"awareOfChrome":false,"run_at":null,"override":{"use_includes":[],"orig_includes":[],"merge_includes":true,"use_matches":[],"orig_matches":["https://mp.weixin.qq.com/s*"],"merge_matches":true,"use_excludes":[],"orig_excludes":[],"merge_excludes":true,"use_connects":[],"merge_connects":true,"use_blockers":[],"orig_run_at":"document-idle","orig_noframes":null}},"settings":{"enabled":true,"position":3},"meta":{"name":"微信公众号文章页面标题设置工具","uuid":"33fe03ef-bd64-4618-b27a-dbedfc8198f6","modified":1559720493461,"file_url":"https://greasyfork.org/scripts/377299-%E5%BE%AE%E4%BF%A1%E5%85%AC%E4%BC%97%E5%8F%B7%E6%96%87%E7%AB%A0%E9%A1%B5%E9%9D%A2%E6%A0%87%E9%A2%98%E8%AE%BE%E7%BD%AE%E5%B7%A5%E5%85%B7/code/%E5%BE%AE%E4%BF%A1%E5%85%AC%E4%BC%97%E5%8F%B7%E6%96%87%E7%AB%A0%E9%A1%B5%E9%9D%A2%E6%A0%87%E9%A2%98%E8%AE%BE%E7%BD%AE%E5%B7%A5%E5%85%B7.user.js"}}