{"options":{"awareOfChrome":false,"check_for_updates":true,"comment":null,"compat_arrayleft":false,"compat_foreach":false,"compat_forvarin":false,"compat_metadata":false,"compat_uW_gmonkey":false,"compat_wrappedjsobject":false,"compatopts_for_requires":true,"noframes":null,"override":{"merge_connects":true,"merge_excludes":true,"merge_includes":true,"merge_matches":true,"orig_excludes":[],"orig_includes":[],"orig_matches":["https://mp.weixin.qq.com/s*"],"orig_noframes":null,"orig_run_at":"document-idle","use_blockers":[],"use_connects":[],"use_excludes":[],"use_includes":[],"use_matches":[]},"run_at":null},"settings":{"enabled":true,"position":3},"meta":{"name":"微信公众号文章页面标题设置工具","uuid":"33fe03ef-bd64-4618-b27a-dbedfc8198f6","modified":1559720493461,"file_url":"https://greasyfork.org/scripts/377299-%E5%BE%AE%E4%BF%A1%E5%85%AC%E4%BC%97%E5%8F%B7%E6%96%87%E7%AB%A0%E9%A1%B5%E9%9D%A2%E6%A0%87%E9%A2%98%E8%AE%BE%E7%BD%AE%E5%B7%A5%E5%85%B7/code/%E5%BE%AE%E4%BF%A1%E5%85%AC%E4%BC%97%E5%8F%B7%E6%96%87%E7%AB%A0%E9%A1%B5%E9%9D%A2%E6%A0%87%E9%A2%98%E8%AE%BE%E7%BD%AE%E5%B7%A5%E5%85%B7.user.js"}}