{"options":{"check_for_updates":true,"comment":null,"compatopts_for_requires":true,"compat_wrappedjsobject":false,"compat_metadata":false,"compat_foreach":false,"compat_arrayleft":false,"compat_uW_gmonkey":false,"compat_forvarin":false,"noframes":null,"awareOfChrome":false,"run_at":null,"override":{"use_includes":[],"orig_includes":[],"merge_includes":true,"use_matches":[],"orig_matches":["http://mp.weixin.qq.com/s?*","https://mp.weixin.qq.com/s?*","https://mp.weixin.qq.com/s?*","http://mp.weixin.qq.com/s/*","https://mp.weixin.qq.com/s/*"],"merge_matches":true,"use_excludes":[],"orig_excludes":[],"merge_excludes":true,"use_connects":[],"merge_connects":true,"use_blockers":[],"orig_run_at":"document-start","orig_noframes":null}},"settings":{"enabled":true,"position":4},"meta":{"name":"禁止Web版微信延迟加载图片","uuid":"b3e93903-7f0f-4ee1-a699-95ec59b5bd00","modified":1559720496480,"file_url":"https://greasyfork.org/scripts/375791-%E7%A6%81%E6%AD%A2web%E7%89%88%E5%BE%AE%E4%BF%A1%E5%BB%B6%E8%BF%9F%E5%8A%A0%E8%BD%BD%E5%9B%BE%E7%89%87/code/%E7%A6%81%E6%AD%A2Web%E7%89%88%E5%BE%AE%E4%BF%A1%E5%BB%B6%E8%BF%9F%E5%8A%A0%E8%BD%BD%E5%9B%BE%E7%89%87.user.js"}}