{"options":{"awareOfChrome":false,"check_for_updates":true,"comment":null,"compat_arrayleft":false,"compat_foreach":false,"compat_forvarin":false,"compat_metadata":false,"compat_uW_gmonkey":false,"compat_wrappedjsobject":false,"compatopts_for_requires":true,"noframes":null,"override":{"merge_connects":true,"merge_excludes":true,"merge_includes":true,"merge_matches":true,"orig_connects":[],"orig_excludes":[],"orig_includes":["http*://*v2ex.com/t/*"],"orig_matches":[],"orig_noframes":null,"orig_run_at":"document-idle","use_blockers":[],"use_connects":[],"use_excludes":[],"use_includes":[],"use_matches":[]},"run_at":null},"settings":{"enabled":true,"position":3},"meta":{"name":"v2ex回复排序","uuid":"bb23e2ec-b962-4cef-a131-32fed29a21d5","modified":1574559870692,"file_url":"https://greasyfork.org/scripts/34198-v2ex%E5%9B%9E%E5%A4%8D%E6%8E%92%E5%BA%8F/code/v2ex%E5%9B%9E%E5%A4%8D%E6%8E%92%E5%BA%8F.user.js"}}