{"options":{"awareOfChrome":false,"check_for_updates":true,"comment":null,"compat_arrayleft":false,"compat_foreach":false,"compat_forvarin":false,"compat_metadata":false,"compat_uW_gmonkey":false,"compat_wrappedjsobject":false,"compatopts_for_requires":true,"noframes":null,"override":{"merge_connects":true,"merge_excludes":true,"merge_includes":true,"merge_matches":true,"orig_connects":[],"orig_excludes":[],"orig_includes":[],"orig_matches":["*://www.v2ex.com/*"],"orig_noframes":null,"orig_run_at":"document-idle","use_blockers":[],"use_connects":[],"use_excludes":[],"use_includes":[],"use_matches":[]},"run_at":null},"settings":{"enabled":true,"position":4},"meta":{"name":"V2EX帖子盖楼显示","uuid":"194a42c5-baeb-4d52-b4d2-15d1a21857a1","modified":1574559874485,"file_url":"https://greasyfork.org/scripts/371199-v2ex%E5%B8%96%E5%AD%90%E7%9B%96%E6%A5%BC%E6%98%BE%E7%A4%BA/code/V2EX%E5%B8%96%E5%AD%90%E7%9B%96%E6%A5%BC%E6%98%BE%E7%A4%BA.user.js"}}