{"options":{"awareOfChrome":false,"check_for_updates":true,"comment":null,"compat_arrayleft":false,"compat_foreach":false,"compat_forvarin":false,"compat_metadata":false,"compat_uW_gmonkey":false,"compat_wrappedjsobject":false,"compatopts_for_requires":true,"noframes":null,"override":{"merge_connects":true,"merge_excludes":true,"merge_includes":true,"merge_matches":true,"orig_excludes":[],"orig_includes":[],"orig_matches":["https://www.youtube.com/*"],"orig_noframes":null,"orig_run_at":"document-start","use_blockers":[],"use_connects":[],"use_excludes":[],"use_includes":[],"use_matches":[]},"run_at":null},"settings":{"enabled":false,"position":25},"meta":{"name":"Plain old youtube (2019) Dark","uuid":"b0dc384b-547e-4a73-81f9-a0813accc57a","modified":1575178764868,"file_url":"https://greasyfork.org/scripts/393061-plain-old-youtube-2019-dark/code/Plain%20old%20youtube%20(2019)%20Dark.user.js"}}