{"options":{"awareOfChrome":false,"check_for_updates":true,"comment":null,"compat_arrayleft":false,"compat_foreach":false,"compat_forvarin":false,"compat_metadata":false,"compat_uW_gmonkey":false,"compat_wrappedjsobject":false,"compatopts_for_requires":true,"noframes":null,"override":{"merge_connects":true,"merge_excludes":true,"merge_includes":true,"merge_matches":true,"orig_excludes":[],"orig_includes":[],"orig_matches":["https://www.youtube.com/*"],"orig_noframes":null,"orig_run_at":"document-start","use_blockers":[],"use_connects":[],"use_excludes":[],"use_includes":[],"use_matches":[]},"run_at":null},"settings":{"enabled":false,"position":24},"meta":{"name":"Plain old youtube.com (2019)","uuid":"9d09c4b6-b3bc-417b-84ab-95abace2343c","modified":1575179731127,"file_url":"https://greasyfork.org/scripts/393055-plain-old-youtube-com-2019/code/Plain%20old%20youtubecom%20(2019).user.js"}}