{"options":{"awareOfChrome":false,"check_for_updates":true,"comment":null,"compat_arrayleft":false,"compat_foreach":false,"compat_forvarin":false,"compat_metadata":false,"compat_uW_gmonkey":false,"compat_wrappedjsobject":false,"compatopts_for_requires":true,"noframes":null,"override":{"merge_connects":true,"merge_excludes":true,"merge_includes":true,"merge_matches":true,"orig_excludes":[],"orig_includes":[],"orig_matches":["*://v.qq.com/x/*"],"orig_noframes":null,"orig_run_at":"document-idle","use_blockers":[],"use_connects":[],"use_excludes":[],"use_includes":[],"use_matches":[]},"run_at":null},"settings":{"enabled":false,"position":31},"meta":{"name":"VIP视频新版_腾讯","uuid":"8bae13f2-d62e-4fbb-a04b-92fcc7ed820d","modified":1577793445058,"file_url":"https://greasyfork.org/scripts/394427-vip%E8%A7%86%E9%A2%91%E6%96%B0%E7%89%88-%E8%85%BE%E8%AE%AF/code/VIP%E8%A7%86%E9%A2%91%E6%96%B0%E7%89%88_%E8%85%BE%E8%AE%AF.user.js"}}