{"data":{"debug":"bfalse","extent":"bfalse","long_weibo_cache":"s{\"4458178957587634\":{\"html\":\" <a target=\\\"_blank\\\" render=\\\"ext\\\" suda-uatrack=\\\"key=topic_click&value=click_topic\\\" class=\\\"a_topic\\\" extra-data=\\\"type=topic\\\" href=\\\"//s.weibo.com/weibo?q=%23%E4%BA%BA%E5%A4%A7%E9%87%8D%E9%98%B3%23&from=default\\\">#人大重阳#</a> 【同情伊朗，谴责美国】<br>伊朗精锐部队“圣城旅”最高指挥官苏莱马尼被美国袭击身亡事件发生的第二天，一位伊朗朋友问我的看法。我不假思索地回答：这是国家恐怖主义行为啊！没有法律审判，没有国会授权，没有公开辩论，肆意就用国家军事暴力与舆论霸权指控，谋杀了一位主权国家的高官。<br>本文作者系王文<a target=\\\"_blank\\\" render=\\\"ext\\\" extra-data=\\\"type=atname\\\" href=\\\"//weibo.com/n/%E7%8E%8B%E6%96%87%E8%AF%84%E8%AE%BA?from=feed&loc=at\\\" usercard=\\\"name=王文评论\\\">@王文评论</a> ，英文原文刊于1月7日《环球时报》英文版<a target=\\\"_blank\\\" render=\\\"ext\\\" extra-data=\\\"type=atname\\\" href=\\\"//weibo.com/n/%E7%8E%AF%E7%90%83%E6%97%B6%E6%8A%A5-%E8%8B%B1%E6%96%87%E7%89%88?from=feed&loc=at\\\" usercard=\\\"name=环球时报-英文版\\\">@环球时报-英文版</a>&nbsp;&nbsp;“Wang Wen on Changing World”专栏。<br>英文版详戳：<a suda-uatrack=\\\"key=minicard&value=pagelink_minicard_click\\\" title=\\\"网页链接\\\" href=\\\"http://t.cn/Aisa5rHH\\\" alt=\\\"http://t.cn/Aisa5rHH\\\" action-type=\\\"feed_list_url\\\" target=\\\"_blank\\\" rel=\\\"noopener noreferrer\\\"><i class=\\\"W_ficon ficon_cd_link\\\">O</i>网页链接</a> <br>中文版详戳： <a  title=\\\"同情伊朗，谴责美国\\\" href=\\\"http://t.cn/Aisa59xS\\\" alt=\\\"http://t.cn/Aisa59xS\\\" action-type=\\\"feed_list_url\\\" target=\\\"_blank\\\" rel=\\\"noopener noreferrer\\\"><i class=\\\"W_ficon ficon_cd_link\\\">O</i>同情伊朗，谴责美国</a>\",\"count\":223,\"br\":4},\"4458178899522767\":{\"html\":\" KBS热播剧《山茶花盛开时》制作公司PAN娱乐以该剧从企划选角到拍摄全部由PAN娱乐公司包办为由，要求与KBS电视台分享著作权以及著作权带来的受益，与KBS电视台多次协商未能达成一致，准备起诉KBS电视台。<br> <br>由孔孝真、姜河那主演的《山茶花盛开时》终映时以23.8%的韩国全国收视率打破2019年周间剧最高收视纪录，作为2019年下半年韩国最热门的电视剧，业界估算KBS电视台在支付制作费后能净赚200亿韩元。\",\"count\":186,\"br\":2},\"4458178680627078\":{\"html\":null,\"count\":984,\"br\":17},\"4458178722450248\":{\"html\":\" <a target=\\\"_blank\\\" render=\\\"ext\\\" suda-uatrack=\\\"key=topic_click&value=click_topic\\\" class=\\\"a_topic\\\" extra-data=\\\"type=topic\\\" href=\\\"//s.weibo.com/weibo?q=%23%E6%BE%B3%E5%A4%A7%E5%88%A9%E4%BA%9A%E5%B0%86%E5%B0%84%E6%9D%801%E4%B8%87%E5%8F%AA%E9%AA%86%E9%A9%BC%23&from=default\\\">#澳大利亚将射杀1万只骆驼#</a>【澳大利亚山火肆虐4个月 政府射杀1万头骆驼：它们喝水太多】去年9月份，地广人稀的澳大利亚突发山火，现在已经烧了将近4个月了还没有扑灭，这也给当地生态及动物带来了巨大的麻烦。更悲催的是，动物们不仅要躲避山火，还遭受了池鱼之殃，当地政府将人为射杀1万头骆驼，原因是它们喝了太多的水。此外当地至少有100万头骆驼，每年会排放至少100万吨二氧化碳，这也成为它们被猎杀的理由。据悉烧了4个月的澳洲大火已经影响了当地的生态环境，悉尼大学生态学家估算，自去年9月澳洲爆发山火以来，已有4.8亿哺乳动物、鸟类和爬行动物丧生。<a target=\\\"_blank\\\" render=\\\"ext\\\" suda-uatrack=\\\"key=topic_click&value=click_topic\\\" class=\\\"a_topic\\\" extra-data=\\\"type=topic\\\" href=\\\"//s.weibo.com/weibo?q=%23%E6%BE%B3%E6%B4%B2%E5%B0%84%E6%9D%80%E9%AA%86%E9%A9%BC%E5%9B%A0%E5%96%9D%E6%B0%B4%E5%A4%AA%E5%A4%9A%23&from=default\\\">#澳洲射杀骆驼因喝水太多#</a><a target=\\\"_blank\\\" render=\\\"ext\\\" suda-uatrack=\\\"key=topic_click&value=click_topic\\\" class=\\\"a_topic\\\" extra-data=\\\"type=topic\\\" href=\\\"//s.weibo.com/weibo?q=%23%E6%BE%B3%E5%A4%A7%E5%88%A9%E4%BA%9A%E6%80%BB%E7%90%86%23&from=default\\\">#澳大利亚总理#</a><a target=\\\"_blank\\\" render=\\\"ext\\\" suda-uatrack=\\\"key=topic_click&value=click_topic\\\" class=\\\"a_topic\\\" extra-data=\\\"type=topic\\\" href=\\\"//s.weibo.com/weibo?q=%23%E8%B6%852%E4%B8%87%E5%8F%AA%E8%80%83%E6%8B%89%E5%B1%B1%E7%81%AB%E4%B8%AD%E6%AD%BB%E4%BA%A1%23&from=default\\\">#超2万只考拉山火中死亡#</a><a target=\\\"_blank\\\" render=\\\"ext\\\" suda-uatrack=\\\"key=topic_click&value=click_topic\\\" class=\\\"a_topic\\\" extra-data=\\\"type=topic\\\" href=\\\"//s.weibo.com/weibo?q=%23%E6%BE%B3%E6%B4%B2%E5%B1%B1%E7%81%AB180%E4%BA%BA%E6%B6%89%E5%AB%8C%E7%BA%B5%E7%81%AB%E8%A2%AB%E6%8D%95%23&from=default\\\">#澳洲山火180人涉嫌纵火被捕#</a><a target=\\\"_blank\\\" render=\\\"ext\\\" suda-uatrack=\\\"key=topic_click&value=click_topic\\\" class=\\\"a_topic\\\" extra-data=\\\"type=topic\\\" href=\\\"//s.weibo.com/weibo?q=%23%E9%A3%8E%E8%A7%86%E9%A2%91%23&from=default\\\">#风视频#</a><a suda-uatrack=\\\"key=minicard&value=pagelink_minicard_click\\\" title=\\\"网页链接\\\" href=\\\"http://t.cn/Aisa5QX5\\\" alt=\\\"http://t.cn/Aisa5QX5\\\" action-type=\\\"feed_list_url\\\" target=\\\"_blank\\\" rel=\\\"noopener noreferrer\\\"><i class=\\\"W_ficon ficon_cd_link\\\">O</i>网页链接</a> <a  suda-uatrack=\\\"key=tblog_card&value=click_title:4458178722450248:1034-video:1034%3A4458178620882949:getlongtext:1806128454:4458178722450248:1806128454\\\" title=\\\"凤凰网视频的微博视频\\\" href=\\\"http://t.cn/Aisa5EUv\\\" alt=\\\"http://t.cn/Aisa5EUv\\\" action-type=\\\"feed_list_url\\\" target=\\\"_blank\\\" rel=\\\"noopener noreferrer\\\"><i class=\\\"W_ficon ficon_cd_video\\\">L</i>凤凰网视频的微博视频</a>\",\"count\":324,\"br\":0},\"4458178890833487\":{\"html\":\" 【新年爆款水果！广州从化玫瑰柑惊艳市民舌尖，饱满汁多自带香气】1月7日，第一届广州从化玫瑰柑嘉年华启动仪式在从化区鳌头镇举行。玫瑰柑对生长环境十分挑剔，此玫瑰柑产自素有“北回归线上的明珠”之称的广州东北部从化。这里气候适宜、雨量充沛、日照充足，十分适合玫瑰柑的生长。所种植的玫瑰柑品种引进于以色列，而广州玫瑰柑基地更是依山傍水而建，占地1500余亩，产出的玫瑰柑果肉脆嫩，清甜多汁，深受消费者喜爱。&nbsp;&nbsp;<a  suda-uatrack=\\\"key=tblog_card&value=click_title:4458178890833487:1034-video:1034%3A4458178574745637:getlongtext:6217683074:4458178890833487:6217683074\\\" title=\\\"N视频的微博视频\\\" href=\\\"http://t.cn/Aisa5rvP\\\" alt=\\\"http://t.cn/Aisa5rvP\\\" action-type=\\\"feed_list_url\\\" target=\\\"_blank\\\" rel=\\\"noopener noreferrer\\\"><i class=\\\"W_ficon ficon_cd_video\\\">L</i>N视频的微博视频</a>\",\"count\":206,\"br\":0},\"4458178987353243\":{\"html\":null,\"count\":1125,\"br\":5},\"4458178689326867\":{\"html\":null,\"count\":1579,\"br\":87},\"4458178324638144\":{\"html\":\" 【福彩中心原主任被判11年：致使7.5亿财政资金流失】1月7日，中国福利彩票发行管理中心原主任王素英一审被判11年，本案判决书披露的消息引发关注。据红星新闻披露的判决书显示，王素英在任期间王素英违反《彩票管理条例》未按规定将彩票业务费上缴财政，7.56亿彩票业务费被福彩中心参股的公司违规分红。<a target=\\\"_blank\\\" render=\\\"ext\\\" extra-data=\\\"type=atname\\\" href=\\\"//weibo.com/n/%E6%96%B0%E4%BA%AC%E6%8A%A5%E6%88%91%E4%BB%AC%E8%A7%86%E9%A2%91?from=feed&loc=at\\\" usercard=\\\"name=新京报我们视频\\\">@新京报我们视频</a> <a  suda-uatrack=\\\"key=tblog_card&value=click_title:4458178324638144:2017607-video:2017607%3A4458125265141763:getlongtext:1641532820:4458178324638144:1641532820\\\" title=\\\"新京报我们视频的秒拍视频\\\" href=\\\"http://t.cn/AisXHLcY\\\" alt=\\\"http://t.cn/AisXHLcY\\\" action-type=\\\"feed_list_url\\\" target=\\\"_blank\\\" rel=\\\"noopener noreferrer\\\"><i class=\\\"W_ficon ficon_cd_video\\\">L</i>新京报我们视频的秒拍视频</a>\",\"count\":162,\"br\":0},\"4458178387038980\":{\"html\":\" 【<a target=\\\"_blank\\\" render=\\\"ext\\\" suda-uatrack=\\\"key=topic_click&value=click_topic\\\" class=\\\"a_topic\\\" extra-data=\\\"type=topic\\\" href=\\\"//s.weibo.com/weibo?q=%23%E5%9B%9B%E5%B7%9D%E7%94%98%E5%AD%9C%E6%8B%8D%E5%88%B0%E4%B8%80%E7%BA%A7%E4%BF%9D%E6%8A%A4%E5%8A%A8%E7%89%A9%E7%99%BD%E5%94%87%E9%B9%BF%23&from=default\\\">#四川甘孜拍到一级保护动物白唇鹿#</a>下山喝水】近日，在四川省甘孜州白玉县，雪地上一群白唇鹿正聚集休憩、喝水，这一幕被当地村民用手机被拍下。据悉，视频拍摄地位于该县麻绒乡马门村的一处观鹿点，当地村民称，这群白唇鹿已经连续几日来到这里，每天固定在下午5、6点钟左右出现。但由于白唇鹿天性比较机敏警觉，稍微靠近，它们便会四散而逃。（中国新闻网）<a  suda-uatrack=\\\"key=tblog_card&value=click_title:4458178387038980:1034-video:1034%3A4458010592870427:getlongtext:2462605080:4458178387038980:2462605080\\\" title=\\\"新华网的微博视频\\\" href=\\\"http://t.cn/Ais65mJj\\\" alt=\\\"http://t.cn/Ais65mJj\\\" action-type=\\\"feed_list_url\\\" target=\\\"_blank\\\" rel=\\\"noopener noreferrer\\\"><i class=\\\"W_ficon ficon_cd_video\\\">L</i>新华网的微博视频</a>\",\"count\":176,\"br\":0},\"4458178571459530\":{\"html\":\" 【除了传统基建，中国还在5G、人工智能、工业互联网、光纤通信等新基建领域努力实现新的增长点<img class=\\\"W_img_face\\\" render=\\\"ext\\\" src=\\\"//img.t.sinajs.cn/t4/appstyle/expression/ext/normal/6d/2018new_zhongguozan_org.png\\\" title=\\\"[中国赞]\\\" alt=    \\\"[中国赞]\\\" type=\\\"face\\\" />】Apart from developing a conventional infrastructure, such as transportation and energy, China has been striving to achieve new growth points in the development of communication infrastructures, such as 5G networks, AI, industrial internet and fiber-optic communication. <a target=\\\"_blank\\\" render=\\\"ext\\\" suda-uatrack=\\\"key=topic_click&value=click_topic\\\" class=\\\"a_topic\\\" extra-data=\\\"type=topic\\\" href=\\\"//s.weibo.com/weibo?q=%23WhyChina%23&from=default\\\">#WhyChina#</a> <a  suda-uatrack=\\\"key=tblog_card&value=click_title:4458178571459530:1034-video:1034%3A4458171922579491:getlongtext:3173633817:4458178571459530:3173633817\\\" title=\\\"CGTN的微博视频\\\" href=\\\"http://t.cn/Aisa5j9g\\\" alt=\\\"http://t.cn/Aisa5j9g\\\" action-type=\\\"feed_list_url\\\" target=\\\"_blank\\\" rel=\\\"noopener noreferrer\\\"><i class=\\\"W_ficon ficon_cd_video\\\">L</i>CGTN的微博视频</a>\",\"count\":194,\"br\":0},\"4458178324282822\":{\"html\":\" <a target=\\\"_blank\\\" render=\\\"ext\\\" suda-uatrack=\\\"key=topic_click&value=click_topic\\\" class=\\\"a_topic\\\" extra-data=\\\"type=topic\\\" href=\\\"//s.weibo.com/weibo?q=%23%E7%86%8A%E5%87%BA%E6%B2%A1%E6%B8%A9%E6%83%85%E7%89%88%E9%A2%84%E5%91%8A%23&from=default\\\">#熊出没温情版预告#</a> 信心十足！作为<a target=\\\"_blank\\\" render=\\\"ext\\\" suda-uatrack=\\\"key=topic_click&value=click_topic\\\" class=\\\"a_topic\\\" extra-data=\\\"type=topic\\\" href=\\\"//s.weibo.com/weibo?q=%23%E6%98%A5%E8%8A%82%E6%A1%A3%23&from=default\\\">#春节档#</a>首个开启提前点映的《熊出没·狂野大陆》，点映以来收获了非常好的口碑，被不少观众评价为七年最佳，有笑有泪非常好看……说真的，看了这支预告片，真的有被小小的感动到……听说这周末还会有点映，我打算先去买票了⬇️<br>猫眼：<a suda-uatrack=\\\"key=minicard&value=pagelink_minicard_click\\\" title=\\\"网页链接\\\" href=\\\"http://t.cn/AiFxtH43\\\" alt=\\\"http://t.cn/AiFxtH43\\\" action-type=\\\"feed_list_url\\\" target=\\\"_blank\\\" rel=\\\"noopener noreferrer\\\"><i class=\\\"W_ficon ficon_cd_link\\\">O</i>网页链接</a><br>淘票票：<a suda-uatrack=\\\"key=minicard&value=pagelink_minicard_click\\\" title=\\\"网页链接\\\" href=\\\"http://t.cn/AiFxcaTB\\\" alt=\\\"http://t.cn/AiFxcaTB\\\" action-type=\\\"feed_list_url\\\" target=\\\"_blank\\\" rel=\\\"noopener noreferrer\\\"><i class=\\\"W_ficon ficon_cd_link\\\">O</i>网页链接</a> <a  suda-uatrack=\\\"key=tblog_card&value=click_title:4458178324282822:1034-video:1034%3A4458155397283858:getlongtext:2295204811:4458178324282822:2295204811\\\" title=\\\"电影熊出没的微博视频\\\" href=\\\"http://t.cn/AisaPnvV\\\" alt=\\\"http://t.cn/AisaPnvV\\\" action-type=\\\"feed_list_url\\\" target=\\\"_blank\\\" rel=\\\"noopener noreferrer\\\"><i class=\\\"W_ficon ficon_cd_video\\\">L</i>电影熊出没的微博视频</a>\",\"count\":150,\"br\":2},\"4458178324273520\":{\"html\":\" 【<a target=\\\"_blank\\\" render=\\\"ext\\\" suda-uatrack=\\\"key=topic_click&value=click_topic\\\" class=\\\"a_topic\\\" extra-data=\\\"type=topic\\\" href=\\\"//s.weibo.com/weibo?q=%23%E5%AE%9C%E5%AE%B6%E6%8A%BD%E5%B1%89%E6%9F%9C%E8%87%B4%E7%94%B7%E7%AB%A5%E6%AD%BB%E4%BA%A1%E8%B5%943.2%E4%BA%BF%23&from=default\\\">#宜家抽屉柜致男童死亡赔3.2亿#</a> 曾在中国召回】据外媒报道，1月7日，瑞典家具品牌宜家同意向3年前被其生产的一个抽屉柜压死的男童的父母赔偿4600万美元（约合人民币3.2亿元）。2017年5月，这名年仅两岁的男童在家中小睡时被抽屉柜压死。其父母次年将宜家告上法庭，指控该公司明知这款抽屉柜有翻倒危险，且曾导致多宗儿童受伤甚至死亡个案，却没提醒消费者须将其固定在墙上。 <a  suda-uatrack=\\\"key=tblog_card&value=click_title:4458178324273520:2017607-video:2017607%3A4458133834367010:getlongtext:1650111241:4458178324273520:1650111241\\\" title=\\\"沸点国际的秒拍视频\\\" href=\\\"http://t.cn/AisXnlTY\\\" alt=\\\"http://t.cn/AisXnlTY\\\" action-type=\\\"feed_list_url\\\" target=\\\"_blank\\\" rel=\\\"noopener noreferrer\\\"><i class=\\\"W_ficon ficon_cd_video\\\">L</i>沸点国际的秒拍视频</a>\",\"count\":185,\"br\":0},\"4458178324642056\":{\"html\":\" 【<a target=\\\"_blank\\\" render=\\\"ext\\\" suda-uatrack=\\\"key=topic_click&value=click_topic\\\" class=\\\"a_topic\\\" extra-data=\\\"type=topic\\\" href=\\\"//s.weibo.com/weibo?q=%23FIFA20%E5%B9%B4%E5%BA%A6%E6%9C%80%E4%BD%B3%E9%98%B5%E5%AE%B9%23&from=default\\\">#FIFA20年度最佳阵容#</a> 公布】<a  suda-uatrack=\\\"key=tblog_card&value=click_title:4458178324642056:2026736001-webpage:2026736001%3Acomos%3Aihnzahk2560909\\\" title=\\\"FIFA20年度最佳阵容：C罗落选\\\" href=\\\"http://feed.mix.sina.com.cn/link_card/redirect?url=https%3A%2F%2Fsports.sina.com.cn%2Fg%2Fpl%2F2020-01-07%2Fdoc-iihnzahk2560909.shtml\\\" alt=\\\"http://feed.mix.sina.com.cn/link_card/redirect?url=https%3A%2F%2Fsports.sina.com.cn%2Fg%2Fpl%2F2020-01-07%2Fdoc-iihnzahk2560909.shtml\\\" action-type=\\\"feed_list_url\\\" target=\\\"_blank\\\" rel=\\\"noopener noreferrer\\\"><i class=\\\"W_ficon ficon_cd_link\\\">O</i>FIFA20年度最佳阵容：C罗落选</a> EA Sports官方公布了FIFA20的年度最佳阵容！这其中利物浦5人入选，<a target=\\\"_blank\\\" render=\\\"ext\\\" suda-uatrack=\\\"key=topic_click&value=click_topic\\\" class=\\\"a_topic\\\" extra-data=\\\"type=topic\\\" href=\\\"//s.weibo.com/weibo?q=%23%E6%A2%85%E8%A5%BF%23&from=default\\\">#梅西#</a> &amp;姆巴佩领衔阵容，<a target=\\\"_blank\\\" render=\\\"ext\\\" suda-uatrack=\\\"key=topic_click&value=click_topic\\\" class=\\\"a_topic\\\" extra-data=\\\"type=topic\\\" href=\\\"//s.weibo.com/weibo?q=%23C%E7%BD%97%23&from=default\\\">#C罗#</a> 遗憾落选。<br>门将：阿利松<br><br>后卫：阿诺德、范戴克、德利赫特、罗伯逊<br><br>中场：德布劳内、德容、坎特<br><br>前锋：梅西、马内、姆巴佩 ​​​​\",\"count\":135,\"br\":7},\"4458178173296220\":{\"html\":\" 【<a target=\\\"_blank\\\" render=\\\"ext\\\" suda-uatrack=\\\"key=topic_click&value=click_topic\\\" class=\\\"a_topic\\\" extra-data=\\\"type=topic\\\" href=\\\"//s.weibo.com/weibo?q=%23%E8%8B%8F%E8%8E%B1%E6%9B%BC%E5%B0%BC%E7%94%9F%E5%89%8D%E4%B8%8D%E7%94%A8%E6%99%BA%E8%83%BD%E6%89%8B%E6%9C%BA%23&from=default\\\">#苏莱曼尼生前不用智能手机#</a> 航班莫名晚点后被“清除”】<a target=\\\"_blank\\\" render=\\\"ext\\\" suda-uatrack=\\\"key=topic_click&value=click_topic\\\" class=\\\"a_topic\\\" extra-data=\\\"type=topic\\\" href=\\\"//s.weibo.com/weibo?q=%23%E8%8B%8F%E8%8E%B1%E6%9B%BC%E5%B0%BC%E8%91%AC%E7%A4%BC%E5%8F%91%E7%94%9F%E8%B8%A9%E8%B8%8F%E4%BA%8B%E6%95%85%23&from=default\\\">#苏莱曼尼葬礼发生踩踏事故#</a>1月3日，伊朗高级军官苏莱曼尼抵达伊拉克巴格达机场，迎接他的是伊拉克民兵组织指挥官穆罕迪斯，几分钟后两人被“定点清除”。当地媒体《中东之眼》称二人长年被美国视为最想除掉的眼中钉，两人不使用智能手机，只乘普通汽车出行。 <a target=\\\"_blank\\\" render=\\\"ext\\\" extra-data=\\\"type=atname\\\" href=\\\"//weibo.com/n/%E4%B8%96%E9%9D%A2?from=feed&loc=at\\\" usercard=\\\"name=世面\\\">@世面</a> <a  suda-uatrack=\\\"key=tblog_card&value=click_title:4458178173296220:2017607-video:2017607%3A4458084509351950:getlongtext:1893801487:4458178173296220:1893801487\\\" title=\\\"世面的秒拍视频\\\" href=\\\"http://t.cn/AisXG4w8\\\" alt=\\\"http://t.cn/AisXG4w8\\\" action-type=\\\"feed_list_url\\\" target=\\\"_blank\\\" rel=\\\"noopener noreferrer\\\"><i class=\\\"W_ficon ficon_cd_video\\\">L</i>世面的秒拍视频</a>\",\"count\":159,\"br\":0},\"4458178127402611\":{\"html\":\" 【海总为澳山火捐款百万美元 <a target=\\\"_blank\\\" render=\\\"ext\\\" suda-uatrack=\\\"key=topic_click&value=click_topic\\\" class=\\\"a_topic\\\" extra-data=\\\"type=topic\\\" href=\\\"//s.weibo.com/weibo?q=%23%E9%9B%B7%E7%A5%9E4%E6%88%96%E5%9B%A0%E6%BE%B3%E5%B1%B1%E7%81%AB%E5%BB%B6%E6%9C%9F%23&from=default\\\">#雷神4或因澳山火延期#</a>】1月7日，漫威系列电影中“雷神”的扮演者克里斯·海姆斯沃斯宣布为<a target=\\\"_blank\\\" render=\\\"ext\\\" suda-uatrack=\\\"key=topic_click&value=click_topic\\\" class=\\\"a_topic\\\" extra-data=\\\"type=topic\\\" href=\\\"//s.weibo.com/weibo?q=%23%E6%BE%B3%E5%A4%A7%E5%88%A9%E4%BA%9A%E5%B1%B1%E7%81%AB%23&from=default\\\">#澳大利亚山火#</a>捐款100万美元。克里斯是澳大利亚演员，其家乡墨尔本已因长达4个月的山火产生空气污染。《雷神4》也可能因山火延期，该作品原定于2020年8月在澳大利亚拍摄。<a target=\\\"_blank\\\" render=\\\"ext\\\" extra-data=\\\"type=atname\\\" href=\\\"//weibo.com/n/%E4%B8%96%E9%9D%A2?from=feed&loc=at\\\" usercard=\\\"name=世面\\\">@世面</a> <a  suda-uatrack=\\\"key=tblog_card&value=click_title:4458178127402611:2017607-video:2017607%3A4458177685815300:getlongtext:6124642021:4458178127402611:6124642021\\\" title=\\\"新京报我们视频的秒拍视频\\\" href=\\\"http://t.cn/Aisa5h5B\\\" alt=\\\"http://t.cn/Aisa5h5B\\\" action-type=\\\"feed_list_url\\\" target=\\\"_blank\\\" rel=\\\"noopener noreferrer\\\"><i class=\\\"W_ficon ficon_cd_video\\\">L</i>新京报我们视频的秒拍视频</a>\",\"count\":152,\"br\":0},\"4458178101848252\":{\"html\":\" <a target=\\\"_blank\\\" render=\\\"ext\\\" suda-uatrack=\\\"key=topic_click&value=click_topic\\\" class=\\\"a_topic\\\" extra-data=\\\"type=topic\\\" href=\\\"//s.weibo.com/weibo?q=%23%E4%BA%BA%E5%A4%A7%E9%87%8D%E9%98%B3%23&from=default\\\">#人大重阳#</a> 【罗思义：中国的发展将推动人类共同进步】<br> 中国创造了经济快速发展、社会长期稳定的奇迹，人民安居乐业，就业、教育、医疗等民生问题有了明显改善。这体现了中国特色社会主义制度的优势，是实行改革开放带来的巨大成就。（受访者罗思义<a target=\\\"_blank\\\" render=\\\"ext\\\" extra-data=\\\"type=atname\\\" href=\\\"//weibo.com/n/JohnRoss431?from=feed&loc=at\\\" usercard=\\\"name=JohnRoss431\\\">@JohnRoss431</a> 系前英国伦敦经济与商业政策署署长，中国人民大学重阳金融研究院高级研究员，本文刊于1月6日《人民日报》） <a  title=\\\"罗思义：中国的发展将推动人类共同进步\\\" href=\\\"http://t.cn/AisaqZNQ\\\" alt=\\\"http://t.cn/AisaqZNQ\\\" action-type=\\\"feed_list_url\\\" target=\\\"_blank\\\" rel=\\\"noopener noreferrer\\\"><i class=\\\"W_ficon ficon_cd_link\\\">O</i>罗思义：中国的发展将推动人类共同进步</a>\",\"count\":191,\"br\":1},\"4458178068168446\":{\"html\":\" 真的又需要高度实时性不能用时间换性能，又能利用多核心的玩意儿目前手里有的也就是Universe Sandbox了…这玩意用10980XE模拟什么知乎上常见的如果太阳和地球换位置会怎么样的问题可以时间精度两开花，非常好用<br><br>但是从这个软件的运行情况来看这东西能利用多核心能利用超线程，同时并不会触发AVX Offset更别说AVX512了，GPU虽然也有负载但是好像主要还是在渲染实时画面上，并没有多少资源用于加速计算，似乎玩这种宇宙模拟器，刚出的3990X才是终极归宿？\",\"count\":210,\"br\":2},\"4458178022122051\":{\"html\":\" 美国的这张王牌！中国已经开始引爆！它就是农业，美国拥有全球第一大农业产能。3亿人口，但仅有300万农民。1%的美国农民不仅养活了99%的美国人，还要包揽了全球农业价值的10%。而中国的农业，规模世界第一，但产出比远低于美国。之所以这样，就是因为我们太多都是靠天吃饭的传统农业。这几年，中国部分走在前面的现代化农业，让所有人看到了农业科技和农业品牌的价值。例如褚老用大数据种的褚橙，最近还联手拼多多，数据化销售端，让很多人都看到了科技互联网对传统农业的改变。这几天，以农货起家的拼多多还干了件大事，把百亿补贴瞄准了中国上千个头部农业品牌。消费者买实惠的背后，更推动中国农业转型升级。我们都知道，传统农业的改变很难。但星星之火一旦开始燎原，必将是中国的下一场爆发！\",\"count\":325,\"br\":0},\"4458179691589248\":{\"html\":\" <a  suda-uatrack=\\\"key=tblog_card&value=click_title:4458179691589248:1022-topic:1022%3A100808f7f499fdf1c23d39b93770518b1bb61c\\\" title=\\\"新疆话唠哥超话\\\" href=\\\"https://huati.weibo.com/k/%E6%96%B0%E7%96%86%E8%AF%9D%E5%94%A0%E5%93%A5\\\" alt=\\\"https://huati.weibo.com/k/%E6%96%B0%E7%96%86%E8%AF%9D%E5%94%A0%E5%93%A5\\\" action-type=\\\"feed_list_url\\\" target=\\\"_blank\\\" rel=\\\"noopener noreferrer\\\"><i class=\\\"W_ficon ficon_supertopic\\\">&#xe627;</i>新疆话唠哥超话</a><br><br>只可惜，认识的人很多，真心的人太少，熟悉的人很多，知心的人太少。我们都学会了沉默和防备，不敢轻易把心事告诉谁，不敢随便再信任一个人。我们太累了，所以想找一个肩膀依靠。我们都有痛，所以想找一个地方养伤。很多时候，我们说不在乎，很快乐，都是为了让身边的人放心。<a target=\\\"_blank\\\" render=\\\"ext\\\" suda-uatrack=\\\"key=topic_click&value=click_topic\\\" class=\\\"a_topic\\\" extra-data=\\\"type=topic\\\" href=\\\"//s.weibo.com/weibo?q=%23%E6%96%B0%E7%96%86%E8%AF%9D%E5%94%A0%E5%93%A5%23&from=default\\\">#新疆话唠哥#</a><a target=\\\"_blank\\\" render=\\\"ext\\\" suda-uatrack=\\\"key=topic_click&value=click_topic\\\" class=\\\"a_topic\\\" extra-data=\\\"type=topic\\\" href=\\\"//s.weibo.com/weibo?q=%23%E4%BA%BA%E7%94%9F%E6%84%9F%E6%82%9F%23&from=default\\\">#人生感悟#</a>\",\"count\":148,\"br\":2},\"4458166043185258\":{\"html\":\" 90后长大的一瞬间是从哪一刻开始的呢？去蹦迪觉得太吵，点外卖觉得不健康，自觉穿上秋裤，喜怒不形于色，熬不动夜了......关注<a target=\\\"_blank\\\" render=\\\"ext\\\" extra-data=\\\"type=atname\\\" href=\\\"//weibo.com/n/%E6%B5%B7%E4%BF%A1%E7%94%B5%E8%A7%86?from=feed&loc=at\\\" usercard=\\\"name=海信电视\\\">@海信电视</a> 带话题<a target=\\\"_blank\\\" render=\\\"ext\\\" suda-uatrack=\\\"key=topic_click&value=click_topic\\\" class=\\\"a_topic\\\" extra-data=\\\"type=topic\\\" href=\\\"//s.weibo.com/weibo?q=%2390%E8%80%8C%E7%AB%8B+%E6%9C%89%E8%A7%86%E6%97%A0%E6%81%90%23&from=default\\\">#90而立 有视无恐#</a> 转评本微博，告诉信哥你在哪一刻发现自己突然长大了？7-9号信哥随缘翻牌各位小阔爱送上零食大礼包，10号12：00此条评论区转发量前五名幸运鹅将获得90后专属精美手账套装！详情戳下图↓↓↓\",\"count\":164,\"br\":0}}","search_enable":"bfalse","user1645221270config":"s{\"weibo.tool.load_weibo_by_group.group\":{},\"weibo.tool.load_weibo_by_group\":false,\"weibo.tool.load_weibo_by_multi_group.count\":50,\"weibo.tool.load_weibo_by_multi_group.enabled\":false,\"weibo.tool.load_weibo_by_multi_group.clear\":\"clear\",\"weibo.tool.load_weibo_by_multi_group.whisper\":false,\"weibo.tool.load_weibo_by_multi_group\":[],\"weibo.tool.use_fast_creator\":true,\"weibo.tool.refilter\":true,\"weibo.tool.fast_block_button\":false,\"weibo.tool.block_hidden\":false,\"weibo.tool.disable_lazyload\":true,\"weibo.other.group_account\":true,\"weibo.other.group_same_account\":true,\"weibo.other.auto_load_new_weibo\":false,\"weibo.other.auto_expand.etypes\":false,\"weibo.other.auto_expand.background\":true,\"weibo.other.auto_expand\":false,\"weibo.other.desktop_notification.types\":true,\"weibo.other.desktop_notification.autohide\":true,\"weibo.other.desktop_notification.shorten\":false,\"weibo.other.desktop_notification.shortlen\":50,\"weibo.other.desktop_notification.duration\":3000,\"weibo.other.desktop_notification.durationc\":150,\"weibo.other.desktop_notification.ntypes\":false,\"weibo.other.desktop_notification\":false,\"weibo.filters.keyword.whitelist\":[],\"weibo.filters.keyword.blacklist\":[],\"weibo.filters.keyword.foldlist\":[],\"weibo.filters.regexp.whitelist\":[],\"weibo.filters.regexp.blacklist\":[],\"weibo.filters.regexp.foldlist\":[],\"weibo.content.types_mention\":false,\"weibo.content.types_topic\":false,\"weibo.content.types_stock\":false,\"weibo.content.types_linkt\":false,\"weibo.content.types_linku\":false,\"weibo.content.types_emotion\":false,\"weibo.filters.account.whitelist\":[],\"weibo.filters.account.blacklist\":[],\"weibo.filters.account.foldlist\":[],\"weibo.filters.accountf.blacklist\":[],\"weibo.filters.accountf.foldlist\":[],\"weibo.original.blacklist_d\":true,\"weibo.filters.original.whitelist\":[],\"weibo.filters.original.blacklist\":[],\"weibo.filters.original.foldlist\":[],\"weibo.original.by_follower.enabled\":false,\"weibo.original.by_follower.fans\":10,\"weibo.original.by_follower\":[],\"weibo.filters.mention.whitelist\":[],\"weibo.filters.mention.blacklist\":[],\"weibo.filters.mention.foldlist\":[],\"weibo.filters.topic.whitelist\":[],\"weibo.filters.topic.blacklist\":[],\"weibo.filters.topic.foldlist\":[],\"weibo.filters.rtopic.whitelist\":[],\"weibo.filters.rtopic.blacklist\":[],\"weibo.filters.rtopic.foldlist\":[],\"weibo.filters.source.whitelist\":[],\"weibo.filters.source.blacklist\":[],\"weibo.filters.source.foldlist\":[],\"weibo.filters.hyperlink.whitelist\":[],\"weibo.filters.hyperlink.blacklist\":[],\"weibo.filters.hyperlink.foldlist\":[],\"weibo.filters.linktitle.whitelist\":[],\"weibo.filters.linktitle.blacklist\":[],\"weibo.filters.linktitle.foldlist\":[],\"weibo.other.my_weibo\":false,\"weibo.other.my_original\":false,\"weibo.other.mention_me\":false,\"weibo.other.ad_feed\":true,\"weibo.other.fans_top\":true,\"weibo.other.product_card\":true,\"weibo.other.tb_tm_wb\":true,\"weibo.other.weibo_pay_gift\":true,\"weibo.other.user_like\":false,\"weibo.other.fake_weibo\":false,\"weibo.other.deleted_forward\":false,\"weibo.other.comment_and_reply\":false,\"weibo.other.vote_weibo\":false,\"weibo.other.red2014\":false,\"weibo.other.jinli_forward\":false,\"weibo.other.appitem\":false,\"weibo.other.wenda\":false,\"weibo.other.wenwodr\":false,\"weibo.other.yizhibo.type\":\"all\",\"weibo.other.yizhibo\":true,\"weibo.other.stock\":false,\"weibo.other.paid\":false,\"weibo.other.multi_topic.num\":5,\"weibo.other.multi_topic\":false,\"weibo.other.too_long\":false,\"weibo.other.wei_huati\":false,\"weibo.other.wei_qun\":false,\"weibo.other.wei_fangtan\":false,\"weibo.other.wei_gongyi\":false,\"weibo.other.unauth_source\":false,\"weibo.other.same_account.number\":5,\"weibo.other.same_account.action\":\"fold\",\"weibo.other.same_account\":false,\"weibo.other.same_forward.number\":3,\"weibo.other.same_forward.action\":\"fold\",\"weibo.other.same_forward\":false,\"weibo.filters.ckeyword.whitelist\":[],\"weibo.filters.ckeyword.blacklist\":[],\"weibo.filters.cregexp.whitelist\":[],\"weibo.filters.cregexp.blacklist\":[],\"weibo.filters.cuser.whitelist\":[],\"weibo.filters.cuser.blacklist\":[],\"weibo.filters.ctopic.whitelist\":[],\"weibo.filters.ctopic.blacklist\":[],\"weibo.comment.my_comment\":true,\"weibo.comment.emoji_count.number\":8,\"weibo.comment.emoji_count\":false,\"weibo.comment.emoji_types.number\":4,\"weibo.comment.emoji_types\":false,\"weibo.comment.no_content\":true,\"weibo.comment.with_forward\":false,\"weibo.comment.with_picture.act\":\"fold\",\"weibo.comment.with_picture\":true,\"weibo.comment.delete_comment\":false,\"weibo.layoutHideIconLevel\":false,\"weibo.layoutHideIconMember\":false,\"weibo.layoutHideIconApprove\":false,\"weibo.layoutHideIconApproveCo\":false,\"weibo.layoutHideIconApproveDead\":false,\"weibo.layoutHideIconClub\":false,\"weibo.layoutHideIconVGirl\":false,\"weibo.layoutHideIconSupervisor\":false,\"weibo.layoutHideIconTaobao\":false,\"weibo.layoutHideIconCheng\":false,\"weibo.layoutHideIconGongyi\":false,\"weibo.layoutHideIconZongyika\":false,\"weibo.layoutHideIconOther\":false,\"weibo.layoutHideFollowSingle\":false,\"weibo.layoutHideFollowAtMe\":false,\"weibo.layoutHideFollowDiscover\":false,\"weibo.layoutHideFollowWhisper\":false,\"weibo.layoutHideFollowVideo\":false,\"weibo.layoutHideFollowRecommend\":false,\"weibo.layoutHideNavLogoImg\":false,\"weibo.layoutHideNavMain\":false,\"weibo.layoutHideNavTV\":false,\"weibo.layoutHideNavHot\":false,\"weibo.layoutHideNavGame\":false,\"weibo.layoutHideNavHotSearch\":true,\"weibo.layoutHideNavNoticeNew\":false,\"weibo.layoutHideNavNew\":false,\"weibo.layoutHideNavHotTip\":false,\"weibo.layoutHideLeftHome\":false,\"weibo.layoutHideLeftFav\":false,\"weibo.layoutHideLeftLike\":false,\"weibo.layoutHideLeftHot\":false,\"weibo.layoutHideLeftTV\":false,\"weibo.layoutHideLeftFriends\":false,\"weibo.layoutHideLeftGroupToMe\":true,\"weibo.layoutHideLeftSpecial\":false,\"weibo.layoutHideLeftWhisper\":true,\"weibo.layoutHideLeftVPlus\":false,\"weibo.layoutHideLeftNew\":false,\"weibo.layoutHideLeftNews\":false,\"weibo.layoutHideLeftCount\":false,\"weibo.layoutHideMiddleRecommendedTopic\":true,\"weibo.layoutHideMiddleFeedRecommand\":false,\"weibo.layoutHideMiddleMemberTip\":true,\"weibo.layoutHideRightInfo\":true,\"weibo.layoutHideRightRecomMusicRank\":true,\"weibo.layoutHideRightHotTopic\":true,\"weibo.layoutHideRightHotTopicExpand\":true,\"weibo.layoutHideRightInterest\":true,\"weibo.layoutHideRightMember\":true,\"weibo.layoutHideRightGroups\":false,\"weibo.layoutHideRightRecomGroupUser\":true,\"weibo.layoutHideRightHongbaoRank\":true,\"weibo.layoutHideRightMovie\":true,\"weibo.layoutHideRightAttFeed\":true,\"weibo.layoutHideRightTaobaoMovie\":true,\"weibo.layoutHideRightNotice\":true,\"weibo.layoutHideWeiboRecomFeed\":false,\"weibo.layoutHideWeiboFeedOuterTip\":true,\"weibo.layoutHideWeiboFeedTip\":true,\"weibo.layoutHideWeiboGroupTip\":false,\"weibo.layoutHideWeiboVIPBackground\":true,\"weibo.layoutHideWeiboLastPic\":true,\"weibo.layoutHideWeiboPicTag\":false,\"weibo.layoutHideWeiboSonTitle\":false,\"weibo.layoutHideWeiboCard\":false,\"weibo.layoutHideWeiboArticalPay\":false,\"weibo.layoutHideWeiboTag\":false,\"weibo.layoutHideWeiboMovieTag\":false,\"weibo.layoutHideWeiboSource\":false,\"weibo.layoutHideWeiboPop\":false,\"weibo.layoutHideWeiboLike\":false,\"weibo.layoutHideWeiboLikeComment\":false,\"weibo.layoutHideWeiboLikePopup\":true,\"weibo.layoutHideWeiboForward\":false,\"weibo.layoutHideWeiboFavourite\":false,\"weibo.layoutHideWeiboPromoteOther\":false,\"weibo.layoutHideWeiboReport\":false,\"weibo.layoutHideWeiboUseCardBackground\":false,\"weibo.layoutHidePersonMoveThings\":false,\"weibo.layoutHidePersonCover\":false,\"weibo.layoutHidePersonBGImg\":true,\"weibo.layoutHidePersonBadgeIcon\":false,\"weibo.layoutHidePersonVerify\":false,\"weibo.layoutHidePersonEditPersonInfo\":false,\"weibo.layoutHidePersonStats\":false,\"weibo.layoutHidePersonMyData\":false,\"weibo.layoutHidePersonSuggestUser\":false,\"weibo.layoutHidePersonGroup\":false,\"weibo.layoutHidePersonRelation\":false,\"weibo.layoutHidePersonAlbum\":false,\"weibo.layoutHidePersonHotTopic\":false,\"weibo.layoutHidePersonHotWeibo\":false,\"weibo.layoutHidePersonUserList\":false,\"weibo.layoutHidePersonHongbao\":false,\"weibo.layoutHidePersonWenwoDr\":false,\"weibo.layoutHidePersonTimeline\":false,\"weibo.layout.pleft\":[],\"weibo.layoutHideMessagesHelp\":false,\"weibo.layoutHideMessagesFeedback\":false,\"weibo.layoutHideMessagesYoudao\":false,\"weibo.layoutHideOtherAds\":true,\"weibo.layoutHideOtherMusic\":true,\"weibo.layoutHideOtherTemplate\":true,\"weibo.layoutHideOtherHomeTip\":false,\"weibo.layoutHideOtherFooter\":true,\"weibo.layoutHideOtherWbIm\":true,\"weibo.layoutHideOtherIM\":true,\"weibo.layoutHideOtherIMNews\":false,\"weibo.layoutHideOtherTip\":false,\"weibo.layoutHideOtherRelatedWB\":false,\"weibo.layoutHideOtherRelatedVideo\":false,\"weibo.layoutHideOtherRelatedArtical\":false,\"weibo.layoutHideOtherSendWeibo\":false,\"weibo.tool.showAllMsgNav.atme\":true,\"weibo.tool.showAllMsgNav.cmt\":true,\"weibo.tool.showAllMsgNav.like\":false,\"weibo.tool.showAllMsgNav.dm\":false,\"weibo.tool.showAllMsgNav.msgbox\":false,\"weibo.tool.showAllMsgNav.group\":false,\"weibo.tool.showAllMsgNav.dmsub\":false,\"weibo.tool.showAllMsgNav\":false,\"weibo.tool.showAllGroup\":true,\"weibo.tool.mergeColumns.side\":\"right\",\"weibo.tool.mergeColumns\":true,\"weibo.tool.chose_side.side\":\"right\",\"weibo.tool.chose_side\":true,\"weibo.tool.filte_right_topic\":false,\"weibo.tool.filte_right_topic_count.number\":200,\"weibo.tool.filte_right_topic_count\":false,\"weibo.tool.right_user_list\":[],\"weibo.tool.right_user_list_notice._records\":[],\"weibo.tool.right_user_list_notice._last\":{},\"weibo.tool.right_user_list_notice\":false,\"weibo.tool.hide_nav_bar\":true,\"weibo.tool.fixedLeft\":true,\"weibo.tool.fixedRight\":false,\"weibo.tool.fixedNewFeedTip\":false,\"weibo.tool.fixedOthers\":false,\"weibo.tool.auto_unfold_weibo.count\":1020,\"weibo.tool.auto_unfold_weibo.br\":30,\"weibo.tool.auto_unfold_weibo\":true,\"weibo.tool.clear_def_topic\":true,\"weibo.tool.redirectWeibo\":true,\"weibo.tool.cardButton\":false,\"weibo.tool.viewOriginal.open\":\"image\",\"weibo.tool.viewOriginal.direct\":true,\"weibo.tool.viewOriginal.method\":\"default\",\"weibo.tool.viewOriginal.url\":\"default\",\"weibo.tool.viewOriginal\":true,\"weibo.tool.downloadImage.direct\":false,\"weibo.tool.downloadImage\":false,\"weibo.tool.noTagDialog\":true,\"weibo.tool.use_built_in_video_player.volume\":100,\"weibo.tool.use_built_in_video_player.memorize\":false,\"weibo.tool.use_built_in_video_player\":false,\"weibo.tool.pause_animated_image\":true,\"weibo.tool.disable_video_menu\":true,\"weibo.tool.replace_link\":false,\"weibo.tool.replace_image_emoji\":false,\"weibo.other.customize_source\":false,\"weibo.other.fold_child_comment\":true,\"weibo.other.comment_show_all\":false,\"weibo.tool.auto_check_following.frequency\":\"3\",\"weibo.tool.auto_check_following\":false,\"weibo.tool.auto_unfold_ttartical\":true,\"weibo.tool.uncheck_follow_presenter\":true,\"weibo.tool.fast_emoji.top\":[null,null,null,null,null,null,null,null,null,null],\"weibo.tool.fast_emoji.recent\":[null,null,null,null,null,null,null,null,null,null],\"weibo.tool.fast_emoji\":false,\"weibo.tool.disable_desktop_notification\":true,\"weibo.tool.disable_live_photo\":true,\"weibo.tool.disable_video_click_pop\":true,\"weibo.tool.no_pop_but_full_screen\":false,\"weibo.tool.video_no_auto_next\":true,\"weibo.tool.custom_font_family.wf\":\"Times\",\"weibo.tool.custom_font_family.cf\":\"中易宋体\",\"weibo.tool.custom_font_family\":false,\"weibo.tool.weibo_large_font.ratio\":\"120\",\"weibo.tool.weibo_large_font\":true,\"weibo.tool.avatar_shape.shape\":\"square\",\"weibo.tool.avatar_shape\":false,\"weibo.tool.dark_nav_bar\":false,\"weibo.tool.reorder_nav_bar\":false,\"weibo.tool.nav_hide_name.act\":\"hidden\",\"weibo.tool.nav_hide_name\":true,\"weibo.tool.width_weibo.width\":750,\"weibo.tool.width_weibo\":true,\"weibo.tool.weibo_only.width\":600,\"weibo.tool.weibo_only.key\":119,\"weibo.tool.weibo_only.switch\":false,\"weibo.tool.weibo_only._enabled\":false,\"weibo.tool.weibo_only\":false,\"weibo.tool.set_skin.skin\":\"skin050\",\"weibo.tool.set_skin\":true,\"weibo.tool.unwrapText\":false,\"weibo.tool.unwrapContent.text\":\"⏎\",\"weibo.tool.unwrapContent\":false,\"weibo.tool.image_size.repost\":false,\"weibo.tool.image_size\":false,\"weibo.tool.no_weibo_space\":false,\"weibo.tool.from_in_bottom\":false,\"weibo.tool.user_page_no_author.who\":\"all\",\"weibo.tool.user_page_no_author\":false,\"weibo.tool.hover_show_fold\":false,\"weibo.tool.fold_text.text\":\"author-reason\",\"weibo.tool.fold_text\":false,\"weibo.layout.reorder.1\":\"pop\",\"weibo.layout.reorder.2\":\"favorite\",\"weibo.layout.reorder.3\":\"forward\",\"weibo.layout.reorder.4\":\"comment\",\"weibo.layout.reorder.5\":\"like\",\"weibo.layout.reorder\":true,\"weibo.layout.cmtorder.1\":\"report\",\"weibo.layout.cmtorder.2\":\"delete\",\"weibo.layout.cmtorder.3\":\"conversition\",\"weibo.layout.cmtorder.4\":\"reply\",\"weibo.layout.cmtorder.5\":\"like\",\"weibo.layout.cmtorder\":true,\"weibo.tool.whitelist_highlight.color\":\"#dafee4\",\"weibo.tool.whitelist_highlight.transparency\":0,\"weibo.tool.whitelist_highlight\":false,\"weibo.tool.color_override.color1\":\"#f6f6f6\",\"weibo.tool.color_override.transparency1\":30,\"weibo.tool.color_override.color2\":\"#ffffff\",\"weibo.tool.color_override.transparency2\":30,\"weibo.tool.color_override.color3\":\"#ffffff\",\"weibo.tool.color_override.transparency3\":30,\"weibo.tool.color_override\":false,\"weibo.tool.userstyle\":\"\",\"weibo._yawf_version\":504,\"script.other.auto_complete\":true,\"weibo.tool.message_current_page\":false,\"weibo.tool.load_weibo_by_newest\":false,\"weibo.layoutHideLeftNewFeed\":false,\"weibo.layoutHideIconBigFun\":false,\"weibo.tool.highlight_low_reading.count\":100,\"weibo.tool.highlight_low_reading\":false}","whatsnew":"btrue"},"ts":1578396390349}