{"options":{"check_for_updates":true,"comment":null,"compatopts_for_requires":true,"compat_wrappedjsobject":false,"compat_metadata":false,"compat_foreach":false,"compat_arrayleft":false,"compat_uW_gmonkey":false,"compat_forvarin":false,"noframes":null,"awareOfChrome":false,"run_at":null,"override":{"use_includes":[],"orig_includes":[],"merge_includes":true,"use_matches":[],"orig_matches":["https://www.youtube.com/watch*"],"merge_matches":true,"use_excludes":[],"orig_excludes":[],"merge_excludes":true,"use_connects":[],"merge_connects":true,"use_blockers":[],"orig_run_at":"document-idle","orig_noframes":null,"orig_connects":[]}},"settings":{"enabled":false,"position":32},"meta":{"name":"youtube双语字幕","uuid":"991acc1e-7cd7-428a-b7e3-2041287abe5f","modified":1578395048643,"file_url":"https://greasyfork.org/scripts/382022-youtube%E5%8F%8C%E8%AF%AD%E5%AD%97%E5%B9%95/code/youtube%E5%8F%8C%E8%AF%AD%E5%AD%97%E5%B9%95.user.js"}}