{"options":{"check_for_updates":true,"comment":null,"compatopts_for_requires":true,"compat_wrappedjsobject":false,"compat_metadata":false,"compat_foreach":false,"compat_arrayleft":false,"compat_uW_gmonkey":false,"compat_forvarin":false,"noframes":null,"awareOfChrome":false,"run_at":null,"override":{"use_includes":[],"orig_includes":[],"merge_includes":true,"use_matches":[],"orig_matches":["https://www.youtube.com/watch?v=*"],"merge_matches":true,"use_excludes":[],"orig_excludes":[],"merge_excludes":true,"use_connects":[],"merge_connects":true,"use_blockers":[],"orig_run_at":"document-idle","orig_noframes":null,"orig_connects":[]}},"settings":{"enabled":false,"position":33},"meta":{"name":"油管视频旋转","uuid":"b19fc049-5f24-4c9a-9aa9-90f116344773","modified":1578395055558,"file_url":"https://greasyfork.org/scripts/375568-%E6%B2%B9%E7%AE%A1%E8%A7%86%E9%A2%91%E6%97%8B%E8%BD%AC/code/%E6%B2%B9%E7%AE%A1%E8%A7%86%E9%A2%91%E6%97%8B%E8%BD%AC.user.js"}}