{"options":{"awareOfChrome":false,"check_for_updates":true,"comment":null,"compat_arrayleft":false,"compat_foreach":false,"compat_forvarin":false,"compat_metadata":false,"compat_uW_gmonkey":false,"compat_wrappedjsobject":false,"compatopts_for_requires":true,"noframes":null,"override":{"merge_connects":true,"merge_excludes":true,"merge_includes":true,"merge_matches":true,"orig_excludes":[],"orig_includes":[],"orig_matches":["*://www.zhihu.com/*","*://www.zhihu.com/question/*","*://zhuanlan.zhihu.com/p/*","*://www.zhihu.com/search*"],"orig_noframes":null,"orig_run_at":"document-idle","use_blockers":[],"use_connects":[],"use_excludes":[],"use_includes":[],"use_matches":[]},"run_at":null},"settings":{"enabled":true,"position":8},"meta":{"name":"知乎上的回答/专栏的编辑时间放在第一行","uuid":"60bde892-c825-4619-80e4-c2aaa18dcc49","modified":1574559909999,"file_url":"https://greasyfork.org/scripts/378110-%E7%9F%A5%E4%B9%8E%E4%B8%8A%E7%9A%84%E5%9B%9E%E7%AD%94-%E4%B8%93%E6%A0%8F%E7%9A%84%E7%BC%96%E8%BE%91%E6%97%B6%E9%97%B4%E6%94%BE%E5%9C%A8%E7%AC%AC%E4%B8%80%E8%A1%8C/code/%E7%9F%A5%E4%B9%8E%E4%B8%8A%E7%9A%84%E5%9B%9E%E7%AD%94%E4%B8%93%E6%A0%8F%E7%9A%84%E7%BC%96%E8%BE%91%E6%97%B6%E9%97%B4%E6%94%BE%E5%9C%A8%E7%AC%AC%E4%B8%80%E8%A1%8C.user.js"}}