{"options":{"awareOfChrome":false,"check_for_updates":true,"comment":null,"compat_arrayleft":false,"compat_foreach":false,"compat_forvarin":false,"compat_metadata":false,"compat_uW_gmonkey":false,"compat_wrappedjsobject":false,"compatopts_for_requires":true,"noframes":null,"override":{"merge_connects":true,"merge_excludes":true,"merge_includes":true,"merge_matches":true,"orig_excludes":[],"orig_includes":[],"orig_matches":["*://v.qq.com/x/*"],"orig_noframes":null,"orig_run_at":"document-idle","use_blockers":[],"use_connects":[],"use_excludes":[],"use_includes":[],"use_matches":[]},"run_at":null},"settings":{"enabled":false,"position":30},"meta":{"name":"腾讯视频去掉logo","uuid":"0501ef65-c063-4ca2-8188-b16516d4e901","modified":1577793467718,"file_url":"https://greasyfork.org/scripts/394036-%E8%85%BE%E8%AE%AF%E8%A7%86%E9%A2%91%E5%8E%BB%E6%8E%89logo/code/%E8%85%BE%E8%AE%AF%E8%A7%86%E9%A2%91%E5%8E%BB%E6%8E%89logo.user.js"}}