{"options":{"awareOfChrome":false,"check_for_updates":true,"comment":null,"compat_arrayleft":false,"compat_foreach":false,"compat_forvarin":false,"compat_metadata":false,"compat_uW_gmonkey":false,"compat_wrappedjsobject":false,"compatopts_for_requires":true,"noframes":null,"override":{"merge_connects":true,"merge_excludes":true,"merge_includes":true,"merge_matches":true,"orig_excludes":[],"orig_includes":[],"orig_matches":["https://www.google.com/search*"],"orig_noframes":null,"orig_run_at":"document-start","use_blockers":[],"use_connects":[],"use_excludes":[],"use_includes":[],"use_matches":[]},"run_at":null},"settings":{"enabled":false,"position":27},"meta":{"name":"谷歌搜索结果居中","uuid":"d87c6836-e7cb-49c4-8457-74c6c2552ed4","modified":1576140604755,"file_url":"https://greasyfork.org/scripts/378203-%E8%B0%B7%E6%AD%8C%E6%90%9C%E7%B4%A2%E7%BB%93%E6%9E%9C%E5%B1%85%E4%B8%AD/code/%E8%B0%B7%E6%AD%8C%E6%90%9C%E7%B4%A2%E7%BB%93%E6%9E%9C%E5%B1%85%E4%B8%AD.user.js"}}