{"options":{"awareOfChrome":false,"check_for_updates":true,"comment":null,"compat_arrayleft":false,"compat_foreach":false,"compat_forvarin":false,"compat_metadata":false,"compat_uW_gmonkey":false,"compat_wrappedjsobject":false,"compatopts_for_requires":true,"noframes":null,"override":{"merge_connects":true,"merge_excludes":true,"merge_includes":true,"merge_matches":true,"orig_excludes":[],"orig_includes":[],"orig_matches":["https://*.douban.com/*"],"orig_noframes":null,"orig_run_at":"document-idle","use_blockers":[],"use_connects":[],"use_excludes":[],"use_includes":[],"use_matches":[]},"run_at":null},"settings":{"enabled":false,"position":29},"meta":{"name":"豆瓣高清图-douban high resolution image","uuid":"f33c45a0-ad4a-4342-8365-3095c166b1de","modified":1576730225908,"file_url":"https://greasyfork.org/scripts/369448-%E8%B1%86%E7%93%A3%E9%AB%98%E6%B8%85%E5%9B%BE-douban-high-resolution-image/code/%E8%B1%86%E7%93%A3%E9%AB%98%E6%B8%85%E5%9B%BE-douban%20high%20resolution%20image.user.js"}}